party,party_slug,city,city_slug,bolge,rank,name,seats
AB,ab,Adana,adana,Adana,1,Adem Boğa,15
AB,ab,Adana,adana,Adana,2,Fisun Bozdoğan,15
AB,ab,Adana,adana,Adana,3,Harun Aksoy,15
AB,ab,Adana,adana,Adana,4,Sanem Çiğdem Boğa,15
AB,ab,Adana,adana,Adana,5,Mehmet Akyol,15
AB,ab,Adana,adana,Adana,6,Bülent Öztürk,15
AB,ab,Adana,adana,Adana,7,Doğan Can Toprak,15
AB,ab,Adana,adana,Adana,8,Fatma Ay,15
AB,ab,Adana,adana,Adana,9,Fırat Taylan,15
AB,ab,Adana,adana,Adana,10,Tarık Sümertaş,15
AB,ab,Adana,adana,Adana,11,Halil İbrahim Aslan,15
AB,ab,Adana,adana,Adana,12,İsmail İrci,15
AB,ab,Adana,adana,Adana,13,Rıtvan Bostancı,15
AB,ab,Adana,adana,Adana,14,Kenan Kaya,15
AB,ab,Adana,adana,Adana,15,Zeliha Yıldırım,15
AK Parti,akparti,Adana,adana,Adana,1,Ömer Çelik,15
AK Parti,akparti,Adana,adana,Adana,2,Ahmet Zenbilci,15
AK Parti,akparti,Adana,adana,Adana,3,Sunay Karamık,15
AK Parti,akparti,Adana,adana,Adana,4,Abdullah Doğru,15
AK Parti,akparti,Adana,adana,Adana,5,Faruk Aytek,15
AK Parti,akparti,Adana,adana,Adana,6,Mustafa Yıldız,15
AK Parti,akparti,Adana,adana,Adana,7,Hasan Hüseyin Kuşcu,15
AK Parti,akparti,Adana,adana,Adana,8,Erol Kahraman,15
AK Parti,akparti,Adana,adana,Adana,9,Kasım Pamuk,15
AK Parti,akparti,Adana,adana,Adana,10,Fatime Yurduseven,15
AK Parti,akparti,Adana,adana,Adana,11,Dinçer Dinç,15
AK Parti,akparti,Adana,adana,Adana,12,Melike Doğan,15
AK Parti,akparti,Adana,adana,Adana,13,Ramazan Çırak,15
AK Parti,akparti,Adana,adana,Adana,14,Oğuzhan Gürhani,15
AK Parti,akparti,Adana,adana,Adana,15,Mehmet Kurtaran,15
Bağımsız,bagimsiz,Adana,adana,Adana,1,Salim Şengül,15
Bağımsız,bagimsiz,Adana,adana,Adana,2,Ali Göçer,15
Bağımsız,bagimsiz,Adana,adana,Adana,3,Ayhan Öztaşlar,15
Bağımsız,bagimsiz,Adana,adana,Adana,4,Fatih Gür,15
BBP,bbp,Adana,adana,Adana,1,Ahmet Şahin,15
BBP,bbp,Adana,adana,Adana,2,Gürdal Topal,15
BBP,bbp,Adana,adana,Adana,3,Mehmet Şerif Dumrul,15
BBP,bbp,Adana,adana,Adana,4,İrfan Tekdemir,15
BBP,bbp,Adana,adana,Adana,5,Yunus Oğuz,15
BBP,bbp,Adana,adana,Adana,6,Ayşe Gümüş,15
BBP,bbp,Adana,adana,Adana,7,Atike Zühal Cengiz,15
BBP,bbp,Adana,adana,Adana,8,Ali Bulmuş,15
BBP,bbp,Adana,adana,Adana,9,Zekeriya Akduman,15
BBP,bbp,Adana,adana,Adana,10,Fatma Gezer,15
BBP,bbp,Adana,adana,Adana,11,Cumali Lenger,15
BBP,bbp,Adana,adana,Adana,12,İsmail Bekşen,15
BBP,bbp,Adana,adana,Adana,13,Sinan Ünal,15
BBP,bbp,Adana,adana,Adana,14,Hüseyin Karadağlı,15
BBP,bbp,Adana,adana,Adana,15,Mehmet Selim Öztaş,15
CHP,chp,Adana,adana,Adana,1,Orhan Sümer,15
CHP,chp,Adana,adana,Adana,2,Müzeyyen Şevkin,15
CHP,chp,Adana,adana,Adana,3,Burhanettin Bulut,15
CHP,chp,Adana,adana,Adana,4,Sadullah Kısacık,15
CHP,chp,Adana,adana,Adana,5,Ayhan Barut,15
CHP,chp,Adana,adana,Adana,6,Osman Berke Duvan,15
CHP,chp,Adana,adana,Adana,7,Hüseyin Keser,15
CHP,chp,Adana,adana,Adana,8,Erkan Karakaya,15
CHP,chp,Adana,adana,Adana,9,Orhan Toklu,15
CHP,chp,Adana,adana,Adana,10,Kübra Özbiçer Büyükikiz,15
CHP,chp,Adana,adana,Adana,11,Ahmet Korkmaz,15
CHP,chp,Adana,adana,Adana,12,Sercan Polat,15
CHP,chp,Adana,adana,Adana,13,Seyfettin Can,15
CHP,chp,Adana,adana,Adana,14,Ebru Yılmaz,15
CHP,chp,Adana,adana,Adana,15,Elife Müftüoğlu,15
Genç Parti,gencparti,Adana,adana,Adana,1,Ayhan Dağtekin,15
Genç Parti,gencparti,Adana,adana,Adana,2,Başar Erdinç Kılınç,15
Genç Parti,gencparti,Adana,adana,Adana,3,Yusuf Arslan,15
Genç Parti,gencparti,Adana,adana,Adana,4,Sebiha Özdemir,15
Genç Parti,gencparti,Adana,adana,Adana,5,Yıldız Çakay,15
Genç Parti,gencparti,Adana,adana,Adana,6,Nedim Can Çerçel,15
Genç Parti,gencparti,Adana,adana,Adana,7,Şafak Varkal,15
Genç Parti,gencparti,Adana,adana,Adana,8,Kağan Koyuncu,15
Genç Parti,gencparti,Adana,adana,Adana,9,Alev Esenköylü,15
Genç Parti,gencparti,Adana,adana,Adana,10,Kemal Gül,15
Genç Parti,gencparti,Adana,adana,Adana,11,Mehmet Yıldırım,15
Genç Parti,gencparti,Adana,adana,Adana,12,Sevgi Arslan,15
Genç Parti,gencparti,Adana,adana,Adana,13,Mertcan Arslan,15
Genç Parti,gencparti,Adana,adana,Adana,14,Fatma Arslan,15
Genç Parti,gencparti,Adana,adana,Adana,15,Esra Altunbaş,15
HAK-PAR,hakpar,Adana,adana,Adana,1,Süleyman Kart,15
HAK-PAR,hakpar,Adana,adana,Adana,2,Bedri Böyük,15
HAK-PAR,hakpar,Adana,adana,Adana,3,Resul Saydam,15
HAK-PAR,hakpar,Adana,adana,Adana,4,Meltem San,15
HAK-PAR,hakpar,Adana,adana,Adana,5,Cemre Bukan,15
HAK-PAR,hakpar,Adana,adana,Adana,6,Veddat Mavlay,15
HAK-PAR,hakpar,Adana,adana,Adana,7,Ferman Hoşgül,15
HAK-PAR,hakpar,Adana,adana,Adana,8,Deniz Koç,15
HAK-PAR,hakpar,Adana,adana,Adana,9,Peyruze İpek Gültekin,15
HAK-PAR,hakpar,Adana,adana,Adana,10,Ethem Bozdemir,15
HAK-PAR,hakpar,Adana,adana,Adana,11,Dersim Deniz Cevheroğlu,15
HAK-PAR,hakpar,Adana,adana,Adana,12,Ramazan Sarı,15
HAK-PAR,hakpar,Adana,adana,Adana,13,Bahar Sezer,15
HAK-PAR,hakpar,Adana,adana,Adana,14,İlyas Kahraman,15
HAK-PAR,hakpar,Adana,adana,Adana,15,Medeni Temizer,15
HKP,hkp,Adana,adana,Adana,1,Ayşe Küçükosmanoğlu,15
HKP,hkp,Adana,adana,Adana,2,Osman Akmeşe,15
HKP,hkp,Adana,adana,Adana,3,Nazan Yabacı,15
HKP,hkp,Adana,adana,Adana,4,İhsani Toprak,15
HKP,hkp,Adana,adana,Adana,5,Duran Koç,15
HKP,hkp,Adana,adana,Adana,6,Fatih Kılıç,15
HKP,hkp,Adana,adana,Adana,7,Canan Demircan,15
HKP,hkp,Adana,adana,Adana,8,Ceyhun Can Buğur,15
HKP,hkp,Adana,adana,Adana,9,Mehmet Ateş,15
HKP,hkp,Adana,adana,Adana,10,Fatma Dalgıç,15
HKP,hkp,Adana,adana,Adana,11,Mehmet Tahir Uncu,15
HKP,hkp,Adana,adana,Adana,12,Emre Çalpan,15
HKP,hkp,Adana,adana,Adana,13,Uğur Tokmak,15
HKP,hkp,Adana,adana,Adana,14,Aslı Özkardeşler,15
HKP,hkp,Adana,adana,Adana,15,Büşra Erdal,15
İyi Parti,iyiparti,Adana,adana,Adana,1,Ayyüce Türkeş Taş,15
İyi Parti,iyiparti,Adana,adana,Adana,2,Bilal Bilici,15
İyi Parti,iyiparti,Adana,adana,Adana,3,Göktürk Boyvadaoğlu,15
İyi Parti,iyiparti,Adana,adana,Adana,4,Mehmet Sertaç Durak,15
İyi Parti,iyiparti,Adana,adana,Adana,5,Şule Gök Tüdeş,15
İyi Parti,iyiparti,Adana,adana,Adana,6,Remzi Oğuz Yılmaz,15
İyi Parti,iyiparti,Adana,adana,Adana,7,Burak Yiğenoğlu,15
İyi Parti,iyiparti,Adana,adana,Adana,8,İsa Ayanoğlu,15
İyi Parti,iyiparti,Adana,adana,Adana,9,Bahadır Ceyhanlı,15
İyi Parti,iyiparti,Adana,adana,Adana,10,Erdinç Antepüzümü,15
İyi Parti,iyiparti,Adana,adana,Adana,11,Nihal Ağca,15
İyi Parti,iyiparti,Adana,adana,Adana,12,Erkan Can,15
İyi Parti,iyiparti,Adana,adana,Adana,13,Ercan Atalay,15
İyi Parti,iyiparti,Adana,adana,Adana,14,Sinem Uludamar,15
İyi Parti,iyiparti,Adana,adana,Adana,15,Hülya Akköz,15
Memleket,memleket,Adana,adana,Adana,1,Tarkan Kulak,15
Memleket,memleket,Adana,adana,Adana,2,Ethem Eke,15
Memleket,memleket,Adana,adana,Adana,3,Celal Güven,15
Memleket,memleket,Adana,adana,Adana,4,Beste Tuncel,15
Memleket,memleket,Adana,adana,Adana,5,Murat Aravi,15
Memleket,memleket,Adana,adana,Adana,6,Gökhan Kunt,15
Memleket,memleket,Adana,adana,Adana,7,Nilgün Topal,15
Memleket,memleket,Adana,adana,Adana,8,Emine Genç,15
Memleket,memleket,Adana,adana,Adana,9,Dilek Tepe,15
Memleket,memleket,Adana,adana,Adana,10,Meltem Şimşek,15
Memleket,memleket,Adana,adana,Adana,11,Habib Koçak,15
Memleket,memleket,Adana,adana,Adana,12,Abdulsamet Yıldırım,15
Memleket,memleket,Adana,adana,Adana,13,Yılmaz Karahan,15
Memleket,memleket,Adana,adana,Adana,14,Feyzi Vuralgil,15
Memleket,memleket,Adana,adana,Adana,15,Emir Adıgüzel,15
MHP,mhp,Adana,adana,Adana,1,Muharrem Varlı,15
MHP,mhp,Adana,adana,Adana,2,Ayşe Sibel Ersoy,15
MHP,mhp,Adana,adana,Adana,3,Mustafa İzgioğlu,15
MHP,mhp,Adana,adana,Adana,4,Firdevs Cingözler,15
MHP,mhp,Adana,adana,Adana,5,Alev Ataş,15
MHP,mhp,Adana,adana,Adana,6,Uğur Öztürk,15
MHP,mhp,Adana,adana,Adana,7,Bünyamin Avcı,15
MHP,mhp,Adana,adana,Adana,8,Yusuf Baş,15
MHP,mhp,Adana,adana,Adana,9,Adem Gündoğan,15
MHP,mhp,Adana,adana,Adana,10,Ahmet Reha Yereşen,15
MHP,mhp,Adana,adana,Adana,11,Zekeriya Siverekli,15
MHP,mhp,Adana,adana,Adana,12,Hakan Uykız,15
MHP,mhp,Adana,adana,Adana,13,Atilla Duygun,15
MHP,mhp,Adana,adana,Adana,14,Mahmut Tülek,15
MHP,mhp,Adana,adana,Adana,15,Tufan Bilen,15
MİLLET,millet,Adana,adana,Adana,1,Ali Geçioğlu,15
MİLLET,millet,Adana,adana,Adana,2,İdris Taşpınar,15
MİLLET,millet,Adana,adana,Adana,3,Mehmet Yıldız,15
MİLLET,millet,Adana,adana,Adana,4,Kazım Şen,15
MİLLET,millet,Adana,adana,Adana,5,Fahrettin Kapçı,15
MİLLET,millet,Adana,adana,Adana,6,Mehmet Sapmaz,15
MİLLET,millet,Adana,adana,Adana,7,Menderes Yakup Şen,15
MİLLET,millet,Adana,adana,Adana,8,Hasan Demircioğlu,15
MİLLET,millet,Adana,adana,Adana,9,Nevzat Metin,15
MİLLET,millet,Adana,adana,Adana,10,Adil Işık,15
MİLLET,millet,Adana,adana,Adana,11,Abdurrahman Önel,15
MİLLET,millet,Adana,adana,Adana,12,Hakkı Öğüt,15
MİLLET,millet,Adana,adana,Adana,13,Bekir Örün,15
MİLLET,millet,Adana,adana,Adana,14,Mirialem Çinar,15
MİLLET,millet,Adana,adana,Adana,15,Zeki Yıldız,15
Sol Parti,solparti,Adana,adana,Adana,1,Gizem Gül Kürekçi,15
Sol Parti,solparti,Adana,adana,Adana,2,Eyüp Civelek,15
Sol Parti,solparti,Adana,adana,Adana,3,Özge İpek,15
Sol Parti,solparti,Adana,adana,Adana,4,Hayri Akgün,15
Sol Parti,solparti,Adana,adana,Adana,5,Berfin Tibili,15
Sol Parti,solparti,Adana,adana,Adana,6,Yakup Durmuş,15
Sol Parti,solparti,Adana,adana,Adana,7,Ali Deniz Erdem,15
Sol Parti,solparti,Adana,adana,Adana,8,Gamze Nur Yürek,15
Sol Parti,solparti,Adana,adana,Adana,9,Fatma Demirci,15
Sol Parti,solparti,Adana,adana,Adana,10,Mehmet Alpaslan,15
Sol Parti,solparti,Adana,adana,Adana,11,Ulaş Recep Durbaş,15
Sol Parti,solparti,Adana,adana,Adana,12,Özkan Kayar,15
Sol Parti,solparti,Adana,adana,Adana,13,Gözde Yula,15
Sol Parti,solparti,Adana,adana,Adana,14,Osman Deniz Kayar,15
Sol Parti,solparti,Adana,adana,Adana,15,Kandemir Kürekçi,15
TİP,tip,Adana,adana,Adana,1,Duygu Yılmaz,15
TİP,tip,Adana,adana,Adana,2,Seda Aşkın,15
TİP,tip,Adana,adana,Adana,3,Ahmet Faruk Ulaş,15
TİP,tip,Adana,adana,Adana,4,Mesut Koyun,15
TİP,tip,Adana,adana,Adana,5,Utku Alemdaroğlu,15
TİP,tip,Adana,adana,Adana,6,Dila Akar,15
TİP,tip,Adana,adana,Adana,7,Meryem Mazman Kartal,15
TİP,tip,Adana,adana,Adana,8,Onur Can Gürbüz,15
TİP,tip,Adana,adana,Adana,9,Eda Bahar Kocabeyler,15
TİP,tip,Adana,adana,Adana,10,Hüseyin Evgin,15
TİP,tip,Adana,adana,Adana,11,Oğuzcan Kılıç,15
TİP,tip,Adana,adana,Adana,12,Mehmet Selim Akman,15
TİP,tip,Adana,adana,Adana,13,Mustafa Çelik,15
TİP,tip,Adana,adana,Adana,14,Semih Akkırcık,15
TİP,tip,Adana,adana,Adana,15,Eren Ararat,15
TKH,tkh,Adana,adana,Adana,1,Irmak Ildır,15
TKH,tkh,Adana,adana,Adana,2,Mahir Mertcan Kızılırmak,15
TKH,tkh,Adana,adana,Adana,3,İbrahim Talha Türkan,15
TKH,tkh,Adana,adana,Adana,4,Yusuf Erdem,15
TKH,tkh,Adana,adana,Adana,5,Hilal Mut,15
TKH,tkh,Adana,adana,Adana,6,Heybet Kanat,15
TKH,tkh,Adana,adana,Adana,7,Seyit Güney Özdamar,15
TKH,tkh,Adana,adana,Adana,8,Uğur Şabudak,15
TKH,tkh,Adana,adana,Adana,9,Uluç Çağrı Yeltekin,15
TKH,tkh,Adana,adana,Adana,10,Şerefnur Etker,15
TKH,tkh,Adana,adana,Adana,11,Huri Melek Kırhan,15
TKH,tkh,Adana,adana,Adana,12,Bahar Bulut,15
TKH,tkh,Adana,adana,Adana,13,Meriç Ünver,15
TKH,tkh,Adana,adana,Adana,14,Siraç Cancan,15
TKH,tkh,Adana,adana,Adana,15,Murat Doğan,15
TKP,tkp,Adana,adana,Adana,1,Umut Serçe,15
TKP,tkp,Adana,adana,Adana,2,Seçil Özkara,15
TKP,tkp,Adana,adana,Adana,3,Serhan Sadi Kocaman,15
TKP,tkp,Adana,adana,Adana,4,Şevval Soylu,15
TKP,tkp,Adana,adana,Adana,5,Mert Serçe,15
TKP,tkp,Adana,adana,Adana,6,Özgün Dincel,15
TKP,tkp,Adana,adana,Adana,7,Hüseyin Alpan,15
TKP,tkp,Adana,adana,Adana,8,Kubilay Altuntaş,15
TKP,tkp,Adana,adana,Adana,9,Cihat Duluklu,15
TKP,tkp,Adana,adana,Adana,10,Eren Yarat,15
TKP,tkp,Adana,adana,Adana,11,Gürsel Bayram,15
TKP,tkp,Adana,adana,Adana,12,Mehmet Can Ataş,15
TKP,tkp,Adana,adana,Adana,13,Murat Sarıkcı,15
TKP,tkp,Adana,adana,Adana,14,Yusuf Akman,15
TKP,tkp,Adana,adana,Adana,15,Halil Bakır,15
Vatan,vatanpartisi,Adana,adana,Adana,1,Ahmet Suseven,15
Vatan,vatanpartisi,Adana,adana,Adana,2,Hatice Nesrin Kılıçay,15
Vatan,vatanpartisi,Adana,adana,Adana,3,Banu Karahan,15
Vatan,vatanpartisi,Adana,adana,Adana,4,Rıza Beke,15
Vatan,vatanpartisi,Adana,adana,Adana,5,Selver Kaplan,15
Vatan,vatanpartisi,Adana,adana,Adana,6,Vahide Budak Uğur,15
Vatan,vatanpartisi,Adana,adana,Adana,7,Mustafa Koz,15
Vatan,vatanpartisi,Adana,adana,Adana,8,Niyazi Koç,15
Vatan,vatanpartisi,Adana,adana,Adana,9,Abdurrahim Köylü,15
Vatan,vatanpartisi,Adana,adana,Adana,10,Aynızar Yurttaş,15
Vatan,vatanpartisi,Adana,adana,Adana,11,Ahmet Nihat Ata,15
Vatan,vatanpartisi,Adana,adana,Adana,12,Süleyman Çelik,15
Vatan,vatanpartisi,Adana,adana,Adana,13,Mustafa Işık,15
Vatan,vatanpartisi,Adana,adana,Adana,14,Furkan Olga,15
Vatan,vatanpartisi,Adana,adana,Adana,15,Erkan Dikmen,15
Y.Refah,yenidenrefah,Adana,adana,Adana,1,Selahattin Baysal,15
Y.Refah,yenidenrefah,Adana,adana,Adana,2,Erdem Gümüş,15
Y.Refah,yenidenrefah,Adana,adana,Adana,3,Serdal Sündük,15
Y.Refah,yenidenrefah,Adana,adana,Adana,4,Abdullah Abacı,15
Y.Refah,yenidenrefah,Adana,adana,Adana,5,Mustafa Bozkurt,15
Y.Refah,yenidenrefah,Adana,adana,Adana,6,Volkan Çevik,15
Y.Refah,yenidenrefah,Adana,adana,Adana,7,Ufuk Çıngırlar,15
Y.Refah,yenidenrefah,Adana,adana,Adana,8,Mustafa Yeter,15
Y.Refah,yenidenrefah,Adana,adana,Adana,9,Mustafa Geldi,15
Y.Refah,yenidenrefah,Adana,adana,Adana,10,Yusuf Aktürk,15
Y.Refah,yenidenrefah,Adana,adana,Adana,11,İbrahim Köse,15
Y.Refah,yenidenrefah,Adana,adana,Adana,12,İlhan Tümenci,15
Y.Refah,yenidenrefah,Adana,adana,Adana,13,Salih Pınar,15
Y.Refah,yenidenrefah,Adana,adana,Adana,14,İsmail Erdoğan,15
Y.Refah,yenidenrefah,Adana,adana,Adana,15,Yusuf Ayaz,15
Y.Sol Parti,yesilsolparti,Adana,adana,Adana,1,Tulay Hatımoğulları Oruç,15
Y.Sol Parti,yesilsolparti,Adana,adana,Adana,2,Ferhat Kabaiş,15
Y.Sol Parti,yesilsolparti,Adana,adana,Adana,3,Rojbin Çelik,15
Y.Sol Parti,yesilsolparti,Adana,adana,Adana,4,Mehmet Karakış,15
Y.Sol Parti,yesilsolparti,Adana,adana,Adana,5,Delal Mamuk,15
Y.Sol Parti,yesilsolparti,Adana,adana,Adana,6,Feyruze Gümüş,15
Y.Sol Parti,yesilsolparti,Adana,adana,Adana,7,Şükran Efetürk,15
Y.Sol Parti,yesilsolparti,Adana,adana,Adana,8,Münir Korkmaz,15
Y.Sol Parti,yesilsolparti,Adana,adana,Adana,9,Sevil Aracı,15
Y.Sol Parti,yesilsolparti,Adana,adana,Adana,10,Aziz Uslu,15
Y.Sol Parti,yesilsolparti,Adana,adana,Adana,11,Evrim Ayman,15
Y.Sol Parti,yesilsolparti,Adana,adana,Adana,12,Songül Aydın,15
Y.Sol Parti,yesilsolparti,Adana,adana,Adana,13,Hafize Atlı,15
Y.Sol Parti,yesilsolparti,Adana,adana,Adana,14,Nezir Dorak,15
Y.Sol Parti,yesilsolparti,Adana,adana,Adana,15,Suat Nacar,15
Zafer,zaferpartisi,Adana,adana,Adana,1,Abdurrahman Bilir,15
Zafer,zaferpartisi,Adana,adana,Adana,2,Adem Ocak,15
Zafer,zaferpartisi,Adana,adana,Adana,3,Ömer Faruk Cerit,15
Zafer,zaferpartisi,Adana,adana,Adana,4,Şeref Yorgancı,15
Zafer,zaferpartisi,Adana,adana,Adana,5,İsmail Hakkı Erdoğmuş,15
Zafer,zaferpartisi,Adana,adana,Adana,6,Hakan Kuşcu,15
Zafer,zaferpartisi,Adana,adana,Adana,7,Fatma Yağmur Şahbaz,15
Zafer,zaferpartisi,Adana,adana,Adana,8,Abdullah Çitci,15
Zafer,zaferpartisi,Adana,adana,Adana,9,Ercan Afşar,15
Zafer,zaferpartisi,Adana,adana,Adana,10,Emre Güler,15
Zafer,zaferpartisi,Adana,adana,Adana,11,Abdullah Tanrıkulu,15
Zafer,zaferpartisi,Adana,adana,Adana,12,Yarkın Koçar,15
Zafer,zaferpartisi,Adana,adana,Adana,13,Gökhan Sarıkaya,15
Zafer,zaferpartisi,Adana,adana,Adana,14,Ahmet Güngör,15
Zafer,zaferpartisi,Adana,adana,Adana,15,Talha Nuri Yılmaz,15
AK Parti,akparti,Adıyaman,adiyaman,Adıyaman,1,Resul Kurt,5
AK Parti,akparti,Adıyaman,adiyaman,Adıyaman,2,İshak Şan,5
AK Parti,akparti,Adıyaman,adiyaman,Adıyaman,3,Mustafa Alkayış,5
AK Parti,akparti,Adıyaman,adiyaman,Adıyaman,4,Hüseyin Özhan,5
AK Parti,akparti,Adıyaman,adiyaman,Adıyaman,5,Ziya Polat,5
Bağımsız,bagimsiz,Adıyaman,adiyaman,Adıyaman,1,Selim Çakır,5
Bağımsız,bagimsiz,Adıyaman,adiyaman,Adıyaman,2,Mehmet Vural,5
Bağımsız,bagimsiz,Adıyaman,adiyaman,Adıyaman,3,Abdurrahman Bakır,5
Bağımsız,bagimsiz,Adıyaman,adiyaman,Adıyaman,4,Cuma Ekinci,5
BBP,bbp,Adıyaman,adiyaman,Adıyaman,1,Abuzer Alper Göçer,5
BBP,bbp,Adıyaman,adiyaman,Adıyaman,2,Dilek Çalışır,5
BBP,bbp,Adıyaman,adiyaman,Adıyaman,3,Besiri Atci,5
BBP,bbp,Adıyaman,adiyaman,Adıyaman,4,Kamil Erdoğan,5
BBP,bbp,Adıyaman,adiyaman,Adıyaman,5,İbrahim Halil Aslan,5
CHP,chp,Adıyaman,adiyaman,Adıyaman,1,Abdurrahman Tutdere,5
CHP,chp,Adıyaman,adiyaman,Adıyaman,2,Kenan Doğan,5
CHP,chp,Adıyaman,adiyaman,Adıyaman,3,Adnan Ağır,5
CHP,chp,Adıyaman,adiyaman,Adıyaman,4,Ömer Turan,5
CHP,chp,Adıyaman,adiyaman,Adıyaman,5,Songül Varki Yıldırım,5
GBP,gbp,Adıyaman,adiyaman,Adıyaman,1,Öztan Arslantaş,5
GBP,gbp,Adıyaman,adiyaman,Adıyaman,2,Zübeyde Alagöz,5
GBP,gbp,Adıyaman,adiyaman,Adıyaman,3,Sedat Durgut,5
GBP,gbp,Adıyaman,adiyaman,Adıyaman,4,Osman Demirgüç,5
GBP,gbp,Adıyaman,adiyaman,Adıyaman,5,Gürkan Nacar,5
Genç Parti,gencparti,Adıyaman,adiyaman,Adıyaman,1,Mahmut Orhan Yaşar,5
Genç Parti,gencparti,Adıyaman,adiyaman,Adıyaman,2,Mahmut Koğa,5
Genç Parti,gencparti,Adıyaman,adiyaman,Adıyaman,3,Osman Becerik,5
Genç Parti,gencparti,Adıyaman,adiyaman,Adıyaman,4,Ercan Balta,5
Genç Parti,gencparti,Adıyaman,adiyaman,Adıyaman,5,Önder Aras,5
HAK-PAR,hakpar,Adıyaman,adiyaman,Adıyaman,1,Zeliha Kıran,5
HAK-PAR,hakpar,Adıyaman,adiyaman,Adıyaman,2,Bulut Ertürk,5
HAK-PAR,hakpar,Adıyaman,adiyaman,Adıyaman,3,Kadir Polat,5
HAK-PAR,hakpar,Adıyaman,adiyaman,Adıyaman,4,Tubay Karataş,5
HAK-PAR,hakpar,Adıyaman,adiyaman,Adıyaman,5,Halil Baburoğlu,5
HKP,hkp,Adıyaman,adiyaman,Adıyaman,1,Mehmet Ali Kıran,5
HKP,hkp,Adıyaman,adiyaman,Adıyaman,2,Bengisu Asena Keklik,5
HKP,hkp,Adıyaman,adiyaman,Adıyaman,3,Ercan Yapık,5
HKP,hkp,Adıyaman,adiyaman,Adıyaman,4,Ferhat Şimşek,5
HKP,hkp,Adıyaman,adiyaman,Adıyaman,5,Esma Özkahraman,5
Memleket,memleket,Adıyaman,adiyaman,Adıyaman,1,İz Yücedağ,5
Memleket,memleket,Adıyaman,adiyaman,Adıyaman,2,Abdulmusa Mircan Gürbüz,5
Memleket,memleket,Adıyaman,adiyaman,Adıyaman,3,Mehmet Berkay Abacıalır,5
Memleket,memleket,Adıyaman,adiyaman,Adıyaman,4,Celalettin Samet Gündüz,5
Memleket,memleket,Adıyaman,adiyaman,Adıyaman,5,Perihan Özalp Coşkun,5
MHP,mhp,Adıyaman,adiyaman,Adıyaman,1,İsmail Gümüş,5
MHP,mhp,Adıyaman,adiyaman,Adıyaman,2,Fevzi Öztürk,5
MHP,mhp,Adıyaman,adiyaman,Adıyaman,3,Ahmet Bilgiç,5
MHP,mhp,Adıyaman,adiyaman,Adıyaman,4,Asiye Bulundu,5
MHP,mhp,Adıyaman,adiyaman,Adıyaman,5,Sıraç Aslan,5
MİLLET,millet,Adıyaman,adiyaman,Adıyaman,1,Yüksel Önal,5
MİLLET,millet,Adıyaman,adiyaman,Adıyaman,2,Ahmet Özdemir,5
MİLLET,millet,Adıyaman,adiyaman,Adıyaman,3,Ali Emrullah İncearık,5
MİLLET,millet,Adıyaman,adiyaman,Adıyaman,4,Mehmet Sait Ekici,5
MİLLET,millet,Adıyaman,adiyaman,Adıyaman,5,Yunus Ekinci,5
Sol Parti,solparti,Adıyaman,adiyaman,Adıyaman,1,Yasemin İbiş,5
Sol Parti,solparti,Adıyaman,adiyaman,Adıyaman,2,Zehra Korkmaz,5
Sol Parti,solparti,Adıyaman,adiyaman,Adıyaman,3,Mert Taş,5
Sol Parti,solparti,Adıyaman,adiyaman,Adıyaman,4,Ayhan Tokuri,5
Sol Parti,solparti,Adıyaman,adiyaman,Adıyaman,5,Süleyman Özer,5
TKH,tkh,Adıyaman,adiyaman,Adıyaman,1,Atilla Şenol,5
TKH,tkh,Adıyaman,adiyaman,Adıyaman,2,Ersin Özdemir,5
TKH,tkh,Adıyaman,adiyaman,Adıyaman,3,İsmet Küçükler,5
TKH,tkh,Adıyaman,adiyaman,Adıyaman,4,Mustafa Layık,5
TKH,tkh,Adıyaman,adiyaman,Adıyaman,5,Barış Doğan,5
TKP,tkp,Adıyaman,adiyaman,Adıyaman,1,Ali Yılmaz,5
TKP,tkp,Adıyaman,adiyaman,Adıyaman,2,Ali Üregen,5
TKP,tkp,Adıyaman,adiyaman,Adıyaman,3,Zelal Tokmak,5
TKP,tkp,Adıyaman,adiyaman,Adıyaman,4,Nurhak Şenol,5
TKP,tkp,Adıyaman,adiyaman,Adıyaman,5,Hüseyin Taş,5
Vatan,vatanpartisi,Adıyaman,adiyaman,Adıyaman,1,Mustafa Kabarcık,5
Vatan,vatanpartisi,Adıyaman,adiyaman,Adıyaman,2,Ümit Çalışkan,5
Vatan,vatanpartisi,Adıyaman,adiyaman,Adıyaman,3,Sefa Solmaz Güneş,5
Vatan,vatanpartisi,Adıyaman,adiyaman,Adıyaman,4,Mehmet Sadık Karğili,5
Vatan,vatanpartisi,Adıyaman,adiyaman,Adıyaman,5,Ali Yağrı,5
Y.Refah,yenidenrefah,Adıyaman,adiyaman,Adıyaman,1,Sait Aybak,5
Y.Refah,yenidenrefah,Adıyaman,adiyaman,Adıyaman,2,İsmail Demir,5
Y.Refah,yenidenrefah,Adıyaman,adiyaman,Adıyaman,3,Sadık Yavaş,5
Y.Refah,yenidenrefah,Adıyaman,adiyaman,Adıyaman,4,Fehmi Koyuncu,5
Y.Refah,yenidenrefah,Adıyaman,adiyaman,Adıyaman,5,Bünyamin Memi,5
Y.Sol Parti,yesilsolparti,Adıyaman,adiyaman,Adıyaman,1,Ali Kenanoğlu,5
Y.Sol Parti,yesilsolparti,Adıyaman,adiyaman,Adıyaman,2,İzzet Karadağ,5
Y.Sol Parti,yesilsolparti,Adıyaman,adiyaman,Adıyaman,3,Yüksel Yücedağ,5
Y.Sol Parti,yesilsolparti,Adıyaman,adiyaman,Adıyaman,4,Bülent Çınar,5
Y.Sol Parti,yesilsolparti,Adıyaman,adiyaman,Adıyaman,5,Meryem Ceritli,5
YP,yp,Adıyaman,adiyaman,Adıyaman,1,Şerafettin Çakmak,5
YP,yp,Adıyaman,adiyaman,Adıyaman,2,Tayfun Akın,5
YP,yp,Adıyaman,adiyaman,Adıyaman,3,Mehmet Mustafa Karakuş,5
YP,yp,Adıyaman,adiyaman,Adıyaman,4,Mehmet Kılıvan,5
YP,yp,Adıyaman,adiyaman,Adıyaman,5,Haci Mehmet Polat,5
Zafer,zaferpartisi,Adıyaman,adiyaman,Adıyaman,1,Ayşe Çetinkaya,5
Zafer,zaferpartisi,Adıyaman,adiyaman,Adıyaman,2,Kerem Kaan Avcı,5
Zafer,zaferpartisi,Adıyaman,adiyaman,Adıyaman,3,Ayşegül Aslan,5
Zafer,zaferpartisi,Adıyaman,adiyaman,Adıyaman,4,Derya Bayram,5
Zafer,zaferpartisi,Adıyaman,adiyaman,Adıyaman,5,Esengül Ok,5
AK Parti,akparti,Afyonkarahisar,afyonkarahisar,Afyonkarahisar,1,Ali Özkaya,6
AK Parti,akparti,Afyonkarahisar,afyonkarahisar,Afyonkarahisar,2,İbrahim Yurdunuseven,6
AK Parti,akparti,Afyonkarahisar,afyonkarahisar,Afyonkarahisar,3,Hasan Arslan,6
AK Parti,akparti,Afyonkarahisar,afyonkarahisar,Afyonkarahisar,4,Ferda Ertürk,6
AK Parti,akparti,Afyonkarahisar,afyonkarahisar,Afyonkarahisar,5,Hakkı Öztürk,6
AK Parti,akparti,Afyonkarahisar,afyonkarahisar,Afyonkarahisar,6,Ethem Karahan,6
BBP,bbp,Afyonkarahisar,afyonkarahisar,Afyonkarahisar,1,Cemil Çoker,6
BBP,bbp,Afyonkarahisar,afyonkarahisar,Afyonkarahisar,2,Süleyman Çağlar,6
BBP,bbp,Afyonkarahisar,afyonkarahisar,Afyonkarahisar,3,Veysel Avşar,6
BBP,bbp,Afyonkarahisar,afyonkarahisar,Afyonkarahisar,4,Tamer Kayışoğlu,6
BBP,bbp,Afyonkarahisar,afyonkarahisar,Afyonkarahisar,5,Ahmet Ziya Çotur,6
BBP,bbp,Afyonkarahisar,afyonkarahisar,Afyonkarahisar,6,Veysel Avcı,6
CHP,chp,Afyonkarahisar,afyonkarahisar,Afyonkarahisar,1,Burcu Köksal,6
CHP,chp,Afyonkarahisar,afyonkarahisar,Afyonkarahisar,2,Fatih Aydın,6
CHP,chp,Afyonkarahisar,afyonkarahisar,Afyonkarahisar,3,Abidin Yağcı,6
CHP,chp,Afyonkarahisar,afyonkarahisar,Afyonkarahisar,4,Ali Arıkan,6
CHP,chp,Afyonkarahisar,afyonkarahisar,Afyonkarahisar,5,İbrahim Kadıoğlu,6
CHP,chp,Afyonkarahisar,afyonkarahisar,Afyonkarahisar,6,Anıl Halis Akar,6
GBP,gbp,Afyonkarahisar,afyonkarahisar,Afyonkarahisar,1,Bilal Taşan,6
GBP,gbp,Afyonkarahisar,afyonkarahisar,Afyonkarahisar,2,Zekeriya Demirkapu,6
GBP,gbp,Afyonkarahisar,afyonkarahisar,Afyonkarahisar,3,Buse Yeşim Sürgün,6
GBP,gbp,Afyonkarahisar,afyonkarahisar,Afyonkarahisar,4,Nurettin Cem Gümüş,6
GBP,gbp,Afyonkarahisar,afyonkarahisar,Afyonkarahisar,5,Vahap Levent,6
GBP,gbp,Afyonkarahisar,afyonkarahisar,Afyonkarahisar,6,Osman Kundak,6
HAK-PAR,hakpar,Afyonkarahisar,afyonkarahisar,Afyonkarahisar,1,Çetin Öztopçu,6
HAK-PAR,hakpar,Afyonkarahisar,afyonkarahisar,Afyonkarahisar,2,Batuhan Seymen,6
HAK-PAR,hakpar,Afyonkarahisar,afyonkarahisar,Afyonkarahisar,3,Dilber Demir Taş,6
HAK-PAR,hakpar,Afyonkarahisar,afyonkarahisar,Afyonkarahisar,4,Zerin Eren,6
HAK-PAR,hakpar,Afyonkarahisar,afyonkarahisar,Afyonkarahisar,5,Gamze Özdemir,6
HAK-PAR,hakpar,Afyonkarahisar,afyonkarahisar,Afyonkarahisar,6,Orhan Kurumaz,6
HKP,hkp,Afyonkarahisar,afyonkarahisar,Afyonkarahisar,1,Büşra Nur Arslantürk,6
HKP,hkp,Afyonkarahisar,afyonkarahisar,Afyonkarahisar,2,Hüseyin Kasap,6
HKP,hkp,Afyonkarahisar,afyonkarahisar,Afyonkarahisar,3,Zeynep Dilan Keçeci,6
HKP,hkp,Afyonkarahisar,afyonkarahisar,Afyonkarahisar,4,Yüksel Genç,6
HKP,hkp,Afyonkarahisar,afyonkarahisar,Afyonkarahisar,5,Ulaş Barlas,6
HKP,hkp,Afyonkarahisar,afyonkarahisar,Afyonkarahisar,6,Abdulkadir Görgün,6
İyi Parti,iyiparti,Afyonkarahisar,afyonkarahisar,Afyonkarahisar,1,Hakan Şeref Olgun,6
İyi Parti,iyiparti,Afyonkarahisar,afyonkarahisar,Afyonkarahisar,2,Mustafa Enis Arabacı,6
İyi Parti,iyiparti,Afyonkarahisar,afyonkarahisar,Afyonkarahisar,3,Okşan Ulusoy Efe,6
İyi Parti,iyiparti,Afyonkarahisar,afyonkarahisar,Afyonkarahisar,4,Gönül Ar Güngör,6
İyi Parti,iyiparti,Afyonkarahisar,afyonkarahisar,Afyonkarahisar,5,İbrahim Acar,6
İyi Parti,iyiparti,Afyonkarahisar,afyonkarahisar,Afyonkarahisar,6,Sebahat Demircigediği,6
Memleket,memleket,Afyonkarahisar,afyonkarahisar,Afyonkarahisar,1,Faik Eşme,6
Memleket,memleket,Afyonkarahisar,afyonkarahisar,Afyonkarahisar,2,Hazım Abi,6
Memleket,memleket,Afyonkarahisar,afyonkarahisar,Afyonkarahisar,3,Ata Mert Başkıran,6
Memleket,memleket,Afyonkarahisar,afyonkarahisar,Afyonkarahisar,4,Fatma Bulut,6
Memleket,memleket,Afyonkarahisar,afyonkarahisar,Afyonkarahisar,5,Mehmet Ali Bulut,6
Memleket,memleket,Afyonkarahisar,afyonkarahisar,Afyonkarahisar,6,Orçun Çelik,6
MHP,mhp,Afyonkarahisar,afyonkarahisar,Afyonkarahisar,1,Mehmet Taytak,6
MHP,mhp,Afyonkarahisar,afyonkarahisar,Afyonkarahisar,2,Yücel Genç,6
MHP,mhp,Afyonkarahisar,afyonkarahisar,Afyonkarahisar,3,Mehmet Emre Demiral,6
MHP,mhp,Afyonkarahisar,afyonkarahisar,Afyonkarahisar,4,Mehmet Hakan Çolpan,6
MHP,mhp,Afyonkarahisar,afyonkarahisar,Afyonkarahisar,5,İsmail Aydoğuş,6
MHP,mhp,Afyonkarahisar,afyonkarahisar,Afyonkarahisar,6,Mustafa Güllü,6
MİLLET,millet,Afyonkarahisar,afyonkarahisar,Afyonkarahisar,1,Himmet Kasal,6
MİLLET,millet,Afyonkarahisar,afyonkarahisar,Afyonkarahisar,2,İsmail Gün,6
MİLLET,millet,Afyonkarahisar,afyonkarahisar,Afyonkarahisar,3,Halil Çetinkaya,6
MİLLET,millet,Afyonkarahisar,afyonkarahisar,Afyonkarahisar,4,Ahmet Edibali,6
MİLLET,millet,Afyonkarahisar,afyonkarahisar,Afyonkarahisar,5,Sedat Yıldırım,6
MİLLET,millet,Afyonkarahisar,afyonkarahisar,Afyonkarahisar,6,Ömer Sarıgül,6
Sol Parti,solparti,Afyonkarahisar,afyonkarahisar,Afyonkarahisar,1,Akın Cihan Öztürk,6
Sol Parti,solparti,Afyonkarahisar,afyonkarahisar,Afyonkarahisar,2,Anıl Ataş,6
Sol Parti,solparti,Afyonkarahisar,afyonkarahisar,Afyonkarahisar,3,Aykut Tayyar Altınok,6
Sol Parti,solparti,Afyonkarahisar,afyonkarahisar,Afyonkarahisar,4,Ender Pervane,6
Sol Parti,solparti,Afyonkarahisar,afyonkarahisar,Afyonkarahisar,5,Bahattin Senem,6
Sol Parti,solparti,Afyonkarahisar,afyonkarahisar,Afyonkarahisar,6,Oğuz Mutlu,6
TİP,tip,Afyonkarahisar,afyonkarahisar,Afyonkarahisar,1,Pınar Sislituna,6
TİP,tip,Afyonkarahisar,afyonkarahisar,Afyonkarahisar,2,Lale Pelin Beyazıt,6
TİP,tip,Afyonkarahisar,afyonkarahisar,Afyonkarahisar,3,Arda Duvarcı,6
TİP,tip,Afyonkarahisar,afyonkarahisar,Afyonkarahisar,4,Sevil Altın,6
TİP,tip,Afyonkarahisar,afyonkarahisar,Afyonkarahisar,5,Cafer Öztürk,6
TİP,tip,Afyonkarahisar,afyonkarahisar,Afyonkarahisar,6,İbrahim Orbay,6
TKH,tkh,Afyonkarahisar,afyonkarahisar,Afyonkarahisar,1,Kemal Gürbüz,6
TKH,tkh,Afyonkarahisar,afyonkarahisar,Afyonkarahisar,2,Münevver Özcan,6
TKH,tkh,Afyonkarahisar,afyonkarahisar,Afyonkarahisar,3,Tolga Sakar,6
TKH,tkh,Afyonkarahisar,afyonkarahisar,Afyonkarahisar,4,Fatih Kadir Birsin,6
TKH,tkh,Afyonkarahisar,afyonkarahisar,Afyonkarahisar,5,Selma Doğan,6
TKH,tkh,Afyonkarahisar,afyonkarahisar,Afyonkarahisar,6,Elif Doğan,6
TKP,tkp,Afyonkarahisar,afyonkarahisar,Afyonkarahisar,1,Umut Kılıç,6
TKP,tkp,Afyonkarahisar,afyonkarahisar,Afyonkarahisar,2,Mustafa Bekteş,6
TKP,tkp,Afyonkarahisar,afyonkarahisar,Afyonkarahisar,3,Balı Gölçük,6
TKP,tkp,Afyonkarahisar,afyonkarahisar,Afyonkarahisar,4,Esra Kalmuoğlu,6
TKP,tkp,Afyonkarahisar,afyonkarahisar,Afyonkarahisar,5,Hüseyin Eryüz,6
TKP,tkp,Afyonkarahisar,afyonkarahisar,Afyonkarahisar,6,Rıza Emir,6
Vatan,vatanpartisi,Afyonkarahisar,afyonkarahisar,Afyonkarahisar,1,Hüseyin Karanlık,6
Vatan,vatanpartisi,Afyonkarahisar,afyonkarahisar,Afyonkarahisar,2,Ziya Öztürk,6
Vatan,vatanpartisi,Afyonkarahisar,afyonkarahisar,Afyonkarahisar,3,Bilal Kılıç,6
Vatan,vatanpartisi,Afyonkarahisar,afyonkarahisar,Afyonkarahisar,4,İlyas Altuntaş,6
Vatan,vatanpartisi,Afyonkarahisar,afyonkarahisar,Afyonkarahisar,5,Devrim Uçar,6
Vatan,vatanpartisi,Afyonkarahisar,afyonkarahisar,Afyonkarahisar,6,Alim Tosun,6
Y.Refah,yenidenrefah,Afyonkarahisar,afyonkarahisar,Afyonkarahisar,1,Nevzat Şarlak,6
Y.Refah,yenidenrefah,Afyonkarahisar,afyonkarahisar,Afyonkarahisar,2,Şükrü Sarıdere,6
Y.Refah,yenidenrefah,Afyonkarahisar,afyonkarahisar,Afyonkarahisar,3,Tuncay Yazkan,6
Y.Refah,yenidenrefah,Afyonkarahisar,afyonkarahisar,Afyonkarahisar,4,Lütfiye Polat,6
Y.Refah,yenidenrefah,Afyonkarahisar,afyonkarahisar,Afyonkarahisar,5,Yasin Kocataş,6
Y.Refah,yenidenrefah,Afyonkarahisar,afyonkarahisar,Afyonkarahisar,6,Abdullah Aladaş,6
Y.Sol Parti,yesilsolparti,Afyonkarahisar,afyonkarahisar,Afyonkarahisar,1,Helin Elif Geyik,6
Y.Sol Parti,yesilsolparti,Afyonkarahisar,afyonkarahisar,Afyonkarahisar,2,Çağdaş Sinan Dağ,6
Y.Sol Parti,yesilsolparti,Afyonkarahisar,afyonkarahisar,Afyonkarahisar,3,Tülay Kılınç,6
Y.Sol Parti,yesilsolparti,Afyonkarahisar,afyonkarahisar,Afyonkarahisar,4,Mehmet Çalasın,6
Y.Sol Parti,yesilsolparti,Afyonkarahisar,afyonkarahisar,Afyonkarahisar,5,Ayşenur Dilan Karademir,6
Y.Sol Parti,yesilsolparti,Afyonkarahisar,afyonkarahisar,Afyonkarahisar,6,Batuhan Çıtakbaş,6
YP,yp,Afyonkarahisar,afyonkarahisar,Afyonkarahisar,1,Hamza Yurtpınar,6
YP,yp,Afyonkarahisar,afyonkarahisar,Afyonkarahisar,2,Ali Başer,6
YP,yp,Afyonkarahisar,afyonkarahisar,Afyonkarahisar,3,Yusuf Keser,6
YP,yp,Afyonkarahisar,afyonkarahisar,Afyonkarahisar,4,Ahmet Oğuz,6
YP,yp,Afyonkarahisar,afyonkarahisar,Afyonkarahisar,5,Tilbe Okur,6
YP,yp,Afyonkarahisar,afyonkarahisar,Afyonkarahisar,6,Sadettin Tepe,6
Zafer,zaferpartisi,Afyonkarahisar,afyonkarahisar,Afyonkarahisar,1,Elif Öztürk,6
Zafer,zaferpartisi,Afyonkarahisar,afyonkarahisar,Afyonkarahisar,2,Özer Kavak,6
Zafer,zaferpartisi,Afyonkarahisar,afyonkarahisar,Afyonkarahisar,3,Hasan Kaplan,6
Zafer,zaferpartisi,Afyonkarahisar,afyonkarahisar,Afyonkarahisar,4,İbrahim Samed Sevim,6
Zafer,zaferpartisi,Afyonkarahisar,afyonkarahisar,Afyonkarahisar,5,Emir İner,6
Zafer,zaferpartisi,Afyonkarahisar,afyonkarahisar,Afyonkarahisar,6,Ahmet Cenk Sarıkoç,6
Adalet,ap,Ağrı,agri,Ağrı,1,Sümeyye Aydın,4
Adalet,ap,Ağrı,agri,Ağrı,2,Abdulmecit Akın,4
Adalet,ap,Ağrı,agri,Ağrı,3,Tayyip Deniz,4
Adalet,ap,Ağrı,agri,Ağrı,4,Sedat Altan,4
AK Parti,akparti,Ağrı,agri,Ağrı,1,Ruken Kilerci,4
AK Parti,akparti,Ağrı,agri,Ağrı,2,Abbas Aydın,4
AK Parti,akparti,Ağrı,agri,Ağrı,3,Mehmet Ali Bilgili,4
AK Parti,akparti,Ağrı,agri,Ağrı,4,Şaban Polat,4
Bağımsız,bagimsiz,Ağrı,agri,Ağrı,1,Özgül Harmancı,4
BBP,bbp,Ağrı,agri,Ağrı,1,Mehmet Sıddık Çetinel,4
BBP,bbp,Ağrı,agri,Ağrı,2,İzzet Umut Ev,4
BBP,bbp,Ağrı,agri,Ağrı,3,Uğur İkbal Sağlam,4
BBP,bbp,Ağrı,agri,Ağrı,4,Mehmet Şirin Hoşer,4
CHP,chp,Ağrı,agri,Ağrı,1,İbrahim Varol,4
CHP,chp,Ağrı,agri,Ağrı,2,Abdurrahman Polat,4
CHP,chp,Ağrı,agri,Ağrı,3,Murat Karaman,4
CHP,chp,Ağrı,agri,Ağrı,4,Zekiye Karaoğlu Altay,4
Genç Parti,gencparti,Ağrı,agri,Ağrı,1,Remzi Timur,4
Genç Parti,gencparti,Ağrı,agri,Ağrı,2,Etem Tunç,4
Genç Parti,gencparti,Ağrı,agri,Ağrı,3,Fahrettin Ölmez,4
Genç Parti,gencparti,Ağrı,agri,Ağrı,4,Burhan Dolu,4
HAK-PAR,hakpar,Ağrı,agri,Ağrı,1,Halis Savsin,4
HAK-PAR,hakpar,Ağrı,agri,Ağrı,2,Azat Atmaca,4
HAK-PAR,hakpar,Ağrı,agri,Ağrı,3,Milazim Özdemir,4
HAK-PAR,hakpar,Ağrı,agri,Ağrı,4,Mehmet Şirin Timur,4
HKP,hkp,Ağrı,agri,Ağrı,1,Memet Metin Döner,4
HKP,hkp,Ağrı,agri,Ağrı,2,Fahriye Yalçınkaya,4
HKP,hkp,Ağrı,agri,Ağrı,3,Bayram Koca,4
HKP,hkp,Ağrı,agri,Ağrı,4,Ersin Maral,4
İyi Parti,iyiparti,Ağrı,agri,Ağrı,1,Özkan Koçintar,4
İyi Parti,iyiparti,Ağrı,agri,Ağrı,2,Metin Aydemir,4
İyi Parti,iyiparti,Ağrı,agri,Ağrı,3,Kenan Kaçmaz,4
İyi Parti,iyiparti,Ağrı,agri,Ağrı,4,Çağdaş Çelik,4
Memleket,memleket,Ağrı,agri,Ağrı,1,Cenap Daştan,4
Memleket,memleket,Ağrı,agri,Ağrı,2,Sedat Oğur,4
Memleket,memleket,Ağrı,agri,Ağrı,3,Hasan Polat,4
Memleket,memleket,Ağrı,agri,Ağrı,4,Ersin Avşar,4
MHP,mhp,Ağrı,agri,Ağrı,1,Salih Emir Mutluer,4
MHP,mhp,Ağrı,agri,Ağrı,2,Yasin Özyalçın,4
MHP,mhp,Ağrı,agri,Ağrı,3,Kahraman Hanbaba,4
MHP,mhp,Ağrı,agri,Ağrı,4,İbrahim Arpacı,4
MİLLET,millet,Ağrı,agri,Ağrı,1,Mirza Ballı,4
MİLLET,millet,Ağrı,agri,Ağrı,2,Mehmet Akif Demirezen,4
MİLLET,millet,Ağrı,agri,Ağrı,3,Hasan Üstün,4
MİLLET,millet,Ağrı,agri,Ağrı,4,Ahmet Parakat,4
Sol Parti,solparti,Ağrı,agri,Ağrı,1,Volkan Taştan,4
Sol Parti,solparti,Ağrı,agri,Ağrı,2,Servet Kahyaoğulları,4
Sol Parti,solparti,Ağrı,agri,Ağrı,3,Utkan Doğan,4
Sol Parti,solparti,Ağrı,agri,Ağrı,4,Remzi Gedik,4
TKH,tkh,Ağrı,agri,Ağrı,1,Deniz Özbek,4
TKH,tkh,Ağrı,agri,Ağrı,2,Akif Alıcı,4
TKH,tkh,Ağrı,agri,Ağrı,3,Suat Güven,4
TKH,tkh,Ağrı,agri,Ağrı,4,Dürdane İpekçi,4
TKP,tkp,Ağrı,agri,Ağrı,1,Turan Balçok,4
TKP,tkp,Ağrı,agri,Ağrı,2,Ferman Saçar,4
TKP,tkp,Ağrı,agri,Ağrı,3,Sedat Şahbal,4
TKP,tkp,Ağrı,agri,Ağrı,4,Murat Tanksavar,4
Vatan,vatanpartisi,Ağrı,agri,Ağrı,1,Celal Turlu,4
Vatan,vatanpartisi,Ağrı,agri,Ağrı,2,Sami Görmez,4
Vatan,vatanpartisi,Ağrı,agri,Ağrı,3,Taha Küçükuygun,4
Vatan,vatanpartisi,Ağrı,agri,Ağrı,4,Ezgi Zeynep Kaya,4
Y.Refah,yenidenrefah,Ağrı,agri,Ağrı,1,Oğuzhan Yami,4
Y.Refah,yenidenrefah,Ağrı,agri,Ağrı,2,Hasan Baban,4
Y.Refah,yenidenrefah,Ağrı,agri,Ağrı,3,Ömer Yaşar,4
Y.Refah,yenidenrefah,Ağrı,agri,Ağrı,4,Süleyman Emin Erim,4
Y.Sol Parti,yesilsolparti,Ağrı,agri,Ağrı,1,Sırrı Sakik,4
Y.Sol Parti,yesilsolparti,Ağrı,agri,Ağrı,2,Nejla Demir,4
Y.Sol Parti,yesilsolparti,Ağrı,agri,Ağrı,3,Heval Bozdağ,4
Y.Sol Parti,yesilsolparti,Ağrı,agri,Ağrı,4,Zelal Yılmaz,4
YP,yp,Ağrı,agri,Ağrı,1,Burhan Ataş,4
YP,yp,Ağrı,agri,Ağrı,2,İlhan Koyuncu,4
YP,yp,Ağrı,agri,Ağrı,3,Müride Acer,4
YP,yp,Ağrı,agri,Ağrı,4,Necdet Aydemir,4
AB,ab,Aksaray,aksaray,Aksaray,1,Hasan Süslü,4
AB,ab,Aksaray,aksaray,Aksaray,2,Ayten Keleş,4
AB,ab,Aksaray,aksaray,Aksaray,3,Gökhan Moralıoğlu,4
AB,ab,Aksaray,aksaray,Aksaray,4,Mehmet Demir,4
AK Parti,akparti,Aksaray,aksaray,Aksaray,1,Cengiz Aydoğdu,4
AK Parti,akparti,Aksaray,aksaray,Aksaray,2,Hüseyin Altınsoy,4
AK Parti,akparti,Aksaray,aksaray,Aksaray,3,Sevinç Kasal,4
AK Parti,akparti,Aksaray,aksaray,Aksaray,4,Sinan Özkan,4
Bağımsız,bagimsiz,Aksaray,aksaray,Aksaray,1,Yılmaz İlhan,4
BBP,bbp,Aksaray,aksaray,Aksaray,1,Ünal Bacık,4
BBP,bbp,Aksaray,aksaray,Aksaray,2,Bayram Akkaş,4
BBP,bbp,Aksaray,aksaray,Aksaray,3,Hüseyin İşeri,4
BBP,bbp,Aksaray,aksaray,Aksaray,4,Volkan Çalı,4
Genç Parti,gencparti,Aksaray,aksaray,Aksaray,1,Mustafa Bolakar,4
Genç Parti,gencparti,Aksaray,aksaray,Aksaray,2,Ufuk Mutlu,4
Genç Parti,gencparti,Aksaray,aksaray,Aksaray,3,Sema Gül Karaosmanoğlu,4
Genç Parti,gencparti,Aksaray,aksaray,Aksaray,4,Ramazan Kalkan,4
HAK-PAR,hakpar,Aksaray,aksaray,Aksaray,1,Cengiz Temel,4
HAK-PAR,hakpar,Aksaray,aksaray,Aksaray,2,Bülent Cindarik,4
HAK-PAR,hakpar,Aksaray,aksaray,Aksaray,3,Müjgan Tatak,4
HAK-PAR,hakpar,Aksaray,aksaray,Aksaray,4,Metin İdoğ,4
HKP,hkp,Aksaray,aksaray,Aksaray,1,Adem Polat,4
HKP,hkp,Aksaray,aksaray,Aksaray,2,Şakir Polat,4
HKP,hkp,Aksaray,aksaray,Aksaray,3,Hüseyin Çoban,4
HKP,hkp,Aksaray,aksaray,Aksaray,4,Ercan Gümüş,4
İyi Parti,iyiparti,Aksaray,aksaray,Aksaray,1,Turan Yaldır,4
İyi Parti,iyiparti,Aksaray,aksaray,Aksaray,2,Ali Abbas Ertürk,4
İyi Parti,iyiparti,Aksaray,aksaray,Aksaray,3,Naciye Akkuş Türk,4
İyi Parti,iyiparti,Aksaray,aksaray,Aksaray,4,Gürsel Keskin,4
Memleket,memleket,Aksaray,aksaray,Aksaray,1,Serpil Alaboyun,4
Memleket,memleket,Aksaray,aksaray,Aksaray,2,Tunca Tuncer,4
Memleket,memleket,Aksaray,aksaray,Aksaray,3,Ahmet Böge,4
Memleket,memleket,Aksaray,aksaray,Aksaray,4,Vildan Yüksel,4
MHP,mhp,Aksaray,aksaray,Aksaray,1,Ramazan Kaşlı,4
MHP,mhp,Aksaray,aksaray,Aksaray,2,Mustafa Zavlak,4
MHP,mhp,Aksaray,aksaray,Aksaray,3,Çiğdem Er,4
MHP,mhp,Aksaray,aksaray,Aksaray,4,Fatih Doğan,4
MİLLET,millet,Aksaray,aksaray,Aksaray,1,Fikret Güneyli,4
MİLLET,millet,Aksaray,aksaray,Aksaray,2,Osman Kurnaz,4
MİLLET,millet,Aksaray,aksaray,Aksaray,3,Nuri Yumuşak,4
MİLLET,millet,Aksaray,aksaray,Aksaray,4,Bekir Ergün,4
Milli Yol,milliyol,Aksaray,aksaray,Aksaray,1,Ahmet Karaman,4
Milli Yol,milliyol,Aksaray,aksaray,Aksaray,2,Mehmet Kara,4
Milli Yol,milliyol,Aksaray,aksaray,Aksaray,3,Aşır Çoban,4
Milli Yol,milliyol,Aksaray,aksaray,Aksaray,4,Hayati Ünsal,4
Sol Parti,solparti,Aksaray,aksaray,Aksaray,1,Leyla Tombul,4
Sol Parti,solparti,Aksaray,aksaray,Aksaray,2,Abdullah Kahraman,4
Sol Parti,solparti,Aksaray,aksaray,Aksaray,3,Hüseyin Sezer,4
Sol Parti,solparti,Aksaray,aksaray,Aksaray,4,Ali Yılmaz,4
TİP,tip,Aksaray,aksaray,Aksaray,1,Deniz Ay,4
TİP,tip,Aksaray,aksaray,Aksaray,2,Emir Ersin Kahraman,4
TİP,tip,Aksaray,aksaray,Aksaray,3,Ramazan Korkmaz,4
TİP,tip,Aksaray,aksaray,Aksaray,4,Soner Aslan,4
TKH,tkh,Aksaray,aksaray,Aksaray,1,Nefise Güneşer,4
TKH,tkh,Aksaray,aksaray,Aksaray,2,Aslı Tanta,4
TKH,tkh,Aksaray,aksaray,Aksaray,3,Hüseyin Tunç,4
TKH,tkh,Aksaray,aksaray,Aksaray,4,Murat Can Karabudak,4
TKP,tkp,Aksaray,aksaray,Aksaray,1,Adnan Kaynak,4
TKP,tkp,Aksaray,aksaray,Aksaray,2,Esen Zengin,4
TKP,tkp,Aksaray,aksaray,Aksaray,3,Mehmet Demirayak,4
TKP,tkp,Aksaray,aksaray,Aksaray,4,Mustafa Erdoğan,4
Vatan,vatanpartisi,Aksaray,aksaray,Aksaray,1,Mustafa Yılmaz,4
Vatan,vatanpartisi,Aksaray,aksaray,Aksaray,2,Abdullah Sert,4
Vatan,vatanpartisi,Aksaray,aksaray,Aksaray,3,Enes Demirkart,4
Vatan,vatanpartisi,Aksaray,aksaray,Aksaray,4,Mehmet Mücahit Akça,4
Y.Refah,yenidenrefah,Aksaray,aksaray,Aksaray,1,Kazım Serkan Şimşek,4
Y.Refah,yenidenrefah,Aksaray,aksaray,Aksaray,2,Muhammed Topaç,4
Y.Refah,yenidenrefah,Aksaray,aksaray,Aksaray,3,Mustafa Selvi,4
Y.Refah,yenidenrefah,Aksaray,aksaray,Aksaray,4,Buhari Müslim Yetik,4
Y.Sol Parti,yesilsolparti,Aksaray,aksaray,Aksaray,1,Gülbahar Karataş,4
Y.Sol Parti,yesilsolparti,Aksaray,aksaray,Aksaray,2,Berdan Bora Akkaya,4
Y.Sol Parti,yesilsolparti,Aksaray,aksaray,Aksaray,3,Sayma Ariç,4
Y.Sol Parti,yesilsolparti,Aksaray,aksaray,Aksaray,4,İrfan Yakşi,4
YP,yp,Aksaray,aksaray,Aksaray,1,Bayram Oruç,4
YP,yp,Aksaray,aksaray,Aksaray,2,Nevzat İnci,4
YP,yp,Aksaray,aksaray,Aksaray,3,Sezer Hivda Özden,4
YP,yp,Aksaray,aksaray,Aksaray,4,Seyfullah Yılmaz,4
Zafer,zaferpartisi,Aksaray,aksaray,Aksaray,1,Cengiz Öngün,4
Zafer,zaferpartisi,Aksaray,aksaray,Aksaray,2,Mustafa Cem Poyraz,4
Zafer,zaferpartisi,Aksaray,aksaray,Aksaray,3,Raşit Çağlak,4
Zafer,zaferpartisi,Aksaray,aksaray,Aksaray,4,Erdal Kırlı,4
Adalet,ap,Amasya,amasya,Amasya,1,Ferhat Gürel,3
Adalet,ap,Amasya,amasya,Amasya,2,Ali Koçak,3
Adalet,ap,Amasya,amasya,Amasya,3,Aysel Şahin,3
AK Parti,akparti,Amasya,amasya,Amasya,1,Haluk İpek,3
AK Parti,akparti,Amasya,amasya,Amasya,2,Hasan Çilez,3
AK Parti,akparti,Amasya,amasya,Amasya,3,Abdulkerim Buğra Şimşek,3
ANAP,anap,Amasya,amasya,Amasya,1,Ömer Aslan,3
ANAP,anap,Amasya,amasya,Amasya,2,Oktay Özdemir,3
ANAP,anap,Amasya,amasya,Amasya,3,Mehmet Serdar Karaman,3
BBP,bbp,Amasya,amasya,Amasya,1,Ahmet Gültekin,3
BBP,bbp,Amasya,amasya,Amasya,2,Serdar Ateş,3
BBP,bbp,Amasya,amasya,Amasya,3,Elif Bilgin,3
CHP,chp,Amasya,amasya,Amasya,1,Reşat Karagöz,3
CHP,chp,Amasya,amasya,Amasya,2,Arif Yılmaz,3
CHP,chp,Amasya,amasya,Amasya,3,Zeynep Ateş,3
GBP,gbp,Amasya,amasya,Amasya,1,Tahsin Dudak,3
GBP,gbp,Amasya,amasya,Amasya,2,Özer Turan,3
GBP,gbp,Amasya,amasya,Amasya,3,Yusuf Akgün,3
Genç Parti,gencparti,Amasya,amasya,Amasya,1,Yasemin Akdumanlı,3
Genç Parti,gencparti,Amasya,amasya,Amasya,2,Elif Açelya Açıkbaş,3
Genç Parti,gencparti,Amasya,amasya,Amasya,3,Orhan Vardar,3
HAK-PAR,hakpar,Amasya,amasya,Amasya,1,Abdullah Çelebi,3
HAK-PAR,hakpar,Amasya,amasya,Amasya,2,Adile Kaygalak,3
HAK-PAR,hakpar,Amasya,amasya,Amasya,3,Bahri Baydaş,3
HKP,hkp,Amasya,amasya,Amasya,1,Sultan Akbina,3
HKP,hkp,Amasya,amasya,Amasya,2,Abdullah Elik,3
HKP,hkp,Amasya,amasya,Amasya,3,Deniz Yaşar Bayram,3
İyi Parti,iyiparti,Amasya,amasya,Amasya,1,İbrahim Mermer,3
İyi Parti,iyiparti,Amasya,amasya,Amasya,2,Mehmet Kip,3
İyi Parti,iyiparti,Amasya,amasya,Amasya,3,Hikmet Ruşen Menekşe,3
Memleket,memleket,Amasya,amasya,Amasya,1,Murat Erdemir,3
Memleket,memleket,Amasya,amasya,Amasya,2,Derya Ünal,3
Memleket,memleket,Amasya,amasya,Amasya,3,Oğuzhan Çakmak,3
MHP,mhp,Amasya,amasya,Amasya,1,Mehmet Sarı,3
MHP,mhp,Amasya,amasya,Amasya,2,Mustafa Güçyetmez,3
MHP,mhp,Amasya,amasya,Amasya,3,Murat Suşehirli,3
MİLLET,millet,Amasya,amasya,Amasya,1,Yunus Emre Çelik,3
MİLLET,millet,Amasya,amasya,Amasya,2,Rıdvan Çetin,3
MİLLET,millet,Amasya,amasya,Amasya,3,Davut Ev,3
Sol Parti,solparti,Amasya,amasya,Amasya,1,Nasuh Tuğrul Saltık,3
Sol Parti,solparti,Amasya,amasya,Amasya,2,Hasan Tilkicioğlu,3
Sol Parti,solparti,Amasya,amasya,Amasya,3,Celal Özder,3
TİP,tip,Amasya,amasya,Amasya,1,Melike Öztürk Arduç,3
TİP,tip,Amasya,amasya,Amasya,2,Eren Gönen,3
TİP,tip,Amasya,amasya,Amasya,3,Dilaver Öztürk,3
TKH,tkh,Amasya,amasya,Amasya,1,Sinan Açıkgöz,3
TKH,tkh,Amasya,amasya,Amasya,2,Fatma Açıkgöz,3
TKH,tkh,Amasya,amasya,Amasya,3,Parla Güneş Buran,3
TKP,tkp,Amasya,amasya,Amasya,1,Ersin Erol,3
TKP,tkp,Amasya,amasya,Amasya,2,Özgür Hüseyin Akış,3
TKP,tkp,Amasya,amasya,Amasya,3,Onur Kiliç,3
Vatan,vatanpartisi,Amasya,amasya,Amasya,1,Sefer Kılıç,3
Vatan,vatanpartisi,Amasya,amasya,Amasya,2,Hasan Faruk Kurtoğlu,3
Vatan,vatanpartisi,Amasya,amasya,Amasya,3,Ali Çal,3
Y.Refah,yenidenrefah,Amasya,amasya,Amasya,1,Kazım Gümüş,3
Y.Refah,yenidenrefah,Amasya,amasya,Amasya,2,Osman Ay,3
Y.Refah,yenidenrefah,Amasya,amasya,Amasya,3,Kasım Bursa,3
Y.Sol Parti,yesilsolparti,Amasya,amasya,Amasya,1,Haydar Görgü,3
Y.Sol Parti,yesilsolparti,Amasya,amasya,Amasya,2,Zülbiye Yılmaz,3
Y.Sol Parti,yesilsolparti,Amasya,amasya,Amasya,3,Veli Bölük,3
YP,yp,Amasya,amasya,Amasya,1,Fatma Saka,3
YP,yp,Amasya,amasya,Amasya,2,Baki İlistir,3
YP,yp,Amasya,amasya,Amasya,3,Fahri Yıl,3
Zafer,zaferpartisi,Amasya,amasya,Amasya,1,Melih Kahvecioğlu,3
Zafer,zaferpartisi,Amasya,amasya,Amasya,2,Serkan Kuşçu,3
Zafer,zaferpartisi,Amasya,amasya,Amasya,3,Murat Köse,3
AB,ab,Ankara,ankara,Ankara 1. Bölge,1,Osman Çölgeçen,13
AB,ab,Ankara,ankara,Ankara 1. Bölge,2,Suzan Süslü,13
AB,ab,Ankara,ankara,Ankara 1. Bölge,3,Nuray Köse,13
AB,ab,Ankara,ankara,Ankara 1. Bölge,4,Mert Yüce,13
AB,ab,Ankara,ankara,Ankara 1. Bölge,5,Enes Doğukan Baş,13
AB,ab,Ankara,ankara,Ankara 1. Bölge,6,Ömer Nohut,13
AB,ab,Ankara,ankara,Ankara 1. Bölge,7,Ahmet Kızılay,13
AB,ab,Ankara,ankara,Ankara 1. Bölge,8,Adem Yaşar,13
AB,ab,Ankara,ankara,Ankara 1. Bölge,9,Ramazan Kafadar,13
AB,ab,Ankara,ankara,Ankara 1. Bölge,10,Cemil Murat Dodanlı,13
AB,ab,Ankara,ankara,Ankara 1. Bölge,11,Onur Gülay,13
AB,ab,Ankara,ankara,Ankara 1. Bölge,12,Semih Topal,13
AB,ab,Ankara,ankara,Ankara 1. Bölge,13,Eyüp Yolalan,13
AB,ab,Ankara,ankara,Ankara 2. Bölge,1,Abdullah Demiryürek,11
AB,ab,Ankara,ankara,Ankara 2. Bölge,2,Buse Ergül,11
AB,ab,Ankara,ankara,Ankara 2. Bölge,3,Burak Yıldız,11
AB,ab,Ankara,ankara,Ankara 2. Bölge,4,Fatma Elmaoğlu,11
AB,ab,Ankara,ankara,Ankara 2. Bölge,5,Muhammed Çölgeçen,11
AB,ab,Ankara,ankara,Ankara 2. Bölge,6,Rıza Öztürk,11
AB,ab,Ankara,ankara,Ankara 2. Bölge,7,Selin Köse,11
AB,ab,Ankara,ankara,Ankara 2. Bölge,8,Mesut Akyüz,11
AB,ab,Ankara,ankara,Ankara 2. Bölge,9,İlknur Bozukluhan,11
AB,ab,Ankara,ankara,Ankara 2. Bölge,10,Yeliz Gürsoy,11
AB,ab,Ankara,ankara,Ankara 2. Bölge,11,Fuat Temel,11
AB,ab,Ankara,ankara,Ankara 3. Bölge,1,Özcan Bozacıoğlu,12
AB,ab,Ankara,ankara,Ankara 3. Bölge,2,Şükran Deren Düzgün,12
AB,ab,Ankara,ankara,Ankara 3. Bölge,3,Hüseyin Emre Aydın,12
AB,ab,Ankara,ankara,Ankara 3. Bölge,4,Erdal Ilıca,12
AB,ab,Ankara,ankara,Ankara 3. Bölge,5,Fatma Altın,12
AB,ab,Ankara,ankara,Ankara 3. Bölge,6,Fatma Feyza Arslan,12
AB,ab,Ankara,ankara,Ankara 3. Bölge,7,Hümeyra Öztürk,12
AB,ab,Ankara,ankara,Ankara 3. Bölge,8,Arzu Turgut,12
AB,ab,Ankara,ankara,Ankara 3. Bölge,9,Merve Akdeniz,12
AB,ab,Ankara,ankara,Ankara 3. Bölge,10,Zehra Gören,12
AB,ab,Ankara,ankara,Ankara 3. Bölge,11,Kerem Gökçe,12
AB,ab,Ankara,ankara,Ankara 3. Bölge,12,Emrah Doğan,12
Adalet,ap,Ankara,ankara,Ankara 1. Bölge,1,Dilek Öz,13
Adalet,ap,Ankara,ankara,Ankara 1. Bölge,2,Hüsnü Tanrıverdi,13
Adalet,ap,Ankara,ankara,Ankara 1. Bölge,3,Heyecan Nazlı Veziroğlu,13
Adalet,ap,Ankara,ankara,Ankara 1. Bölge,4,Süleyman Şanlı,13
Adalet,ap,Ankara,ankara,Ankara 1. Bölge,5,Zeynep Coşkun,13
Adalet,ap,Ankara,ankara,Ankara 1. Bölge,6,Abdullah Santırcıoğlu,13
Adalet,ap,Ankara,ankara,Ankara 1. Bölge,7,Tolgacan Yıldırım,13
Adalet,ap,Ankara,ankara,Ankara 1. Bölge,8,Muharrem Düzgöz,13
Adalet,ap,Ankara,ankara,Ankara 1. Bölge,9,Hatice Orhan,13
Adalet,ap,Ankara,ankara,Ankara 1. Bölge,10,Murat Coşkun,13
Adalet,ap,Ankara,ankara,Ankara 1. Bölge,11,Bülent Alo,13
Adalet,ap,Ankara,ankara,Ankara 1. Bölge,12,Fevzi Taşlıarmut,13
Adalet,ap,Ankara,ankara,Ankara 1. Bölge,13,Müge Köse,13
Adalet,ap,Ankara,ankara,Ankara 2. Bölge,1,Kaan Şahin,11
Adalet,ap,Ankara,ankara,Ankara 2. Bölge,2,Seray Santırcıoğlu,11
Adalet,ap,Ankara,ankara,Ankara 2. Bölge,3,Bülent Karslı,11
Adalet,ap,Ankara,ankara,Ankara 2. Bölge,4,Hüseyin Erçin,11
Adalet,ap,Ankara,ankara,Ankara 2. Bölge,5,Mehmet Tuncer,11
Adalet,ap,Ankara,ankara,Ankara 2. Bölge,6,Gizem Nur Demirci,11
Adalet,ap,Ankara,ankara,Ankara 2. Bölge,7,Serpil Santırcıoğlu,11
Adalet,ap,Ankara,ankara,Ankara 2. Bölge,8,Rabia Tüzün,11
Adalet,ap,Ankara,ankara,Ankara 2. Bölge,9,Atilla Topçu,11
Adalet,ap,Ankara,ankara,Ankara 2. Bölge,10,Mehmet Serhat Şatır,11
Adalet,ap,Ankara,ankara,Ankara 2. Bölge,11,Ayşe Lafçı,11
Adalet,ap,Ankara,ankara,Ankara 3. Bölge,1,Nesimi Özgöz,12
Adalet,ap,Ankara,ankara,Ankara 3. Bölge,2,Aydın Santırcıoğlu,12
Adalet,ap,Ankara,ankara,Ankara 3. Bölge,3,Levent Güngör,12
Adalet,ap,Ankara,ankara,Ankara 3. Bölge,4,Mustafa Şengezer,12
Adalet,ap,Ankara,ankara,Ankara 3. Bölge,5,Dilek Santırcıoğlu,12
Adalet,ap,Ankara,ankara,Ankara 3. Bölge,6,Neşe Güneş,12
Adalet,ap,Ankara,ankara,Ankara 3. Bölge,7,Cemile Erdoğdu,12
Adalet,ap,Ankara,ankara,Ankara 3. Bölge,8,Ergün Fomin,12
Adalet,ap,Ankara,ankara,Ankara 3. Bölge,9,Mert Kısrık,12
Adalet,ap,Ankara,ankara,Ankara 3. Bölge,10,Seda Cerav,12
Adalet,ap,Ankara,ankara,Ankara 3. Bölge,11,Emel Kolay,12
Adalet,ap,Ankara,ankara,Ankara 3. Bölge,12,Esen Gül,12
AK Parti,akparti,Ankara,ankara,Ankara 1. Bölge,1,Yıldırım Tuğrul Türkeş,13
AK Parti,akparti,Ankara,ankara,Ankara 1. Bölge,2,Jülide Sarıeroğlu,13
AK Parti,akparti,Ankara,ankara,Ankara 1. Bölge,3,Murat Alparslan,13
AK Parti,akparti,Ankara,ankara,Ankara 1. Bölge,4,Zehranur Aydemir,13
AK Parti,akparti,Ankara,ankara,Ankara 1. Bölge,5,Mustafa Hasgül,13
AK Parti,akparti,Ankara,ankara,Ankara 1. Bölge,6,Ebru Kurban Yaldız,13
AK Parti,akparti,Ankara,ankara,Ankara 1. Bölge,7,Muhammed Abdullah Özer,13
AK Parti,akparti,Ankara,ankara,Ankara 1. Bölge,8,Osman Karaaslan,13
AK Parti,akparti,Ankara,ankara,Ankara 1. Bölge,9,Hasan Erçelebi,13
AK Parti,akparti,Ankara,ankara,Ankara 1. Bölge,10,Eyüp Gökhan Özekin,13
AK Parti,akparti,Ankara,ankara,Ankara 1. Bölge,11,Edibe Sinem Ersoy,13
AK Parti,akparti,Ankara,ankara,Ankara 1. Bölge,12,İlhami Teke,13
AK Parti,akparti,Ankara,ankara,Ankara 1. Bölge,13,Muhammet Tarık Kuyrukcu,13
AK Parti,akparti,Ankara,ankara,Ankara 2. Bölge,1,Vedat Bilgin,11
AK Parti,akparti,Ankara,ankara,Ankara 2. Bölge,2,Lütfiye Selva Çam,11
AK Parti,akparti,Ankara,ankara,Ankara 2. Bölge,3,Orhan Yegin,11
AK Parti,akparti,Ankara,ankara,Ankara 2. Bölge,4,Zeynep Yıldız,11
AK Parti,akparti,Ankara,ankara,Ankara 2. Bölge,5,Osman Gökçek,11
AK Parti,akparti,Ankara,ankara,Ankara 2. Bölge,6,Kurtcan Çelebi,11
AK Parti,akparti,Ankara,ankara,Ankara 2. Bölge,7,Abdulvahap Şahin,11
AK Parti,akparti,Ankara,ankara,Ankara 2. Bölge,8,Cihan Ankara,11
AK Parti,akparti,Ankara,ankara,Ankara 2. Bölge,9,Ejder Onursal,11
AK Parti,akparti,Ankara,ankara,Ankara 2. Bölge,10,Servet Türkayık,11
AK Parti,akparti,Ankara,ankara,Ankara 2. Bölge,11,Burcu Gökalp,11
AK Parti,akparti,Ankara,ankara,Ankara 3. Bölge,1,Fuat Oktay,12
AK Parti,akparti,Ankara,ankara,Ankara 3. Bölge,2,Leyla Şahin Usta,12
AK Parti,akparti,Ankara,ankara,Ankara 3. Bölge,3,Ömer İleri,12
AK Parti,akparti,Ankara,ankara,Ankara 3. Bölge,4,Asuman Erdoğan,12
AK Parti,akparti,Ankara,ankara,Ankara 3. Bölge,5,Ahmet Fethan Baykoç,12
AK Parti,akparti,Ankara,ankara,Ankara 3. Bölge,6,Remzi Albasan,12
AK Parti,akparti,Ankara,ankara,Ankara 3. Bölge,7,Halise Çiftci,12
AK Parti,akparti,Ankara,ankara,Ankara 3. Bölge,8,Ahmet Çotuk,12
AK Parti,akparti,Ankara,ankara,Ankara 3. Bölge,9,Ahmet Gül,12
AK Parti,akparti,Ankara,ankara,Ankara 3. Bölge,10,Ertunç Güngör,12
AK Parti,akparti,Ankara,ankara,Ankara 3. Bölge,11,Halil Hotaman,12
AK Parti,akparti,Ankara,ankara,Ankara 3. Bölge,12,Cansın Yılmaz Yaşar,12
ANAP,anap,Ankara,ankara,Ankara 1. Bölge,1,İbrahim Çelebi,13
ANAP,anap,Ankara,ankara,Ankara 1. Bölge,2,Mehmet Sadık Alkin,13
ANAP,anap,Ankara,ankara,Ankara 1. Bölge,3,Umut Çınar,13
ANAP,anap,Ankara,ankara,Ankara 1. Bölge,4,Ziya Yiğit Tunçer,13
ANAP,anap,Ankara,ankara,Ankara 1. Bölge,5,Cengiz Öyke,13
ANAP,anap,Ankara,ankara,Ankara 1. Bölge,6,Tuncay Açar,13
ANAP,anap,Ankara,ankara,Ankara 1. Bölge,7,Berke Türkdönmez,13
ANAP,anap,Ankara,ankara,Ankara 1. Bölge,8,Buğrahan Dağkuş,13
ANAP,anap,Ankara,ankara,Ankara 1. Bölge,9,Serdal Açar,13
ANAP,anap,Ankara,ankara,Ankara 1. Bölge,10,Fehmi Uçarlı,13
ANAP,anap,Ankara,ankara,Ankara 1. Bölge,11,Arda Üzer,13
ANAP,anap,Ankara,ankara,Ankara 1. Bölge,12,Arif Şakar,13
ANAP,anap,Ankara,ankara,Ankara 1. Bölge,13,Zehra Sil,13
ANAP,anap,Ankara,ankara,Ankara 2. Bölge,1,Semih Narlı,11
ANAP,anap,Ankara,ankara,Ankara 2. Bölge,2,Bahadır Durum,11
ANAP,anap,Ankara,ankara,Ankara 2. Bölge,3,Halil Mert Kazan,11
ANAP,anap,Ankara,ankara,Ankara 2. Bölge,4,Dönüş Urcan,11
ANAP,anap,Ankara,ankara,Ankara 2. Bölge,5,Başak Kökalan,11
ANAP,anap,Ankara,ankara,Ankara 2. Bölge,6,Cemil Kılıç,11
ANAP,anap,Ankara,ankara,Ankara 2. Bölge,7,Esman Nurullah Akyüz,11
ANAP,anap,Ankara,ankara,Ankara 2. Bölge,8,Nilgün Çuhadar,11
ANAP,anap,Ankara,ankara,Ankara 2. Bölge,9,İbrahim Karalı,11
ANAP,anap,Ankara,ankara,Ankara 2. Bölge,10,Muzaffer Bulut,11
ANAP,anap,Ankara,ankara,Ankara 2. Bölge,11,Bilal Aslan,11
ANAP,anap,Ankara,ankara,Ankara 3. Bölge,1,Osman Ölçer,12
ANAP,anap,Ankara,ankara,Ankara 3. Bölge,2,Fatih Bal,12
ANAP,anap,Ankara,ankara,Ankara 3. Bölge,3,Uğurcan Kurt,12
ANAP,anap,Ankara,ankara,Ankara 3. Bölge,4,Semra Baklacıoğlu,12
ANAP,anap,Ankara,ankara,Ankara 3. Bölge,5,Mustafa Özçelik,12
ANAP,anap,Ankara,ankara,Ankara 3. Bölge,6,Pevrul Mangalcı,12
ANAP,anap,Ankara,ankara,Ankara 3. Bölge,7,Özcan Süslü,12
ANAP,anap,Ankara,ankara,Ankara 3. Bölge,8,Ömercan Şenkal,12
ANAP,anap,Ankara,ankara,Ankara 3. Bölge,9,Ömer Faruk Güneş,12
ANAP,anap,Ankara,ankara,Ankara 3. Bölge,10,Fatih Tecimer,12
ANAP,anap,Ankara,ankara,Ankara 3. Bölge,11,Mehmet Çevrim,12
ANAP,anap,Ankara,ankara,Ankara 3. Bölge,12,Ayşe Betül Aykul,12
Bağımsız,bagimsiz,Ankara,ankara,Ankara 1. Bölge,1,Muhammed Bülent Karaaslan,13
Bağımsız,bagimsiz,Ankara,ankara,Ankara 1. Bölge,2,Mukadder Güneri,13
Bağımsız,bagimsiz,Ankara,ankara,Ankara 1. Bölge,3,Sait Tolga Oktay,13
Bağımsız,bagimsiz,Ankara,ankara,Ankara 1. Bölge,4,Nefise Nesrin İli,13
Bağımsız,bagimsiz,Ankara,ankara,Ankara 1. Bölge,5,Güneş Gümüş,13
Bağımsız,bagimsiz,Ankara,ankara,Ankara 1. Bölge,6,Nuri Ercan Tortop,13
Bağımsız,bagimsiz,Ankara,ankara,Ankara 1. Bölge,7,Cem Kahyeri,13
Bağımsız,bagimsiz,Ankara,ankara,Ankara 1. Bölge,8,Sezer Asil Ateş,13
Bağımsız,bagimsiz,Ankara,ankara,Ankara 2. Bölge,1,Serkan Kantaş,11
Bağımsız,bagimsiz,Ankara,ankara,Ankara 2. Bölge,2,Mustafa Yiğit,11
Bağımsız,bagimsiz,Ankara,ankara,Ankara 2. Bölge,3,Hüseyin Çilesiz,11
Bağımsız,bagimsiz,Ankara,ankara,Ankara 3. Bölge,1,Ömer Mustafa Özal,12
Bağımsız,bagimsiz,Ankara,ankara,Ankara 3. Bölge,2,Şemseddin Ahmet Yaşar,12
Bağımsız,bagimsiz,Ankara,ankara,Ankara 3. Bölge,3,Ülkü Güngör,12
BBP,bbp,Ankara,ankara,Ankara 1. Bölge,1,Mikail Şahan,13
BBP,bbp,Ankara,ankara,Ankara 1. Bölge,2,Hikmet Karaca,13
BBP,bbp,Ankara,ankara,Ankara 1. Bölge,3,Adem Karaca,13
BBP,bbp,Ankara,ankara,Ankara 1. Bölge,4,Seher Kılınç,13
BBP,bbp,Ankara,ankara,Ankara 1. Bölge,5,Mahmut Ayhan Yıldırım,13
BBP,bbp,Ankara,ankara,Ankara 1. Bölge,6,Albayrak Üren,13
BBP,bbp,Ankara,ankara,Ankara 1. Bölge,7,Muhammed Çelenk,13
BBP,bbp,Ankara,ankara,Ankara 1. Bölge,8,Selçuk Özdemir,13
BBP,bbp,Ankara,ankara,Ankara 1. Bölge,9,Şeydanur Aytar,13
BBP,bbp,Ankara,ankara,Ankara 1. Bölge,10,Erol Koçoğlu,13
BBP,bbp,Ankara,ankara,Ankara 1. Bölge,11,Yavuz Burak Bekaroğulları,13
BBP,bbp,Ankara,ankara,Ankara 1. Bölge,12,Türkan Çetin,13
BBP,bbp,Ankara,ankara,Ankara 1. Bölge,13,Bilal Duran,13
BBP,bbp,Ankara,ankara,Ankara 2. Bölge,1,Üzeyir Tunç,11
BBP,bbp,Ankara,ankara,Ankara 2. Bölge,2,Aydın Öksüz,11
BBP,bbp,Ankara,ankara,Ankara 2. Bölge,3,Hakan Ayantaş,11
BBP,bbp,Ankara,ankara,Ankara 2. Bölge,4,Mahmut Burkankulu,11
BBP,bbp,Ankara,ankara,Ankara 2. Bölge,5,Arif Özdemir,11
BBP,bbp,Ankara,ankara,Ankara 2. Bölge,6,Hilmi Koçak,11
BBP,bbp,Ankara,ankara,Ankara 2. Bölge,7,Gazi Umut Güneş,11
BBP,bbp,Ankara,ankara,Ankara 2. Bölge,8,Songül Uzunharman,11
BBP,bbp,Ankara,ankara,Ankara 2. Bölge,9,Muammer Başkan,11
BBP,bbp,Ankara,ankara,Ankara 2. Bölge,10,Mustafa Kılıç,11
BBP,bbp,Ankara,ankara,Ankara 2. Bölge,11,Osman Demir,11
BBP,bbp,Ankara,ankara,Ankara 3. Bölge,1,Tevfik Eren,12
BBP,bbp,Ankara,ankara,Ankara 3. Bölge,2,Fuat Akkan,12
BBP,bbp,Ankara,ankara,Ankara 3. Bölge,3,Hakan Çelen,12
BBP,bbp,Ankara,ankara,Ankara 3. Bölge,4,Tuğçe Özyolu,12
BBP,bbp,Ankara,ankara,Ankara 3. Bölge,5,Gökhan Tezcan,12
BBP,bbp,Ankara,ankara,Ankara 3. Bölge,6,Mehmet Zahid Ayan,12
BBP,bbp,Ankara,ankara,Ankara 3. Bölge,7,Coşgun Özcan,12
BBP,bbp,Ankara,ankara,Ankara 3. Bölge,8,Hasan Hüseyin Mutlu,12
BBP,bbp,Ankara,ankara,Ankara 3. Bölge,9,Mehmet Sami Akkın,12
BBP,bbp,Ankara,ankara,Ankara 3. Bölge,10,Furkan Tarık Aktaş,12
BBP,bbp,Ankara,ankara,Ankara 3. Bölge,11,İrfan Binekci,12
BBP,bbp,Ankara,ankara,Ankara 3. Bölge,12,Tuğçe Taş,12
CHP,chp,Ankara,ankara,Ankara 1. Bölge,1,Gamze Taşcıer,13
CHP,chp,Ankara,ankara,Ankara 1. Bölge,2,Deniz Demir,13
CHP,chp,Ankara,ankara,Ankara 1. Bölge,3,Okan Konuralp,13
CHP,chp,Ankara,ankara,Ankara 1. Bölge,4,Sadullah Ergin,13
CHP,chp,Ankara,ankara,Ankara 1. Bölge,5,Mustafa Nedim Yamalı,13
CHP,chp,Ankara,ankara,Ankara 1. Bölge,6,Aliye Timisi Ersever,13
CHP,chp,Ankara,ankara,Ankara 1. Bölge,7,Deniz Çakır,13
CHP,chp,Ankara,ankara,Ankara 1. Bölge,8,Kemal Akkurt,13
CHP,chp,Ankara,ankara,Ankara 1. Bölge,9,Aysun Palalı Köktaş,13
CHP,chp,Ankara,ankara,Ankara 1. Bölge,10,Elif Topkaya Sevinç,13
CHP,chp,Ankara,ankara,Ankara 1. Bölge,11,Hüseyin Can Güner,13
CHP,chp,Ankara,ankara,Ankara 1. Bölge,12,Aycan Koçtürk,13
CHP,chp,Ankara,ankara,Ankara 1. Bölge,13,Armağan Erdoğan,13
CHP,chp,Ankara,ankara,Ankara 2. Bölge,1,Murat Emir,11
CHP,chp,Ankara,ankara,Ankara 2. Bölge,2,İdris Şahin,11
CHP,chp,Ankara,ankara,Ankara 2. Bölge,3,Semra Dinçer,11
CHP,chp,Ankara,ankara,Ankara 2. Bölge,4,İrem Yaman,11
CHP,chp,Ankara,ankara,Ankara 2. Bölge,5,Orkun Kanber,11
CHP,chp,Ankara,ankara,Ankara 2. Bölge,6,Alirıza Erbay,11
CHP,chp,Ankara,ankara,Ankara 2. Bölge,7,Erdal Kiziroğlu,11
CHP,chp,Ankara,ankara,Ankara 2. Bölge,8,Özkan Oktan,11
CHP,chp,Ankara,ankara,Ankara 2. Bölge,9,Funda Cengiz,11
CHP,chp,Ankara,ankara,Ankara 2. Bölge,10,Erol Tosun,11
CHP,chp,Ankara,ankara,Ankara 2. Bölge,11,Nursel Öcal,11
CHP,chp,Ankara,ankara,Ankara 3. Bölge,1,Tekin Bingöl,12
CHP,chp,Ankara,ankara,Ankara 3. Bölge,2,Umut Akdoğan,12
CHP,chp,Ankara,ankara,Ankara 3. Bölge,3,Mesut Doğan,12
CHP,chp,Ankara,ankara,Ankara 3. Bölge,4,Aylin Yaman,12
CHP,chp,Ankara,ankara,Ankara 3. Bölge,5,Ahmet Ersen Özsoy,12
CHP,chp,Ankara,ankara,Ankara 3. Bölge,6,Mehmet Akyürek,12
CHP,chp,Ankara,ankara,Ankara 3. Bölge,7,Mehtap Yücel,12
CHP,chp,Ankara,ankara,Ankara 3. Bölge,8,Memet Yula,12
CHP,chp,Ankara,ankara,Ankara 3. Bölge,9,Zeynep Esra Özdemir,12
CHP,chp,Ankara,ankara,Ankara 3. Bölge,10,Ömer Yılmaz,12
CHP,chp,Ankara,ankara,Ankara 3. Bölge,11,Elmas Kübra Karaca,12
CHP,chp,Ankara,ankara,Ankara 3. Bölge,12,Hasan Cem Yılmaz,12
GBP,gbp,Ankara,ankara,Ankara 1. Bölge,1,Harun Sedat Karnap,13
GBP,gbp,Ankara,ankara,Ankara 1. Bölge,2,Kadriye Kısak,13
GBP,gbp,Ankara,ankara,Ankara 1. Bölge,3,Yusuf Semenci,13
GBP,gbp,Ankara,ankara,Ankara 1. Bölge,4,Ömrüye Keskiner,13
GBP,gbp,Ankara,ankara,Ankara 1. Bölge,5,Uğur Uğurlu,13
GBP,gbp,Ankara,ankara,Ankara 1. Bölge,6,Gülcan Yıldız,13
GBP,gbp,Ankara,ankara,Ankara 1. Bölge,7,Ali Furkan Çetin,13
GBP,gbp,Ankara,ankara,Ankara 1. Bölge,8,Necla Gediktaş,13
GBP,gbp,Ankara,ankara,Ankara 1. Bölge,9,Zeynep Telkıran,13
GBP,gbp,Ankara,ankara,Ankara 1. Bölge,10,Ömer Satar,13
GBP,gbp,Ankara,ankara,Ankara 1. Bölge,11,Mehmet Durak Telkıran,13
GBP,gbp,Ankara,ankara,Ankara 1. Bölge,12,Yusuf Kartal,13
GBP,gbp,Ankara,ankara,Ankara 1. Bölge,13,Ali Ercan Arslan,13
GBP,gbp,Ankara,ankara,Ankara 2. Bölge,1,Şener Koçak,11
GBP,gbp,Ankara,ankara,Ankara 2. Bölge,2,Fatih Mehmet Bıyık,11
GBP,gbp,Ankara,ankara,Ankara 2. Bölge,3,Tamer Avcı,11
GBP,gbp,Ankara,ankara,Ankara 2. Bölge,4,Sedat Muğurtay,11
GBP,gbp,Ankara,ankara,Ankara 2. Bölge,5,Muzaffer Özer,11
GBP,gbp,Ankara,ankara,Ankara 2. Bölge,6,Esra Ertunç,11
GBP,gbp,Ankara,ankara,Ankara 2. Bölge,7,Sefa Mağat,11
GBP,gbp,Ankara,ankara,Ankara 2. Bölge,8,Burak Mağat,11
GBP,gbp,Ankara,ankara,Ankara 2. Bölge,9,Murat Acar,11
GBP,gbp,Ankara,ankara,Ankara 2. Bölge,10,Mehmet Yıldırım,11
GBP,gbp,Ankara,ankara,Ankara 2. Bölge,11,Melih Kağan Özel,11
GBP,gbp,Ankara,ankara,Ankara 3. Bölge,1,Ertan Özdoğan,12
GBP,gbp,Ankara,ankara,Ankara 3. Bölge,2,Volkan Alabağ,12
GBP,gbp,Ankara,ankara,Ankara 3. Bölge,3,Buğra Enver Özdoğan,12
GBP,gbp,Ankara,ankara,Ankara 3. Bölge,4,Güneş Altuner,12
GBP,gbp,Ankara,ankara,Ankara 3. Bölge,5,Bestami Çalık,12
GBP,gbp,Ankara,ankara,Ankara 3. Bölge,6,Mehmet Hakan Mert,12
GBP,gbp,Ankara,ankara,Ankara 3. Bölge,7,İpek Mert,12
GBP,gbp,Ankara,ankara,Ankara 3. Bölge,8,Bülent Doğan,12
GBP,gbp,Ankara,ankara,Ankara 3. Bölge,9,Taner Altun,12
GBP,gbp,Ankara,ankara,Ankara 3. Bölge,10,Hurşit Vatan,12
GBP,gbp,Ankara,ankara,Ankara 3. Bölge,11,Ali Açıkgöz,12
GBP,gbp,Ankara,ankara,Ankara 3. Bölge,12,Muhammed Samet Sevgili,12
Genç Parti,gencparti,Ankara,ankara,Ankara 1. Bölge,1,Enver Bayraktar,13
Genç Parti,gencparti,Ankara,ankara,Ankara 1. Bölge,2,Gökhan Baylar,13
Genç Parti,gencparti,Ankara,ankara,Ankara 1. Bölge,3,Kemalettin Çakır,13
Genç Parti,gencparti,Ankara,ankara,Ankara 1. Bölge,4,Mustafa Pehlivan,13
Genç Parti,gencparti,Ankara,ankara,Ankara 1. Bölge,5,Demet Zinkçi,13
Genç Parti,gencparti,Ankara,ankara,Ankara 1. Bölge,6,Yeter Özcan,13
Genç Parti,gencparti,Ankara,ankara,Ankara 1. Bölge,7,Satılmış Yaman,13
Genç Parti,gencparti,Ankara,ankara,Ankara 1. Bölge,8,Emre Coşkun,13
Genç Parti,gencparti,Ankara,ankara,Ankara 1. Bölge,9,Can Sarısu,13
Genç Parti,gencparti,Ankara,ankara,Ankara 1. Bölge,10,Nihat Çiftci,13
Genç Parti,gencparti,Ankara,ankara,Ankara 1. Bölge,11,Metin Doğan,13
Genç Parti,gencparti,Ankara,ankara,Ankara 1. Bölge,12,Melike Efetürk,13
Genç Parti,gencparti,Ankara,ankara,Ankara 1. Bölge,13,M. Bekir Arslan,13
Genç Parti,gencparti,Ankara,ankara,Ankara 2. Bölge,1,Rasim Murat Başkır,11
Genç Parti,gencparti,Ankara,ankara,Ankara 2. Bölge,2,Nazmi Karabulut,11
Genç Parti,gencparti,Ankara,ankara,Ankara 2. Bölge,3,Recep Yiğit Mungan,11
Genç Parti,gencparti,Ankara,ankara,Ankara 2. Bölge,4,Osman Yurtoğlu,11
Genç Parti,gencparti,Ankara,ankara,Ankara 2. Bölge,5,Selma Ağca,11
Genç Parti,gencparti,Ankara,ankara,Ankara 2. Bölge,6,Hilmi Uğur Başkır,11
Genç Parti,gencparti,Ankara,ankara,Ankara 2. Bölge,7,Beyza Kahveci,11
Genç Parti,gencparti,Ankara,ankara,Ankara 2. Bölge,8,Selen Altuncu,11
Genç Parti,gencparti,Ankara,ankara,Ankara 2. Bölge,9,Volkan Yıldız,11
Genç Parti,gencparti,Ankara,ankara,Ankara 2. Bölge,10,Ali Kahveci,11
Genç Parti,gencparti,Ankara,ankara,Ankara 2. Bölge,11,Nevzet Dönmez,11
Genç Parti,gencparti,Ankara,ankara,Ankara 3. Bölge,1,Çağatay Açıkbaş,12
Genç Parti,gencparti,Ankara,ankara,Ankara 3. Bölge,2,Umut Bolel,12
Genç Parti,gencparti,Ankara,ankara,Ankara 3. Bölge,3,Tülin Arslan,12
Genç Parti,gencparti,Ankara,ankara,Ankara 3. Bölge,4,Tahir Vanlı,12
Genç Parti,gencparti,Ankara,ankara,Ankara 3. Bölge,5,Ayhan Tekin,12
Genç Parti,gencparti,Ankara,ankara,Ankara 3. Bölge,6,Merter Acar Zinkçi,12
Genç Parti,gencparti,Ankara,ankara,Ankara 3. Bölge,7,Saniye Başkır,12
Genç Parti,gencparti,Ankara,ankara,Ankara 3. Bölge,8,Soner Köse,12
Genç Parti,gencparti,Ankara,ankara,Ankara 3. Bölge,9,İbrahim Can Ocakverdi,12
Genç Parti,gencparti,Ankara,ankara,Ankara 3. Bölge,10,Can Pekcan,12
Genç Parti,gencparti,Ankara,ankara,Ankara 3. Bölge,11,Mustafa Aydoğmuş,12
Genç Parti,gencparti,Ankara,ankara,Ankara 3. Bölge,12,Oğuz Kolukısaoğlu,12
HAK-PAR,hakpar,Ankara,ankara,Ankara 1. Bölge,1,Hikmet Can,13
HAK-PAR,hakpar,Ankara,ankara,Ankara 1. Bölge,2,Semra Günaydın,13
HAK-PAR,hakpar,Ankara,ankara,Ankara 1. Bölge,3,Gülsün Korucu,13
HAK-PAR,hakpar,Ankara,ankara,Ankara 1. Bölge,4,Serap Deli,13
HAK-PAR,hakpar,Ankara,ankara,Ankara 1. Bölge,5,Doğan Kaygalak,13
HAK-PAR,hakpar,Ankara,ankara,Ankara 1. Bölge,6,Zehra Belkıs Korkmaz,13
HAK-PAR,hakpar,Ankara,ankara,Ankara 1. Bölge,7,Hikmet Muti,13
HAK-PAR,hakpar,Ankara,ankara,Ankara 1. Bölge,8,Suzan Ekinci,13
HAK-PAR,hakpar,Ankara,ankara,Ankara 1. Bölge,9,Faruk Aksümer,13
HAK-PAR,hakpar,Ankara,ankara,Ankara 1. Bölge,10,Burkay Polat,13
HAK-PAR,hakpar,Ankara,ankara,Ankara 1. Bölge,11,Kiymet Eren,13
HAK-PAR,hakpar,Ankara,ankara,Ankara 1. Bölge,12,İlyas Kaya,13
HAK-PAR,hakpar,Ankara,ankara,Ankara 1. Bölge,13,Serap Keleş,13
HAK-PAR,hakpar,Ankara,ankara,Ankara 2. Bölge,1,Hüseyin Polat,11
HAK-PAR,hakpar,Ankara,ankara,Ankara 2. Bölge,2,Hamdiye Şeşeoğulları,11
HAK-PAR,hakpar,Ankara,ankara,Ankara 2. Bölge,3,Fevzi Çifci,11
HAK-PAR,hakpar,Ankara,ankara,Ankara 2. Bölge,4,Bilal Aggül,11
HAK-PAR,hakpar,Ankara,ankara,Ankara 2. Bölge,5,Ali Tetik,11
HAK-PAR,hakpar,Ankara,ankara,Ankara 2. Bölge,6,Bedriye Sezen,11
HAK-PAR,hakpar,Ankara,ankara,Ankara 2. Bölge,7,Tansel Karataş,11
HAK-PAR,hakpar,Ankara,ankara,Ankara 2. Bölge,8,Erol Küçük,11
HAK-PAR,hakpar,Ankara,ankara,Ankara 2. Bölge,9,Şerife Çoban,11
HAK-PAR,hakpar,Ankara,ankara,Ankara 2. Bölge,10,Esma Polat,11
HAK-PAR,hakpar,Ankara,ankara,Ankara 2. Bölge,11,Yakup Kadri Kara,11
HAK-PAR,hakpar,Ankara,ankara,Ankara 3. Bölge,1,Mehmet Gökçe,12
HAK-PAR,hakpar,Ankara,ankara,Ankara 3. Bölge,2,Fatma Deli Aksümer,12
HAK-PAR,hakpar,Ankara,ankara,Ankara 3. Bölge,3,Mahmut Temel,12
HAK-PAR,hakpar,Ankara,ankara,Ankara 3. Bölge,4,Tayibe Taşcı,12
HAK-PAR,hakpar,Ankara,ankara,Ankara 3. Bölge,5,Engin Binici,12
HAK-PAR,hakpar,Ankara,ankara,Ankara 3. Bölge,6,Hacı Kadir Koçak,12
HAK-PAR,hakpar,Ankara,ankara,Ankara 3. Bölge,7,Mustafa Korucu,12
HAK-PAR,hakpar,Ankara,ankara,Ankara 3. Bölge,8,Fevzi Günaydın,12
HAK-PAR,hakpar,Ankara,ankara,Ankara 3. Bölge,9,Mahmure Temel,12
HAK-PAR,hakpar,Ankara,ankara,Ankara 3. Bölge,10,Devrim Çoban Akçelik,12
HAK-PAR,hakpar,Ankara,ankara,Ankara 3. Bölge,11,Cennet Alpdoğan,12
HAK-PAR,hakpar,Ankara,ankara,Ankara 3. Bölge,12,Haydar Akagündüz,12
HKP,hkp,Ankara,ankara,Ankara 1. Bölge,1,Sait Kıran,13
HKP,hkp,Ankara,ankara,Ankara 1. Bölge,2,Meliha Kuşcu,13
HKP,hkp,Ankara,ankara,Ankara 1. Bölge,3,Doğan Erkan,13
HKP,hkp,Ankara,ankara,Ankara 1. Bölge,4,Umut Can Bozgun,13
HKP,hkp,Ankara,ankara,Ankara 1. Bölge,5,Enes Eroğlu,13
HKP,hkp,Ankara,ankara,Ankara 1. Bölge,6,Gökay Celep,13
HKP,hkp,Ankara,ankara,Ankara 1. Bölge,7,Mustafa Bayyar,13
HKP,hkp,Ankara,ankara,Ankara 1. Bölge,8,Erk Ergül,13
HKP,hkp,Ankara,ankara,Ankara 1. Bölge,9,Ozan İlhan,13
HKP,hkp,Ankara,ankara,Ankara 1. Bölge,10,Zeliha Şener,13
HKP,hkp,Ankara,ankara,Ankara 1. Bölge,11,Sercan Cem Cantaş,13
HKP,hkp,Ankara,ankara,Ankara 1. Bölge,12,Ali Sarıoğlu,13
HKP,hkp,Ankara,ankara,Ankara 1. Bölge,13,Ali Doğan,13
HKP,hkp,Ankara,ankara,Ankara 2. Bölge,1,Metin Bayyar,11
HKP,hkp,Ankara,ankara,Ankara 2. Bölge,2,Gülay Erdem,11
HKP,hkp,Ankara,ankara,Ankara 2. Bölge,3,Mehmet Kuşcu,11
HKP,hkp,Ankara,ankara,Ankara 2. Bölge,4,Murat Kalkan,11
HKP,hkp,Ankara,ankara,Ankara 2. Bölge,5,Sevim Öner,11
HKP,hkp,Ankara,ankara,Ankara 2. Bölge,6,Sercan Şener,11
HKP,hkp,Ankara,ankara,Ankara 2. Bölge,7,Hülya Bozgun,11
HKP,hkp,Ankara,ankara,Ankara 2. Bölge,8,Berfin Nalinci,11
HKP,hkp,Ankara,ankara,Ankara 2. Bölge,9,Özgür Gürtan,11
HKP,hkp,Ankara,ankara,Ankara 2. Bölge,10,Emirhan Anıl Özkan,11
HKP,hkp,Ankara,ankara,Ankara 2. Bölge,11,Gönül Ulusoy Samut,11
HKP,hkp,Ankara,ankara,Ankara 3. Bölge,1,Azime Ayça Okur,12
HKP,hkp,Ankara,ankara,Ankara 3. Bölge,2,Ahmet Erdem,12
HKP,hkp,Ankara,ankara,Ankara 3. Bölge,3,Cihan Çakır,12
HKP,hkp,Ankara,ankara,Ankara 3. Bölge,4,Mustafa Deniz Çakır,12
HKP,hkp,Ankara,ankara,Ankara 3. Bölge,5,Bekir Sami Öztürk,12
HKP,hkp,Ankara,ankara,Ankara 3. Bölge,6,Saadet Gürtan,12
HKP,hkp,Ankara,ankara,Ankara 3. Bölge,7,Kıvılcım Zelal Kuşcu,12
HKP,hkp,Ankara,ankara,Ankara 3. Bölge,8,Burak Yavuz,12
HKP,hkp,Ankara,ankara,Ankara 3. Bölge,9,Gülay Bozgun,12
HKP,hkp,Ankara,ankara,Ankara 3. Bölge,10,Kadir Özdemir,12
HKP,hkp,Ankara,ankara,Ankara 3. Bölge,11,Seval Efe,12
HKP,hkp,Ankara,ankara,Ankara 3. Bölge,12,Naile Arıç,12
İyi Parti,iyiparti,Ankara,ankara,Ankara 1. Bölge,1,Koray Aydın,13
İyi Parti,iyiparti,Ankara,ankara,Ankara 1. Bölge,2,Ahmet Eşref Fakıbaba,13
İyi Parti,iyiparti,Ankara,ankara,Ankara 1. Bölge,3,Kevser Ofluoğlu,13
İyi Parti,iyiparti,Ankara,ankara,Ankara 1. Bölge,4,Yetkin Öztürk,13
İyi Parti,iyiparti,Ankara,ankara,Ankara 1. Bölge,5,Mine Baş,13
İyi Parti,iyiparti,Ankara,ankara,Ankara 1. Bölge,6,Burçin Çiçek,13
İyi Parti,iyiparti,Ankara,ankara,Ankara 1. Bölge,7,Metehan Erdem,13
İyi Parti,iyiparti,Ankara,ankara,Ankara 1. Bölge,8,Osman Topal,13
İyi Parti,iyiparti,Ankara,ankara,Ankara 1. Bölge,9,Onur Hondoroğlu,13
İyi Parti,iyiparti,Ankara,ankara,Ankara 1. Bölge,10,Ece Özen Akan,13
İyi Parti,iyiparti,Ankara,ankara,Ankara 1. Bölge,11,Ahmet Altıparmak,13
İyi Parti,iyiparti,Ankara,ankara,Ankara 1. Bölge,12,Ahmet Erenoğlu,13
İyi Parti,iyiparti,Ankara,ankara,Ankara 1. Bölge,13,Muhammet Ecel,13
İyi Parti,iyiparti,Ankara,ankara,Ankara 2. Bölge,1,Adnan Beker,11
İyi Parti,iyiparti,Ankara,ankara,Ankara 2. Bölge,2,Sedat Aksakallı,11
İyi Parti,iyiparti,Ankara,ankara,Ankara 2. Bölge,3,Uğurhan Ferudun Berat Tiryaki,11
İyi Parti,iyiparti,Ankara,ankara,Ankara 2. Bölge,4,Fatma Özkan,11
İyi Parti,iyiparti,Ankara,ankara,Ankara 2. Bölge,5,Muharrem Beşir,11
İyi Parti,iyiparti,Ankara,ankara,Ankara 2. Bölge,6,Ramazan Değerli,11
İyi Parti,iyiparti,Ankara,ankara,Ankara 2. Bölge,7,Erdoğan Yıldırım,11
İyi Parti,iyiparti,Ankara,ankara,Ankara 2. Bölge,8,Fatma Gülümser Birol,11
İyi Parti,iyiparti,Ankara,ankara,Ankara 2. Bölge,9,Nadir Çetinkaya,11
İyi Parti,iyiparti,Ankara,ankara,Ankara 2. Bölge,10,Özcan Dağgeç,11
İyi Parti,iyiparti,Ankara,ankara,Ankara 2. Bölge,11,Elmas Yağmur,11
İyi Parti,iyiparti,Ankara,ankara,Ankara 3. Bölge,1,Yüksel Arslan,12
İyi Parti,iyiparti,Ankara,ankara,Ankara 3. Bölge,2,Kürşad Zorlu,12
İyi Parti,iyiparti,Ankara,ankara,Ankara 3. Bölge,3,Fatih Koca,12
İyi Parti,iyiparti,Ankara,ankara,Ankara 3. Bölge,4,Sevin Çağlayan,12
İyi Parti,iyiparti,Ankara,ankara,Ankara 3. Bölge,5,Tamer Kayaalp,12
İyi Parti,iyiparti,Ankara,ankara,Ankara 3. Bölge,6,Serdar Sargın,12
İyi Parti,iyiparti,Ankara,ankara,Ankara 3. Bölge,7,Mehmet Arslan,12
İyi Parti,iyiparti,Ankara,ankara,Ankara 3. Bölge,8,Kadriye Ünler,12
İyi Parti,iyiparti,Ankara,ankara,Ankara 3. Bölge,9,Berna Şahin,12
İyi Parti,iyiparti,Ankara,ankara,Ankara 3. Bölge,10,Sevgi Yalav,12
İyi Parti,iyiparti,Ankara,ankara,Ankara 3. Bölge,11,Mustafa Tolga Öztürk,12
İyi Parti,iyiparti,Ankara,ankara,Ankara 3. Bölge,12,Mehtap Demirhan Özdemir,12
Memleket,memleket,Ankara,ankara,Ankara 1. Bölge,1,İpek Özkal Sayan,13
Memleket,memleket,Ankara,ankara,Ankara 1. Bölge,2,Halil İlker Çelik,13
Memleket,memleket,Ankara,ankara,Ankara 1. Bölge,3,Sibel Aracı,13
Memleket,memleket,Ankara,ankara,Ankara 1. Bölge,4,Ahmet Özalp,13
Memleket,memleket,Ankara,ankara,Ankara 1. Bölge,5,Mehmet Recai Ellialtıoğlu,13
Memleket,memleket,Ankara,ankara,Ankara 1. Bölge,6,Burak Özkorul,13
Memleket,memleket,Ankara,ankara,Ankara 1. Bölge,7,Ateş Özçelik,13
Memleket,memleket,Ankara,ankara,Ankara 1. Bölge,8,Levent Duran,13
Memleket,memleket,Ankara,ankara,Ankara 1. Bölge,9,Betülay İlhan,13
Memleket,memleket,Ankara,ankara,Ankara 1. Bölge,10,Deniz Ünlü,13
Memleket,memleket,Ankara,ankara,Ankara 1. Bölge,11,Ertuğrul Mete Yılmaz,13
Memleket,memleket,Ankara,ankara,Ankara 1. Bölge,12,Melih Haşim Altıntaş,13
Memleket,memleket,Ankara,ankara,Ankara 1. Bölge,13,Deniz Ali Mutlu,13
Memleket,memleket,Ankara,ankara,Ankara 2. Bölge,1,Hüseyin Avni Aksoy,11
Memleket,memleket,Ankara,ankara,Ankara 2. Bölge,2,Mehmet Berber,11
Memleket,memleket,Ankara,ankara,Ankara 2. Bölge,3,Hakkı Erman Eranıl,11
Memleket,memleket,Ankara,ankara,Ankara 2. Bölge,4,Onur Can İncu,11
Memleket,memleket,Ankara,ankara,Ankara 2. Bölge,5,Özkan Çelik,11
Memleket,memleket,Ankara,ankara,Ankara 2. Bölge,6,Ekin Ece Ünlü,11
Memleket,memleket,Ankara,ankara,Ankara 2. Bölge,7,Ahmet Konuk,11
Memleket,memleket,Ankara,ankara,Ankara 2. Bölge,8,Bahar Ata,11
Memleket,memleket,Ankara,ankara,Ankara 2. Bölge,9,Kubilay Ersan Akkanat,11
Memleket,memleket,Ankara,ankara,Ankara 2. Bölge,10,Tutku Özer,11
Memleket,memleket,Ankara,ankara,Ankara 2. Bölge,11,Serkan Kaplan,11
Memleket,memleket,Ankara,ankara,Ankara 3. Bölge,1,Yavuz Kayhan Yüregir,12
Memleket,memleket,Ankara,ankara,Ankara 3. Bölge,2,Mustafa Çağlayan,12
Memleket,memleket,Ankara,ankara,Ankara 3. Bölge,3,Ali Evren Eryıldız,12
Memleket,memleket,Ankara,ankara,Ankara 3. Bölge,4,Burak Savtur,12
Memleket,memleket,Ankara,ankara,Ankara 3. Bölge,5,Ziya Kirzuk,12
Memleket,memleket,Ankara,ankara,Ankara 3. Bölge,6,Yekta Faik Yılmaz,12
Memleket,memleket,Ankara,ankara,Ankara 3. Bölge,7,Mert Kaya,12
Memleket,memleket,Ankara,ankara,Ankara 3. Bölge,8,Abdurrahman Topçuoğlu,12
Memleket,memleket,Ankara,ankara,Ankara 3. Bölge,9,Çağrı Ünsal,12
Memleket,memleket,Ankara,ankara,Ankara 3. Bölge,10,Teoman Ersöz,12
Memleket,memleket,Ankara,ankara,Ankara 3. Bölge,11,Deniz Gökkaya,12
Memleket,memleket,Ankara,ankara,Ankara 3. Bölge,12,Aleyna Gülşen,12
MHP,mhp,Ankara,ankara,Ankara 1. Bölge,1,Mevlüt Karakaya,13
MHP,mhp,Ankara,ankara,Ankara 1. Bölge,2,Önder Kahveci,13
MHP,mhp,Ankara,ankara,Ankara 1. Bölge,3,Eyyup Yıldız,13
MHP,mhp,Ankara,ankara,Ankara 1. Bölge,4,İbrahim Çiftçi,13
MHP,mhp,Ankara,ankara,Ankara 1. Bölge,5,Oğuz Yılmaz,13
MHP,mhp,Ankara,ankara,Ankara 1. Bölge,6,Levent Çağlancı,13
MHP,mhp,Ankara,ankara,Ankara 1. Bölge,7,Şeniz Sezgin,13
MHP,mhp,Ankara,ankara,Ankara 1. Bölge,8,Yiğit Yılmaz,13
MHP,mhp,Ankara,ankara,Ankara 1. Bölge,9,Sultan Polat,13
MHP,mhp,Ankara,ankara,Ankara 1. Bölge,10,Funda Gülerer,13
MHP,mhp,Ankara,ankara,Ankara 1. Bölge,11,Murat Karakurt,13
MHP,mhp,Ankara,ankara,Ankara 1. Bölge,12,Ahmet Karagöz,13
MHP,mhp,Ankara,ankara,Ankara 1. Bölge,13,Adnan Yirik,13
MHP,mhp,Ankara,ankara,Ankara 2. Bölge,1,Sadir Durmaz,11
MHP,mhp,Ankara,ankara,Ankara 2. Bölge,2,Özgür Bayraktar,11
MHP,mhp,Ankara,ankara,Ankara 2. Bölge,3,Nevin Taşlıçay,11
MHP,mhp,Ankara,ankara,Ankara 2. Bölge,4,Ahmet Selim Yurdakul,11
MHP,mhp,Ankara,ankara,Ankara 2. Bölge,5,Cengiz Şahin,11
MHP,mhp,Ankara,ankara,Ankara 2. Bölge,6,Tarkan Toper,11
MHP,mhp,Ankara,ankara,Ankara 2. Bölge,7,Emine Güven Öztürk,11
MHP,mhp,Ankara,ankara,Ankara 2. Bölge,8,İlkay Uyar Kaba,11
MHP,mhp,Ankara,ankara,Ankara 2. Bölge,9,Ümmühani Coşkun,11
MHP,mhp,Ankara,ankara,Ankara 2. Bölge,10,Yusuf Tanık,11
MHP,mhp,Ankara,ankara,Ankara 2. Bölge,11,Levent Uğurlu,11
MHP,mhp,Ankara,ankara,Ankara 3. Bölge,1,Yaşar Yıldırım,12
MHP,mhp,Ankara,ankara,Ankara 3. Bölge,2,Erkan Haberal,12
MHP,mhp,Ankara,ankara,Ankara 3. Bölge,3,Seçkin Odabaşı,12
MHP,mhp,Ankara,ankara,Ankara 3. Bölge,4,Fatih Çetinkaya,12
MHP,mhp,Ankara,ankara,Ankara 3. Bölge,5,Özmen Alp Giray Erdemir,12
MHP,mhp,Ankara,ankara,Ankara 3. Bölge,6,Hayriye Aydın,12
MHP,mhp,Ankara,ankara,Ankara 3. Bölge,7,Erdinç Ölmez,12
MHP,mhp,Ankara,ankara,Ankara 3. Bölge,8,Yaşar Yukarıkır,12
MHP,mhp,Ankara,ankara,Ankara 3. Bölge,9,Bahri Batuhan Kurban,12
MHP,mhp,Ankara,ankara,Ankara 3. Bölge,10,Hüseyin Yılmaz,12
MHP,mhp,Ankara,ankara,Ankara 3. Bölge,11,Uğur Sadık,12
MHP,mhp,Ankara,ankara,Ankara 3. Bölge,12,Öznur Özen,12
MİLLET,millet,Ankara,ankara,Ankara 1. Bölge,1,Hacı Ali Özdemir,13
MİLLET,millet,Ankara,ankara,Ankara 1. Bölge,2,Mustafa Hayırdoğan,13
MİLLET,millet,Ankara,ankara,Ankara 1. Bölge,3,Meltem Ünal,13
MİLLET,millet,Ankara,ankara,Ankara 1. Bölge,4,Ali Osman Türkmen,13
MİLLET,millet,Ankara,ankara,Ankara 1. Bölge,5,Mümtaz Ak,13
MİLLET,millet,Ankara,ankara,Ankara 1. Bölge,6,Fatma Özdemir,13
MİLLET,millet,Ankara,ankara,Ankara 1. Bölge,7,Kadir Çetin,13
MİLLET,millet,Ankara,ankara,Ankara 1. Bölge,8,Ramazan Karadavut,13
MİLLET,millet,Ankara,ankara,Ankara 1. Bölge,9,Hasan Ural,13
MİLLET,millet,Ankara,ankara,Ankara 1. Bölge,10,Ali Semiz,13
MİLLET,millet,Ankara,ankara,Ankara 1. Bölge,11,Safiye Birgül Özmen,13
MİLLET,millet,Ankara,ankara,Ankara 1. Bölge,12,Ömer Lütfi Yaman,13
MİLLET,millet,Ankara,ankara,Ankara 1. Bölge,13,Salih Koç,13
MİLLET,millet,Ankara,ankara,Ankara 2. Bölge,1,Mehmet Can,11
MİLLET,millet,Ankara,ankara,Ankara 2. Bölge,2,İsmail Ev,11
MİLLET,millet,Ankara,ankara,Ankara 2. Bölge,3,Yusuf Zaim,11
MİLLET,millet,Ankara,ankara,Ankara 2. Bölge,4,Edibali Erdem,11
MİLLET,millet,Ankara,ankara,Ankara 2. Bölge,5,Metin Doğan,11
MİLLET,millet,Ankara,ankara,Ankara 2. Bölge,6,Cafer Tayyar Doğan,11
MİLLET,millet,Ankara,ankara,Ankara 2. Bölge,7,Ramazan Güzel,11
MİLLET,millet,Ankara,ankara,Ankara 2. Bölge,8,Mustafa Demir,11
MİLLET,millet,Ankara,ankara,Ankara 2. Bölge,9,Azmi Tat,11
MİLLET,millet,Ankara,ankara,Ankara 2. Bölge,10,Muhammed Rıdvan Sofuoğlu,11
MİLLET,millet,Ankara,ankara,Ankara 2. Bölge,11,Şerife Fatma Demir,11
MİLLET,millet,Ankara,ankara,Ankara 3. Bölge,1,Yusuf Elmalı,12
MİLLET,millet,Ankara,ankara,Ankara 3. Bölge,2,Ali Furkan Kahraman,12
MİLLET,millet,Ankara,ankara,Ankara 3. Bölge,3,Burhan Taştepe,12
MİLLET,millet,Ankara,ankara,Ankara 3. Bölge,4,Naci Yılmaz,12
MİLLET,millet,Ankara,ankara,Ankara 3. Bölge,5,Alper Duran,12
MİLLET,millet,Ankara,ankara,Ankara 3. Bölge,6,Selma Ayhan Ballı,12
MİLLET,millet,Ankara,ankara,Ankara 3. Bölge,7,Hasan Özdemir,12
MİLLET,millet,Ankara,ankara,Ankara 3. Bölge,8,İbrahim Bozoğlu,12
MİLLET,millet,Ankara,ankara,Ankara 3. Bölge,9,Şenay Soysal,12
MİLLET,millet,Ankara,ankara,Ankara 3. Bölge,10,Veysel Cavlak,12
MİLLET,millet,Ankara,ankara,Ankara 3. Bölge,11,Özlem Cırdı,12
MİLLET,millet,Ankara,ankara,Ankara 3. Bölge,12,Ali Özdemir,12
Milli Yol,milliyol,Ankara,ankara,Ankara 1. Bölge,1,Remzi Çayır,13
Milli Yol,milliyol,Ankara,ankara,Ankara 1. Bölge,2,Fırat Gülen,13
Milli Yol,milliyol,Ankara,ankara,Ankara 1. Bölge,3,Selim Şahin,13
Milli Yol,milliyol,Ankara,ankara,Ankara 1. Bölge,4,Barış Ezer,13
Milli Yol,milliyol,Ankara,ankara,Ankara 1. Bölge,5,Gamze Erol,13
Milli Yol,milliyol,Ankara,ankara,Ankara 1. Bölge,6,Cemil Aydilek,13
Milli Yol,milliyol,Ankara,ankara,Ankara 1. Bölge,7,Yavuz Arun,13
Milli Yol,milliyol,Ankara,ankara,Ankara 1. Bölge,8,Hasan Şen,13
Milli Yol,milliyol,Ankara,ankara,Ankara 1. Bölge,9,Eyyüp Özbek,13
Milli Yol,milliyol,Ankara,ankara,Ankara 1. Bölge,10,Gülşen Kuşçu,13
Milli Yol,milliyol,Ankara,ankara,Ankara 1. Bölge,11,Feridun Özata,13
Milli Yol,milliyol,Ankara,ankara,Ankara 1. Bölge,12,Fatıma Bağçeci,13
Milli Yol,milliyol,Ankara,ankara,Ankara 1. Bölge,13,Selahattin Serçe,13
Milli Yol,milliyol,Ankara,ankara,Ankara 2. Bölge,1,Haşim Yanar,11
Milli Yol,milliyol,Ankara,ankara,Ankara 2. Bölge,2,Cevat Özer,11
Milli Yol,milliyol,Ankara,ankara,Ankara 2. Bölge,3,Murat Çiftci,11
Milli Yol,milliyol,Ankara,ankara,Ankara 2. Bölge,4,Necip Sarıkaya,11
Milli Yol,milliyol,Ankara,ankara,Ankara 2. Bölge,5,Cihan Ökden,11
Milli Yol,milliyol,Ankara,ankara,Ankara 2. Bölge,6,Gamze Karakaş,11
Milli Yol,milliyol,Ankara,ankara,Ankara 2. Bölge,7,İzzettin Ataş,11
Milli Yol,milliyol,Ankara,ankara,Ankara 2. Bölge,8,Murat Balakar,11
Milli Yol,milliyol,Ankara,ankara,Ankara 2. Bölge,9,İbrahim Yağcıoğlu,11
Milli Yol,milliyol,Ankara,ankara,Ankara 2. Bölge,10,Faruk Babur,11
Milli Yol,milliyol,Ankara,ankara,Ankara 2. Bölge,11,Yonis Akdoğan,11
Milli Yol,milliyol,Ankara,ankara,Ankara 3. Bölge,1,Akın Türkdoğan,12
Milli Yol,milliyol,Ankara,ankara,Ankara 3. Bölge,2,Şeref Canlı,12
Milli Yol,milliyol,Ankara,ankara,Ankara 3. Bölge,3,Mukaddes Demirci,12
Milli Yol,milliyol,Ankara,ankara,Ankara 3. Bölge,4,Hasan Yavuz,12
Milli Yol,milliyol,Ankara,ankara,Ankara 3. Bölge,5,Gökhan Ağdaş,12
Milli Yol,milliyol,Ankara,ankara,Ankara 3. Bölge,6,Belma Özata,12
Milli Yol,milliyol,Ankara,ankara,Ankara 3. Bölge,7,Muammer Karaca,12
Milli Yol,milliyol,Ankara,ankara,Ankara 3. Bölge,8,Hüseyin Kapukaya,12
Milli Yol,milliyol,Ankara,ankara,Ankara 3. Bölge,9,Fevzi Göndemli,12
Milli Yol,milliyol,Ankara,ankara,Ankara 3. Bölge,10,Musa Çankaya,12
Milli Yol,milliyol,Ankara,ankara,Ankara 3. Bölge,11,Elif Oflaz,12
Milli Yol,milliyol,Ankara,ankara,Ankara 3. Bölge,12,Zehra Şahin,12
Sol Parti,solparti,Ankara,ankara,Ankara 1. Bölge,1,İsmail Hakkı Tombul,13
Sol Parti,solparti,Ankara,ankara,Ankara 1. Bölge,2,Derya İlker,13
Sol Parti,solparti,Ankara,ankara,Ankara 1. Bölge,3,Evrim Öztürk,13
Sol Parti,solparti,Ankara,ankara,Ankara 1. Bölge,4,Mihriban Karataş,13
Sol Parti,solparti,Ankara,ankara,Ankara 1. Bölge,5,Aylin Alçay Sepetoğlu,13
Sol Parti,solparti,Ankara,ankara,Ankara 1. Bölge,6,Ezgi Ergen Sürer,13
Sol Parti,solparti,Ankara,ankara,Ankara 1. Bölge,7,Hatice Dilek Soğancı,13
Sol Parti,solparti,Ankara,ankara,Ankara 1. Bölge,8,Olcay Yıldırım Evsen,13
Sol Parti,solparti,Ankara,ankara,Ankara 1. Bölge,9,Fatıma Erol,13
Sol Parti,solparti,Ankara,ankara,Ankara 1. Bölge,10,Mustafa Bingül,13
Sol Parti,solparti,Ankara,ankara,Ankara 1. Bölge,11,Ali Tuncay,13
Sol Parti,solparti,Ankara,ankara,Ankara 1. Bölge,12,Yasin Durak,13
Sol Parti,solparti,Ankara,ankara,Ankara 1. Bölge,13,Sercan Dede,13
Sol Parti,solparti,Ankara,ankara,Ankara 2. Bölge,1,Önder İşleyen,11
Sol Parti,solparti,Ankara,ankara,Ankara 2. Bölge,2,Dilek Topçu,11
Sol Parti,solparti,Ankara,ankara,Ankara 2. Bölge,3,Selda Kaplan,11
Sol Parti,solparti,Ankara,ankara,Ankara 2. Bölge,4,Dilek Çelik,11
Sol Parti,solparti,Ankara,ankara,Ankara 2. Bölge,5,Hülya Ayduğan,11
Sol Parti,solparti,Ankara,ankara,Ankara 2. Bölge,6,Nazlıcan Gökoğlu,11
Sol Parti,solparti,Ankara,ankara,Ankara 2. Bölge,7,Erkin Yıldız,11
Sol Parti,solparti,Ankara,ankara,Ankara 2. Bölge,8,Murat Güzel,11
Sol Parti,solparti,Ankara,ankara,Ankara 2. Bölge,9,Aydoğan Şanlıer,11
Sol Parti,solparti,Ankara,ankara,Ankara 2. Bölge,10,İhsan Akoğlu,11
Sol Parti,solparti,Ankara,ankara,Ankara 2. Bölge,11,Can Dirlik,11
Sol Parti,solparti,Ankara,ankara,Ankara 3. Bölge,1,Hasan Hayır,12
Sol Parti,solparti,Ankara,ankara,Ankara 3. Bölge,2,Pelin Elif Bektaş,12
Sol Parti,solparti,Ankara,ankara,Ankara 3. Bölge,3,Ayfer Nazlım,12
Sol Parti,solparti,Ankara,ankara,Ankara 3. Bölge,4,Zeynep Çatalkaya Bulunmaz,12
Sol Parti,solparti,Ankara,ankara,Ankara 3. Bölge,5,Seher Yaşar,12
Sol Parti,solparti,Ankara,ankara,Ankara 3. Bölge,6,Şehrinaz Artar,12
Sol Parti,solparti,Ankara,ankara,Ankara 3. Bölge,7,Saliha Aydın,12
Sol Parti,solparti,Ankara,ankara,Ankara 3. Bölge,8,Rafet Ersoy,12
Sol Parti,solparti,Ankara,ankara,Ankara 3. Bölge,9,Nusret Sulkalar,12
Sol Parti,solparti,Ankara,ankara,Ankara 3. Bölge,10,Deniz Soydan,12
Sol Parti,solparti,Ankara,ankara,Ankara 3. Bölge,11,Bilal Aktaş,12
Sol Parti,solparti,Ankara,ankara,Ankara 3. Bölge,12,Kemal Yılmaz,12
TİP,tip,Ankara,ankara,Ankara 2. Bölge,1,Özgür Aybaş,11
TİP,tip,Ankara,ankara,Ankara 2. Bölge,2,Yelda Koçak Urfa,11
TİP,tip,Ankara,ankara,Ankara 2. Bölge,3,Bektaş Rıza Hanedan,11
TİP,tip,Ankara,ankara,Ankara 2. Bölge,4,Deniz Can Aydın,11
TİP,tip,Ankara,ankara,Ankara 2. Bölge,5,Sevgi Hazır,11
TİP,tip,Ankara,ankara,Ankara 2. Bölge,6,Asiye Süllü,11
TİP,tip,Ankara,ankara,Ankara 2. Bölge,7,Fatih Özakoğlu,11
TİP,tip,Ankara,ankara,Ankara 2. Bölge,8,Mahir Ünsal Eriş,11
TİP,tip,Ankara,ankara,Ankara 2. Bölge,9,Barış Ağdoğan,11
TİP,tip,Ankara,ankara,Ankara 2. Bölge,10,Yersu Büyükdağ,11
TİP,tip,Ankara,ankara,Ankara 2. Bölge,11,Mustafa Ertarakçı,11
TİP,tip,Ankara,ankara,Ankara 3. Bölge,1,Ozan Bingöl,12
TİP,tip,Ankara,ankara,Ankara 3. Bölge,2,Misket Elif Çongur,12
TİP,tip,Ankara,ankara,Ankara 3. Bölge,3,Tuğba Gürsoy,12
TİP,tip,Ankara,ankara,Ankara 3. Bölge,4,Hediye Gülşen Karakadıoğlu,12
TİP,tip,Ankara,ankara,Ankara 3. Bölge,5,Dilara Mahmure Dolgunyürek,12
TİP,tip,Ankara,ankara,Ankara 3. Bölge,6,Ege Arda Anılan,12
TİP,tip,Ankara,ankara,Ankara 3. Bölge,7,Bekir Tuncay Çelen,12
TİP,tip,Ankara,ankara,Ankara 3. Bölge,8,Ozan Yurdakal,12
TİP,tip,Ankara,ankara,Ankara 3. Bölge,9,Mustafa Kolcu,12
TİP,tip,Ankara,ankara,Ankara 3. Bölge,10,Ebru Beşe,12
TİP,tip,Ankara,ankara,Ankara 3. Bölge,11,Ersin Baytemür,12
TİP,tip,Ankara,ankara,Ankara 3. Bölge,12,Ilgın Baran Öcal,12
TKH,tkh,Ankara,ankara,Ankara 1. Bölge,1,Cengiz Kılçer,13
TKH,tkh,Ankara,ankara,Ankara 1. Bölge,2,Ziya Bahçeci,13
TKH,tkh,Ankara,ankara,Ankara 1. Bölge,3,Eda Nur Aksoy,13
TKH,tkh,Ankara,ankara,Ankara 1. Bölge,4,Şahin Çalışkan,13
TKH,tkh,Ankara,ankara,Ankara 1. Bölge,5,Ozan Demircan,13
TKH,tkh,Ankara,ankara,Ankara 1. Bölge,6,Emre Tuğberk Şahin,13
TKH,tkh,Ankara,ankara,Ankara 1. Bölge,7,Ahmet Kırdaloğlu,13
TKH,tkh,Ankara,ankara,Ankara 1. Bölge,8,Gülben Erdem,13
TKH,tkh,Ankara,ankara,Ankara 1. Bölge,9,Hakan Aslan,13
TKH,tkh,Ankara,ankara,Ankara 1. Bölge,10,Zafer Kadri Ayal,13
TKH,tkh,Ankara,ankara,Ankara 1. Bölge,11,Uğur Aykut,13
TKH,tkh,Ankara,ankara,Ankara 1. Bölge,12,Coşkun Yazıcı,13
TKH,tkh,Ankara,ankara,Ankara 1. Bölge,13,Erhan Uygun,13
TKH,tkh,Ankara,ankara,Ankara 2. Bölge,1,Erkan Kılıç,11
TKH,tkh,Ankara,ankara,Ankara 2. Bölge,2,Murat Çelik,11
TKH,tkh,Ankara,ankara,Ankara 2. Bölge,3,Şiar Demir,11
TKH,tkh,Ankara,ankara,Ankara 2. Bölge,4,Ümmügülsüm Şahin,11
TKH,tkh,Ankara,ankara,Ankara 2. Bölge,5,Batuhan Sayman,11
TKH,tkh,Ankara,ankara,Ankara 2. Bölge,6,Gülten Topay Bilgi,11
TKH,tkh,Ankara,ankara,Ankara 2. Bölge,7,Berke Başbuğa,11
TKH,tkh,Ankara,ankara,Ankara 2. Bölge,8,Nizameddin Karadaş,11
TKH,tkh,Ankara,ankara,Ankara 2. Bölge,9,Nuriye Karadaş,11
TKH,tkh,Ankara,ankara,Ankara 2. Bölge,10,Besim Tuzlu,11
TKH,tkh,Ankara,ankara,Ankara 2. Bölge,11,Pehlivan Kızılırmak,11
TKH,tkh,Ankara,ankara,Ankara 3. Bölge,1,Evrim Saldıran,12
TKH,tkh,Ankara,ankara,Ankara 3. Bölge,2,Ayten Harmancılar,12
TKH,tkh,Ankara,ankara,Ankara 3. Bölge,3,Fatma Yakoğlu,12
TKH,tkh,Ankara,ankara,Ankara 3. Bölge,4,Kasım Turan,12
TKH,tkh,Ankara,ankara,Ankara 3. Bölge,5,İlker Dertli,12
TKH,tkh,Ankara,ankara,Ankara 3. Bölge,6,Suat Gençağ,12
TKH,tkh,Ankara,ankara,Ankara 3. Bölge,7,Büşra Tan,12
TKH,tkh,Ankara,ankara,Ankara 3. Bölge,8,Mert Ali Şenol,12
TKH,tkh,Ankara,ankara,Ankara 3. Bölge,9,Enes Yayla,12
TKH,tkh,Ankara,ankara,Ankara 3. Bölge,10,Deniz Önder,12
TKH,tkh,Ankara,ankara,Ankara 3. Bölge,11,Eylül İşbilir,12
TKH,tkh,Ankara,ankara,Ankara 3. Bölge,12,Cihat Satıcı,12
TKP,tkp,Ankara,ankara,Ankara 1. Bölge,1,Zeynep Bolat Ünal,13
TKP,tkp,Ankara,ankara,Ankara 1. Bölge,2,Tolga Köksal,13
TKP,tkp,Ankara,ankara,Ankara 1. Bölge,3,İremsu Balcı,13
TKP,tkp,Ankara,ankara,Ankara 1. Bölge,4,Güven Akdaş,13
TKP,tkp,Ankara,ankara,Ankara 1. Bölge,5,Şenay Keçeci,13
TKP,tkp,Ankara,ankara,Ankara 1. Bölge,6,Fatma Korur,13
TKP,tkp,Ankara,ankara,Ankara 1. Bölge,7,Hicran Danışan,13
TKP,tkp,Ankara,ankara,Ankara 1. Bölge,8,Zehra Canan,13
TKP,tkp,Ankara,ankara,Ankara 1. Bölge,9,Asuman Alkoyak,13
TKP,tkp,Ankara,ankara,Ankara 1. Bölge,10,Yıldız Ünal,13
TKP,tkp,Ankara,ankara,Ankara 1. Bölge,11,Güldane Gündüç,13
TKP,tkp,Ankara,ankara,Ankara 1. Bölge,12,Işın Sakallı,13
TKP,tkp,Ankara,ankara,Ankara 1. Bölge,13,Ulaş Kara,13
TKP,tkp,Ankara,ankara,Ankara 2. Bölge,1,Leman Ardoğan,11
TKP,tkp,Ankara,ankara,Ankara 2. Bölge,2,Yasin Çalış,11
TKP,tkp,Ankara,ankara,Ankara 2. Bölge,3,Coşkun Gök,11
TKP,tkp,Ankara,ankara,Ankara 2. Bölge,4,Yusuf Şaylan,11
TKP,tkp,Ankara,ankara,Ankara 2. Bölge,5,Burak Efe Dirim,11
TKP,tkp,Ankara,ankara,Ankara 2. Bölge,6,Ferhat Şahin,11
TKP,tkp,Ankara,ankara,Ankara 2. Bölge,7,Ayşe Çetin,11
TKP,tkp,Ankara,ankara,Ankara 2. Bölge,8,Mustafa Kozanlı,11
TKP,tkp,Ankara,ankara,Ankara 2. Bölge,9,Botan Kızılkaya,11
TKP,tkp,Ankara,ankara,Ankara 2. Bölge,10,Yasemin Tığın,11
TKP,tkp,Ankara,ankara,Ankara 2. Bölge,11,Hasan Ata Yıkar,11
TKP,tkp,Ankara,ankara,Ankara 3. Bölge,1,Menderes Gündüz,12
TKP,tkp,Ankara,ankara,Ankara 3. Bölge,2,Bayram Uluad,12
TKP,tkp,Ankara,ankara,Ankara 3. Bölge,3,Hüseyin Öztürk,12
TKP,tkp,Ankara,ankara,Ankara 3. Bölge,4,Zorlu Paksoy,12
TKP,tkp,Ankara,ankara,Ankara 3. Bölge,5,İlter Aslaner,12
TKP,tkp,Ankara,ankara,Ankara 3. Bölge,6,Aslıtürk Çallı,12
TKP,tkp,Ankara,ankara,Ankara 3. Bölge,7,Raşit Seymen,12
TKP,tkp,Ankara,ankara,Ankara 3. Bölge,8,Serkan İğde,12
TKP,tkp,Ankara,ankara,Ankara 3. Bölge,9,Ruhi Uyar,12
TKP,tkp,Ankara,ankara,Ankara 3. Bölge,10,Mahir Bayram,12
TKP,tkp,Ankara,ankara,Ankara 3. Bölge,11,Okan Keleş,12
TKP,tkp,Ankara,ankara,Ankara 3. Bölge,12,Arda Yavuz,12
Vatan,vatanpartisi,Ankara,ankara,Ankara 1. Bölge,1,Hasan Korkmazcan,13
Vatan,vatanpartisi,Ankara,ankara,Ankara 1. Bölge,2,Utku Reyhan,13
Vatan,vatanpartisi,Ankara,ankara,Ankara 1. Bölge,3,Kayahan Çetin,13
Vatan,vatanpartisi,Ankara,ankara,Ankara 1. Bölge,4,Fatma Sibel Arslantürk,13
Vatan,vatanpartisi,Ankara,ankara,Ankara 1. Bölge,5,Hasan Fırat Kayaönü,13
Vatan,vatanpartisi,Ankara,ankara,Ankara 1. Bölge,6,Fehmi Doğan,13
Vatan,vatanpartisi,Ankara,ankara,Ankara 1. Bölge,7,Aysan Canver,13
Vatan,vatanpartisi,Ankara,ankara,Ankara 1. Bölge,8,Aykut Diş,13
Vatan,vatanpartisi,Ankara,ankara,Ankara 1. Bölge,9,Pars Turan,13
Vatan,vatanpartisi,Ankara,ankara,Ankara 1. Bölge,10,Özcan Güven,13
Vatan,vatanpartisi,Ankara,ankara,Ankara 1. Bölge,11,Cemil Gözel,13
Vatan,vatanpartisi,Ankara,ankara,Ankara 1. Bölge,12,Can Alkaç,13
Vatan,vatanpartisi,Ankara,ankara,Ankara 1. Bölge,13,Süeda Sümeyye Babacan,13
Vatan,vatanpartisi,Ankara,ankara,Ankara 2. Bölge,1,Özgür Bursalı,11
Vatan,vatanpartisi,Ankara,ankara,Ankara 2. Bölge,2,Nusret Senem,11
Vatan,vatanpartisi,Ankara,ankara,Ankara 2. Bölge,3,Ziya Kafes,11
Vatan,vatanpartisi,Ankara,ankara,Ankara 2. Bölge,4,Deniz Tokgöz,11
Vatan,vatanpartisi,Ankara,ankara,Ankara 2. Bölge,5,Merve Ayvalı,11
Vatan,vatanpartisi,Ankara,ankara,Ankara 2. Bölge,6,Erdem Cömert,11
Vatan,vatanpartisi,Ankara,ankara,Ankara 2. Bölge,7,Anıl Eren Yıldız,11
Vatan,vatanpartisi,Ankara,ankara,Ankara 2. Bölge,8,Şule Uncu,11
Vatan,vatanpartisi,Ankara,ankara,Ankara 2. Bölge,9,İbrahim Toraman,11
Vatan,vatanpartisi,Ankara,ankara,Ankara 2. Bölge,10,Serap Zehal,11
Vatan,vatanpartisi,Ankara,ankara,Ankara 2. Bölge,11,Agah Kutlu,11
Vatan,vatanpartisi,Ankara,ankara,Ankara 3. Bölge,1,Şehmus Yıldırım Gençer,12
Vatan,vatanpartisi,Ankara,ankara,Ankara 3. Bölge,2,Ercan Enç,12
Vatan,vatanpartisi,Ankara,ankara,Ankara 3. Bölge,3,Tahsin Murat Demirbaş,12
Vatan,vatanpartisi,Ankara,ankara,Ankara 3. Bölge,4,Mustafa Aynur,12
Vatan,vatanpartisi,Ankara,ankara,Ankara 3. Bölge,5,Gülser Bektaş,12
Vatan,vatanpartisi,Ankara,ankara,Ankara 3. Bölge,6,Berke Mustafa Berkil,12
Vatan,vatanpartisi,Ankara,ankara,Ankara 3. Bölge,7,Aydın Karataş,12
Vatan,vatanpartisi,Ankara,ankara,Ankara 3. Bölge,8,Perihan Karagöllü,12
Vatan,vatanpartisi,Ankara,ankara,Ankara 3. Bölge,9,Zübeyde Meral Maden,12
Vatan,vatanpartisi,Ankara,ankara,Ankara 3. Bölge,10,İbrahim Orçun Göktürk,12
Vatan,vatanpartisi,Ankara,ankara,Ankara 3. Bölge,11,Can Aybars Bilgicier,12
Vatan,vatanpartisi,Ankara,ankara,Ankara 3. Bölge,12,Şenay Koçyiğit Özdoğan,12
Y.Refah,yenidenrefah,Ankara,ankara,Ankara 1. Bölge,1,Cengiz Zor,13
Y.Refah,yenidenrefah,Ankara,ankara,Ankara 1. Bölge,2,Mehmet Kaderli,13
Y.Refah,yenidenrefah,Ankara,ankara,Ankara 1. Bölge,3,Nureddin Gül,13
Y.Refah,yenidenrefah,Ankara,ankara,Ankara 1. Bölge,4,Tevfik Öztürk,13
Y.Refah,yenidenrefah,Ankara,ankara,Ankara 1. Bölge,5,Murat Çelebi,13
Y.Refah,yenidenrefah,Ankara,ankara,Ankara 1. Bölge,6,Erdoğan Cineviz,13
Y.Refah,yenidenrefah,Ankara,ankara,Ankara 1. Bölge,7,Yalçın Akman,13
Y.Refah,yenidenrefah,Ankara,ankara,Ankara 1. Bölge,8,Ramazan Menteşe,13
Y.Refah,yenidenrefah,Ankara,ankara,Ankara 1. Bölge,9,Elvan Tetik,13
Y.Refah,yenidenrefah,Ankara,ankara,Ankara 1. Bölge,10,Ercan Çetin,13
Y.Refah,yenidenrefah,Ankara,ankara,Ankara 1. Bölge,11,İbrahim Erdoğan,13
Y.Refah,yenidenrefah,Ankara,ankara,Ankara 1. Bölge,12,Zeynep Yalaz,13
Y.Refah,yenidenrefah,Ankara,ankara,Ankara 1. Bölge,13,Abdulkadir Atmaca,13
Y.Refah,yenidenrefah,Ankara,ankara,Ankara 2. Bölge,1,Sacit Günbey,11
Y.Refah,yenidenrefah,Ankara,ankara,Ankara 2. Bölge,2,Mehmet Fatih Öztek,11
Y.Refah,yenidenrefah,Ankara,ankara,Ankara 2. Bölge,3,Melih Güner,11
Y.Refah,yenidenrefah,Ankara,ankara,Ankara 2. Bölge,4,Dilek Çelik,11
Y.Refah,yenidenrefah,Ankara,ankara,Ankara 2. Bölge,5,Abdulkadir Yılmaz,11
Y.Refah,yenidenrefah,Ankara,ankara,Ankara 2. Bölge,6,Hüseyin Ekinci,11
Y.Refah,yenidenrefah,Ankara,ankara,Ankara 2. Bölge,7,Yahya Coşkunsu,11
Y.Refah,yenidenrefah,Ankara,ankara,Ankara 2. Bölge,8,İbrahim Çakır,11
Y.Refah,yenidenrefah,Ankara,ankara,Ankara 2. Bölge,9,Erhan Şengül,11
Y.Refah,yenidenrefah,Ankara,ankara,Ankara 2. Bölge,10,Yüksel Bilal Adak,11
Y.Refah,yenidenrefah,Ankara,ankara,Ankara 2. Bölge,11,Nuh Yaser Yıldırım,11
Y.Refah,yenidenrefah,Ankara,ankara,Ankara 3. Bölge,1,Mehmet Fatih Uğurlu,12
Y.Refah,yenidenrefah,Ankara,ankara,Ankara 3. Bölge,2,Selçuk Geyveli,12
Y.Refah,yenidenrefah,Ankara,ankara,Ankara 3. Bölge,3,Bahattin Sungur,12
Y.Refah,yenidenrefah,Ankara,ankara,Ankara 3. Bölge,4,Bülent Osman Osmanağaoğlu,12
Y.Refah,yenidenrefah,Ankara,ankara,Ankara 3. Bölge,5,Zeki Uçar,12
Y.Refah,yenidenrefah,Ankara,ankara,Ankara 3. Bölge,6,Ülkü Yenidünya,12
Y.Refah,yenidenrefah,Ankara,ankara,Ankara 3. Bölge,7,Mehmet Altıngöz,12
Y.Refah,yenidenrefah,Ankara,ankara,Ankara 3. Bölge,8,Muhammed Enes Alpyıldız,12
Y.Refah,yenidenrefah,Ankara,ankara,Ankara 3. Bölge,9,Aytaç Kılıç,12
Y.Refah,yenidenrefah,Ankara,ankara,Ankara 3. Bölge,10,Hilal Çekmen,12
Y.Refah,yenidenrefah,Ankara,ankara,Ankara 3. Bölge,11,Zümrüde Kayabaşı,12
Y.Refah,yenidenrefah,Ankara,ankara,Ankara 3. Bölge,12,Veysel Görgülü,12
Y.Sol Parti,yesilsolparti,Ankara,ankara,Ankara 1. Bölge,1,Emirali Türkmen,13
Y.Sol Parti,yesilsolparti,Ankara,ankara,Ankara 1. Bölge,2,Selma Gürkan,13
Y.Sol Parti,yesilsolparti,Ankara,ankara,Ankara 1. Bölge,3,Ali Özkan,13
Y.Sol Parti,yesilsolparti,Ankara,ankara,Ankara 1. Bölge,4,Ruken Dilara Zaf,13
Y.Sol Parti,yesilsolparti,Ankara,ankara,Ankara 1. Bölge,5,Ercan Sadık İpekçi,13
Y.Sol Parti,yesilsolparti,Ankara,ankara,Ankara 1. Bölge,6,Sıla Altun,13
Y.Sol Parti,yesilsolparti,Ankara,ankara,Ankara 1. Bölge,7,Çağdaş Küpeli,13
Y.Sol Parti,yesilsolparti,Ankara,ankara,Ankara 1. Bölge,8,Zişan Kürüm Yılmaz,13
Y.Sol Parti,yesilsolparti,Ankara,ankara,Ankara 1. Bölge,9,Mehmet Akın Atauz,13
Y.Sol Parti,yesilsolparti,Ankara,ankara,Ankara 1. Bölge,10,Hatice Göz,13
Y.Sol Parti,yesilsolparti,Ankara,ankara,Ankara 1. Bölge,11,Bülent Kaya,13
Y.Sol Parti,yesilsolparti,Ankara,ankara,Ankara 1. Bölge,12,Erol Akkuş,13
Y.Sol Parti,yesilsolparti,Ankara,ankara,Ankara 1. Bölge,13,Ufuk Özel,13
Y.Sol Parti,yesilsolparti,Ankara,ankara,Ankara 2. Bölge,1,İhsan Seylan,11
Y.Sol Parti,yesilsolparti,Ankara,ankara,Ankara 2. Bölge,2,Gülten Kahraman,11
Y.Sol Parti,yesilsolparti,Ankara,ankara,Ankara 2. Bölge,3,Evren Çevik,11
Y.Sol Parti,yesilsolparti,Ankara,ankara,Ankara 2. Bölge,4,Sima Ari,11
Y.Sol Parti,yesilsolparti,Ankara,ankara,Ankara 2. Bölge,5,Hüseyin Gevher,11
Y.Sol Parti,yesilsolparti,Ankara,ankara,Ankara 2. Bölge,6,Mustafa Yavaşoğlu,11
Y.Sol Parti,yesilsolparti,Ankara,ankara,Ankara 2. Bölge,7,Murat Çelik,11
Y.Sol Parti,yesilsolparti,Ankara,ankara,Ankara 2. Bölge,8,Nimet Polat Karabuğa,11
Y.Sol Parti,yesilsolparti,Ankara,ankara,Ankara 2. Bölge,9,Bahyettin Batur,11
Y.Sol Parti,yesilsolparti,Ankara,ankara,Ankara 2. Bölge,10,Sevgül Yalçın,11
Y.Sol Parti,yesilsolparti,Ankara,ankara,Ankara 2. Bölge,11,Semra Karakoç,11
Y.Sol Parti,yesilsolparti,Ankara,ankara,Ankara 3. Bölge,1,Metin Kılıç,12
Y.Sol Parti,yesilsolparti,Ankara,ankara,Ankara 3. Bölge,2,Alişan Şahin,12
Y.Sol Parti,yesilsolparti,Ankara,ankara,Ankara 3. Bölge,3,Özlem Boyraz Özel,12
Y.Sol Parti,yesilsolparti,Ankara,ankara,Ankara 3. Bölge,4,İsmet İlkutlu,12
Y.Sol Parti,yesilsolparti,Ankara,ankara,Ankara 3. Bölge,5,Cemal Altın,12
Y.Sol Parti,yesilsolparti,Ankara,ankara,Ankara 3. Bölge,6,Hüseyin Özkan,12
Y.Sol Parti,yesilsolparti,Ankara,ankara,Ankara 3. Bölge,7,Hacer Kelleci Kaplan,12
Y.Sol Parti,yesilsolparti,Ankara,ankara,Ankara 3. Bölge,8,Sadık Yıldız,12
Y.Sol Parti,yesilsolparti,Ankara,ankara,Ankara 3. Bölge,9,Deniz Keleş,12
Y.Sol Parti,yesilsolparti,Ankara,ankara,Ankara 3. Bölge,10,Mehmet Veysel Temel,12
Y.Sol Parti,yesilsolparti,Ankara,ankara,Ankara 3. Bölge,11,Muhbet Akın,12
Y.Sol Parti,yesilsolparti,Ankara,ankara,Ankara 3. Bölge,12,Özcan Oti,12
YP,yp,Ankara,ankara,Ankara 2. Bölge,1,Esra Altun,11
YP,yp,Ankara,ankara,Ankara 2. Bölge,2,Elveda Tanık,11
YP,yp,Ankara,ankara,Ankara 2. Bölge,3,Nalan Özyüksel,11
YP,yp,Ankara,ankara,Ankara 2. Bölge,4,Gülay Yılmaz,11
YP,yp,Ankara,ankara,Ankara 2. Bölge,5,Filiz Coşkunoğlu,11
YP,yp,Ankara,ankara,Ankara 2. Bölge,6,Haydar Yetiş,11
YP,yp,Ankara,ankara,Ankara 2. Bölge,7,Göksel Sönmezer,11
YP,yp,Ankara,ankara,Ankara 2. Bölge,8,Oğuzhan Kocakaya,11
YP,yp,Ankara,ankara,Ankara 2. Bölge,9,Alihan Aktaş,11
YP,yp,Ankara,ankara,Ankara 2. Bölge,10,İsmail Yıldız,11
YP,yp,Ankara,ankara,Ankara 2. Bölge,11,Ramazan Tüner,11
YP,yp,Ankara,ankara,Ankara 3. Bölge,1,Öztürk Yılmaz,12
YP,yp,Ankara,ankara,Ankara 3. Bölge,2,Şener Gürer,12
YP,yp,Ankara,ankara,Ankara 3. Bölge,3,Savaş Karataş,12
YP,yp,Ankara,ankara,Ankara 3. Bölge,4,Belgin Saydan,12
YP,yp,Ankara,ankara,Ankara 3. Bölge,5,Ata Alp Sercan,12
YP,yp,Ankara,ankara,Ankara 3. Bölge,6,Derviş Öztürk,12
YP,yp,Ankara,ankara,Ankara 3. Bölge,7,Asuman Özdemir,12
YP,yp,Ankara,ankara,Ankara 3. Bölge,8,Ayten Birinci Erciyas,12
YP,yp,Ankara,ankara,Ankara 3. Bölge,9,Hamdi Can Özkoçak,12
YP,yp,Ankara,ankara,Ankara 3. Bölge,10,Dilber Akgül,12
YP,yp,Ankara,ankara,Ankara 3. Bölge,11,Tolga Akyol,12
YP,yp,Ankara,ankara,Ankara 3. Bölge,12,Mert Can Aslan,12
Zafer,zaferpartisi,Ankara,ankara,Ankara 1. Bölge,1,Mehmet Ali Şehirlioğlu,13
Zafer,zaferpartisi,Ankara,ankara,Ankara 1. Bölge,2,Aslan Yaman,13
Zafer,zaferpartisi,Ankara,ankara,Ankara 1. Bölge,3,Semih Dikkatli,13
Zafer,zaferpartisi,Ankara,ankara,Ankara 1. Bölge,4,Esmaül Hüsna Aslan,13
Zafer,zaferpartisi,Ankara,ankara,Ankara 1. Bölge,5,İsmail Özgür Berkman,13
Zafer,zaferpartisi,Ankara,ankara,Ankara 1. Bölge,6,Çınar Coşkunserçe,13
Zafer,zaferpartisi,Ankara,ankara,Ankara 1. Bölge,7,Aykut Azgur,13
Zafer,zaferpartisi,Ankara,ankara,Ankara 1. Bölge,8,Mustafa Şükrüoğlu,13
Zafer,zaferpartisi,Ankara,ankara,Ankara 1. Bölge,9,Güçlü Emre Özgür,13
Zafer,zaferpartisi,Ankara,ankara,Ankara 1. Bölge,10,Adnan Giray Ergül,13
Zafer,zaferpartisi,Ankara,ankara,Ankara 1. Bölge,11,Remziye Yavuz,13
Zafer,zaferpartisi,Ankara,ankara,Ankara 1. Bölge,12,Fatma Ahsen Güven,13
Zafer,zaferpartisi,Ankara,ankara,Ankara 1. Bölge,13,Eyüp Güler,13
Zafer,zaferpartisi,Ankara,ankara,Ankara 2. Bölge,1,Seyit Yücel,11
Zafer,zaferpartisi,Ankara,ankara,Ankara 2. Bölge,2,Hayati Bice,11
Zafer,zaferpartisi,Ankara,ankara,Ankara 2. Bölge,3,Vedat Şahaner,11
Zafer,zaferpartisi,Ankara,ankara,Ankara 2. Bölge,4,Mehmet Güven,11
Zafer,zaferpartisi,Ankara,ankara,Ankara 2. Bölge,5,Kenan Kermen,11
Zafer,zaferpartisi,Ankara,ankara,Ankara 2. Bölge,6,Erol Kaplan,11
Zafer,zaferpartisi,Ankara,ankara,Ankara 2. Bölge,7,Zeynep Göksu,11
Zafer,zaferpartisi,Ankara,ankara,Ankara 2. Bölge,8,Burak Demirhan,11
Zafer,zaferpartisi,Ankara,ankara,Ankara 2. Bölge,9,Tevfik Alper Yorga,11
Zafer,zaferpartisi,Ankara,ankara,Ankara 2. Bölge,10,Şeref Uylaş,11
Zafer,zaferpartisi,Ankara,ankara,Ankara 2. Bölge,11,Şahin Önalan,11
Zafer,zaferpartisi,Ankara,ankara,Ankara 3. Bölge,1,Lütfü Şahsuvaroğlu,12
Zafer,zaferpartisi,Ankara,ankara,Ankara 3. Bölge,2,Koçak Tükenmez,12
Zafer,zaferpartisi,Ankara,ankara,Ankara 3. Bölge,3,Hüseyin Solak,12
Zafer,zaferpartisi,Ankara,ankara,Ankara 3. Bölge,4,Mustafa Demir,12
Zafer,zaferpartisi,Ankara,ankara,Ankara 3. Bölge,5,Latife Meltem Savaş Yasankal,12
Zafer,zaferpartisi,Ankara,ankara,Ankara 3. Bölge,6,Serdar Özveri,12
Zafer,zaferpartisi,Ankara,ankara,Ankara 3. Bölge,7,Betül Yeniçeri,12
Zafer,zaferpartisi,Ankara,ankara,Ankara 3. Bölge,8,Kerem Yürümez,12
Zafer,zaferpartisi,Ankara,ankara,Ankara 3. Bölge,9,Eren Nahya,12
Zafer,zaferpartisi,Ankara,ankara,Ankara 3. Bölge,10,Şeymanur Aklan,12
Zafer,zaferpartisi,Ankara,ankara,Ankara 3. Bölge,11,Eren Kaplan,12
Zafer,zaferpartisi,Ankara,ankara,Ankara 3. Bölge,12,Süleyman Selim Kısırkaya,12
AB,ab,Antalya,antalya,Antalya,1,Özhun Özkan,17
AB,ab,Antalya,antalya,Antalya,2,Burcu Geneş,17
AB,ab,Antalya,antalya,Antalya,3,Mehmet Hancı,17
AB,ab,Antalya,antalya,Antalya,4,Serhan Tiryaki,17
AB,ab,Antalya,antalya,Antalya,5,Jale Ece,17
AB,ab,Antalya,antalya,Antalya,6,Ümit Duman,17
AB,ab,Antalya,antalya,Antalya,7,Batuhan Türkmen,17
AB,ab,Antalya,antalya,Antalya,8,Yusuf İslam İrci,17
AB,ab,Antalya,antalya,Antalya,9,Ekrem Bektaş,17
AB,ab,Antalya,antalya,Antalya,10,Şükrü Sinan Sözkesen,17
AB,ab,Antalya,antalya,Antalya,11,Mevlüt Koca,17
AB,ab,Antalya,antalya,Antalya,12,Zekeriya Sekmen,17
AB,ab,Antalya,antalya,Antalya,13,Taha Hüseyin Gümüş,17
AB,ab,Antalya,antalya,Antalya,14,Bahattin Taylan Özbekler,17
AB,ab,Antalya,antalya,Antalya,15,Çetin Gedik,17
AB,ab,Antalya,antalya,Antalya,16,Erhan Yalçın,17
AB,ab,Antalya,antalya,Antalya,17,Celal Köşker,17
Adalet,ap,Antalya,antalya,Antalya,1,Beşir Aksoy,17
Adalet,ap,Antalya,antalya,Antalya,2,Ayla Çetin,17
Adalet,ap,Antalya,antalya,Antalya,3,Musa Aslan,17
Adalet,ap,Antalya,antalya,Antalya,4,Ferah Özcan,17
Adalet,ap,Antalya,antalya,Antalya,5,Kamil Kuten Çekem,17
Adalet,ap,Antalya,antalya,Antalya,6,Faruk Gündoğan,17
Adalet,ap,Antalya,antalya,Antalya,7,Abdulhamid Akpınaroğlu,17
Adalet,ap,Antalya,antalya,Antalya,8,İhsan Gültekin,17
Adalet,ap,Antalya,antalya,Antalya,9,Ali Erdemir,17
Adalet,ap,Antalya,antalya,Antalya,10,Süleyman Can,17
Adalet,ap,Antalya,antalya,Antalya,11,Elif Narman Suligöz,17
Adalet,ap,Antalya,antalya,Antalya,12,Hüseyin Çimen,17
Adalet,ap,Antalya,antalya,Antalya,13,Ayşe Yıldız Eskin,17
Adalet,ap,Antalya,antalya,Antalya,14,Canan Özden,17
Adalet,ap,Antalya,antalya,Antalya,15,Celil Özkaya,17
Adalet,ap,Antalya,antalya,Antalya,16,Muharrem Kurt,17
Adalet,ap,Antalya,antalya,Antalya,17,Ayhan Çiftçi,17
AK Parti,akparti,Antalya,antalya,Antalya,1,Mevlüt Çavuşoğlu,17
AK Parti,akparti,Antalya,antalya,Antalya,2,Mustafa Köse,17
AK Parti,akparti,Antalya,antalya,Antalya,3,Tuba Vural Çokal,17
AK Parti,akparti,Antalya,antalya,Antalya,4,Kemal Çelik,17
AK Parti,akparti,Antalya,antalya,Antalya,5,Atay Uslu,17
AK Parti,akparti,Antalya,antalya,Antalya,6,İbrahim Ethem Taş,17
AK Parti,akparti,Antalya,antalya,Antalya,7,Kuddusi Müftüoğlu,17
AK Parti,akparti,Antalya,antalya,Antalya,8,İzzettin Sultanyar,17
AK Parti,akparti,Antalya,antalya,Antalya,9,Tülay Beşkonak Özçay,17
AK Parti,akparti,Antalya,antalya,Antalya,10,Yusuf Mayıslar,17
AK Parti,akparti,Antalya,antalya,Antalya,11,Betül Demirok,17
AK Parti,akparti,Antalya,antalya,Antalya,12,Rüştü Peker,17
AK Parti,akparti,Antalya,antalya,Antalya,13,Ferah Nur Ünal,17
AK Parti,akparti,Antalya,antalya,Antalya,14,Özcan Yıldırım,17
AK Parti,akparti,Antalya,antalya,Antalya,15,Mehmet Uysal,17
AK Parti,akparti,Antalya,antalya,Antalya,16,Yahya Turgut,17
AK Parti,akparti,Antalya,antalya,Antalya,17,İbrahim Bayuk,17
ANAP,anap,Antalya,antalya,Antalya,1,Alihan Kansu,17
ANAP,anap,Antalya,antalya,Antalya,2,Murat Kurt,17
ANAP,anap,Antalya,antalya,Antalya,3,Gülfem Gürlek,17
ANAP,anap,Antalya,antalya,Antalya,4,Yusuf Yaman,17
ANAP,anap,Antalya,antalya,Antalya,5,Hakan Urhan,17
ANAP,anap,Antalya,antalya,Antalya,6,Murat Düşüncelier,17
ANAP,anap,Antalya,antalya,Antalya,7,Ahmet Kaya,17
ANAP,anap,Antalya,antalya,Antalya,8,Memnune Kayhan,17
ANAP,anap,Antalya,antalya,Antalya,9,Ramazan Şanlı,17
ANAP,anap,Antalya,antalya,Antalya,10,Mehmet Karaağaç,17
ANAP,anap,Antalya,antalya,Antalya,11,Yağmur Ece Doğan,17
ANAP,anap,Antalya,antalya,Antalya,12,Selda Bozan,17
ANAP,anap,Antalya,antalya,Antalya,13,Sıla Bozdağ,17
ANAP,anap,Antalya,antalya,Antalya,14,Hüsniye Yalçın,17
ANAP,anap,Antalya,antalya,Antalya,15,Mert Celil Yaman,17
ANAP,anap,Antalya,antalya,Antalya,16,Murat Doğru,17
ANAP,anap,Antalya,antalya,Antalya,17,Sibel Yaman Kaba,17
Bağımsız,bagimsiz,Antalya,antalya,Antalya,1,Hakan Halim Okudan,17
BBP,bbp,Antalya,antalya,Antalya,1,Alaattin Çakır,17
BBP,bbp,Antalya,antalya,Antalya,2,Şuayıp Bozkurt,17
BBP,bbp,Antalya,antalya,Antalya,3,Ebru Akbulut,17
BBP,bbp,Antalya,antalya,Antalya,4,Bilal Karaoğlu,17
BBP,bbp,Antalya,antalya,Antalya,5,İsmail Metin,17
BBP,bbp,Antalya,antalya,Antalya,6,Mahmut Turgut Sarıyıldız,17
BBP,bbp,Antalya,antalya,Antalya,7,İbrahim Ceylan,17
BBP,bbp,Antalya,antalya,Antalya,8,Salih Şener,17
BBP,bbp,Antalya,antalya,Antalya,9,Hasan Tezel,17
BBP,bbp,Antalya,antalya,Antalya,10,Servet Uylaş,17
BBP,bbp,Antalya,antalya,Antalya,11,Uğur Bıyık,17
BBP,bbp,Antalya,antalya,Antalya,12,Musa Koç,17
BBP,bbp,Antalya,antalya,Antalya,13,Melisa Karacan,17
BBP,bbp,Antalya,antalya,Antalya,14,Sinan Keleş,17
BBP,bbp,Antalya,antalya,Antalya,15,Mehmet Yemenici,17
BBP,bbp,Antalya,antalya,Antalya,16,Yılmaz Karateke,17
BBP,bbp,Antalya,antalya,Antalya,17,Şeyma Kaya,17
CHP,chp,Antalya,antalya,Antalya,1,Sururi Çorabatır,17
CHP,chp,Antalya,antalya,Antalya,2,Cavit Arı,17
CHP,chp,Antalya,antalya,Antalya,3,Aliye Coşar,17
CHP,chp,Antalya,antalya,Antalya,4,Serap Yazıcı Özbudun,17
CHP,chp,Antalya,antalya,Antalya,5,Şerafettin Kılıç,17
CHP,chp,Antalya,antalya,Antalya,6,Mustafa Erdem,17
CHP,chp,Antalya,antalya,Antalya,7,Murat Özçelik,17
CHP,chp,Antalya,antalya,Antalya,8,Hasan Ercüment Taşdemir,17
CHP,chp,Antalya,antalya,Antalya,9,Nilüfer Deveci,17
CHP,chp,Antalya,antalya,Antalya,10,Vahap Tuncer,17
CHP,chp,Antalya,antalya,Antalya,11,Sibel Gezen,17
CHP,chp,Antalya,antalya,Antalya,12,Ramiz Atahan,17
CHP,chp,Antalya,antalya,Antalya,13,Emrah Yurtlak,17
CHP,chp,Antalya,antalya,Antalya,14,Zeliha Milli,17
CHP,chp,Antalya,antalya,Antalya,15,Hatice Kübra Turan,17
CHP,chp,Antalya,antalya,Antalya,16,Müge Gezginci Ünsal,17
CHP,chp,Antalya,antalya,Antalya,17,Mehmet Gök,17
GBP,gbp,Antalya,antalya,Antalya,1,Serkan Parmak,17
GBP,gbp,Antalya,antalya,Antalya,2,Yegane Bal,17
GBP,gbp,Antalya,antalya,Antalya,3,Hasan Önal,17
GBP,gbp,Antalya,antalya,Antalya,4,İsmail Öztürk,17
GBP,gbp,Antalya,antalya,Antalya,5,Meltem Parmak,17
GBP,gbp,Antalya,antalya,Antalya,6,Derya Kocaman,17
GBP,gbp,Antalya,antalya,Antalya,7,Muhammet Parmak,17
GBP,gbp,Antalya,antalya,Antalya,8,Nurettin Lafcı,17
GBP,gbp,Antalya,antalya,Antalya,9,Ufuk Kocaman,17
GBP,gbp,Antalya,antalya,Antalya,10,Ayşe Gürbilek,17
GBP,gbp,Antalya,antalya,Antalya,11,Ayşegül Manav,17
GBP,gbp,Antalya,antalya,Antalya,12,Serap Esra Telkıran,17
GBP,gbp,Antalya,antalya,Antalya,13,Hasan Demirel,17
GBP,gbp,Antalya,antalya,Antalya,14,Sebahattin Acar,17
GBP,gbp,Antalya,antalya,Antalya,15,Serhat Boran,17
GBP,gbp,Antalya,antalya,Antalya,16,Mustafa Akkaş,17
GBP,gbp,Antalya,antalya,Antalya,17,Çiğdem Bal,17
Genç Parti,gencparti,Antalya,antalya,Antalya,1,Ali Ekber Yılmaz,17
Genç Parti,gencparti,Antalya,antalya,Antalya,2,Ayhan Çetinkaya,17
Genç Parti,gencparti,Antalya,antalya,Antalya,3,Özlem Tatlı,17
Genç Parti,gencparti,Antalya,antalya,Antalya,4,Özcan Gülşen,17
Genç Parti,gencparti,Antalya,antalya,Antalya,5,Ayşe Özlem Bahar,17
Genç Parti,gencparti,Antalya,antalya,Antalya,6,Gamze Benzer,17
Genç Parti,gencparti,Antalya,antalya,Antalya,7,Bediç Arıkan,17
Genç Parti,gencparti,Antalya,antalya,Antalya,8,İbrahim Eftal Okay,17
Genç Parti,gencparti,Antalya,antalya,Antalya,9,Murat Kılıç,17
Genç Parti,gencparti,Antalya,antalya,Antalya,10,Filiz Cengiz,17
Genç Parti,gencparti,Antalya,antalya,Antalya,11,Muammer Küçük,17
Genç Parti,gencparti,Antalya,antalya,Antalya,12,Canan Yurtsever,17
Genç Parti,gencparti,Antalya,antalya,Antalya,13,Emre Erol,17
Genç Parti,gencparti,Antalya,antalya,Antalya,14,Güliz Kutsiye Sarıçam,17
Genç Parti,gencparti,Antalya,antalya,Antalya,15,Uğur Çimen,17
Genç Parti,gencparti,Antalya,antalya,Antalya,16,Vedat Şen,17
Genç Parti,gencparti,Antalya,antalya,Antalya,17,Hatice Akpınar,17
HAK-PAR,hakpar,Antalya,antalya,Antalya,1,Necati Bayram,17
HAK-PAR,hakpar,Antalya,antalya,Antalya,2,Abdulaziz Akçan,17
HAK-PAR,hakpar,Antalya,antalya,Antalya,3,Pınar Polat,17
HAK-PAR,hakpar,Antalya,antalya,Antalya,4,Ahmet Sarı,17
HAK-PAR,hakpar,Antalya,antalya,Antalya,5,Fecriye Deniz Ekinci,17
HAK-PAR,hakpar,Antalya,antalya,Antalya,6,Reşat Eren,17
HAK-PAR,hakpar,Antalya,antalya,Antalya,7,Ahmet Arslan,17
HAK-PAR,hakpar,Antalya,antalya,Antalya,8,Hamiyet Tokuş,17
HAK-PAR,hakpar,Antalya,antalya,Antalya,9,Mehmet Ali Arslan,17
HAK-PAR,hakpar,Antalya,antalya,Antalya,10,Nefel Balkan,17
HAK-PAR,hakpar,Antalya,antalya,Antalya,11,Leyla Kurt,17
HAK-PAR,hakpar,Antalya,antalya,Antalya,12,Selman Deniz,17
HAK-PAR,hakpar,Antalya,antalya,Antalya,13,Muzaffer Küçükköse,17
HAK-PAR,hakpar,Antalya,antalya,Antalya,14,İnan Eren,17
HAK-PAR,hakpar,Antalya,antalya,Antalya,15,Ahmet Sekmen,17
HAK-PAR,hakpar,Antalya,antalya,Antalya,16,Ferhat Özdemir,17
HAK-PAR,hakpar,Antalya,antalya,Antalya,17,Nurhayat Akkuş,17
HKP,hkp,Antalya,antalya,Antalya,1,Mine Yavuz,17
HKP,hkp,Antalya,antalya,Antalya,2,Erol Fidan,17
HKP,hkp,Antalya,antalya,Antalya,3,Saliha Çatlı,17
HKP,hkp,Antalya,antalya,Antalya,4,Ahmet Cankara,17
HKP,hkp,Antalya,antalya,Antalya,5,Filiz Erhan,17
HKP,hkp,Antalya,antalya,Antalya,6,Mutlu Yücel,17
HKP,hkp,Antalya,antalya,Antalya,7,Yaşar Bayındır,17
HKP,hkp,Antalya,antalya,Antalya,8,Arif Koç,17
HKP,hkp,Antalya,antalya,Antalya,9,Ali Nezir,17
HKP,hkp,Antalya,antalya,Antalya,10,Yılmaz Fidan,17
HKP,hkp,Antalya,antalya,Antalya,11,Fatih Aktaş,17
HKP,hkp,Antalya,antalya,Antalya,12,Batuhan Kuşçu,17
HKP,hkp,Antalya,antalya,Antalya,13,İbrahim Korkmaz,17
HKP,hkp,Antalya,antalya,Antalya,14,Simge Seray Genç,17
HKP,hkp,Antalya,antalya,Antalya,15,Orkun Çamlar,17
HKP,hkp,Antalya,antalya,Antalya,16,Abdulkadir Aydeniz,17
HKP,hkp,Antalya,antalya,Antalya,17,Uğur Aydoğdu,17
İyi Parti,iyiparti,Antalya,antalya,Antalya,1,Uğur Poyraz,17
İyi Parti,iyiparti,Antalya,antalya,Antalya,2,Aykut Kaya,17
İyi Parti,iyiparti,Antalya,antalya,Antalya,3,Ali Adnan Kaya,17
İyi Parti,iyiparti,Antalya,antalya,Antalya,4,Ayşen Kurt,17
İyi Parti,iyiparti,Antalya,antalya,Antalya,5,Serkan Tekin,17
İyi Parti,iyiparti,Antalya,antalya,Antalya,6,İlhami Okudan,17
İyi Parti,iyiparti,Antalya,antalya,Antalya,7,Mehmet Başaran,17
İyi Parti,iyiparti,Antalya,antalya,Antalya,8,Nesrin Ünal,17
İyi Parti,iyiparti,Antalya,antalya,Antalya,9,Musa Ertuğan,17
İyi Parti,iyiparti,Antalya,antalya,Antalya,10,Mesut Yılmaz,17
İyi Parti,iyiparti,Antalya,antalya,Antalya,11,Durmuş Kaplan,17
İyi Parti,iyiparti,Antalya,antalya,Antalya,12,Arif Kocabıyık,17
İyi Parti,iyiparti,Antalya,antalya,Antalya,13,Başak Karataş,17
İyi Parti,iyiparti,Antalya,antalya,Antalya,14,Durmuş Ali Arslan,17
İyi Parti,iyiparti,Antalya,antalya,Antalya,15,Neşe Toker,17
İyi Parti,iyiparti,Antalya,antalya,Antalya,16,Levent Özdemir,17
İyi Parti,iyiparti,Antalya,antalya,Antalya,17,Hatice Avcı,17
Memleket,memleket,Antalya,antalya,Antalya,1,Mevlüt Dudu,17
Memleket,memleket,Antalya,antalya,Antalya,2,Mustafa Kavasoğlu,17
Memleket,memleket,Antalya,antalya,Antalya,3,Hasan Yalçın,17
Memleket,memleket,Antalya,antalya,Antalya,4,Turgut Okur,17
Memleket,memleket,Antalya,antalya,Antalya,5,Emre Ergin,17
Memleket,memleket,Antalya,antalya,Antalya,6,Serdar Güzel,17
Memleket,memleket,Antalya,antalya,Antalya,7,Tayfun Aydoğmuş,17
Memleket,memleket,Antalya,antalya,Antalya,8,Şefika Aygüneş,17
Memleket,memleket,Antalya,antalya,Antalya,9,Dilek Diker,17
Memleket,memleket,Antalya,antalya,Antalya,10,Hasan Buğra Meyvecioğlu,17
Memleket,memleket,Antalya,antalya,Antalya,11,Emine Kandil,17
Memleket,memleket,Antalya,antalya,Antalya,12,İsmail Umut Küçük,17
Memleket,memleket,Antalya,antalya,Antalya,13,Bahri Kendir,17
Memleket,memleket,Antalya,antalya,Antalya,14,Mısra Denli,17
Memleket,memleket,Antalya,antalya,Antalya,15,Selami Özbardakcı,17
Memleket,memleket,Antalya,antalya,Antalya,16,Mustafa Demir,17
Memleket,memleket,Antalya,antalya,Antalya,17,Murat Demircan,17
MHP,mhp,Antalya,antalya,Antalya,1,Abdurrahman Başkan,17
MHP,mhp,Antalya,antalya,Antalya,2,Hilmi Durgun,17
MHP,mhp,Antalya,antalya,Antalya,3,Mustafa Aksoy,17
MHP,mhp,Antalya,antalya,Antalya,4,Yusuf Kelleli,17
MHP,mhp,Antalya,antalya,Antalya,5,Ferhat Sarıbek,17
MHP,mhp,Antalya,antalya,Antalya,6,İlknur Fidan,17
MHP,mhp,Antalya,antalya,Antalya,7,Oğuzhan Çelik,17
MHP,mhp,Antalya,antalya,Antalya,8,Yavuz Çağlar,17
MHP,mhp,Antalya,antalya,Antalya,9,Serkan Öztürk,17
MHP,mhp,Antalya,antalya,Antalya,10,Ali Çetin,17
MHP,mhp,Antalya,antalya,Antalya,11,Hayati Peker,17
MHP,mhp,Antalya,antalya,Antalya,12,Esmaye Özörmenoğlu,17
MHP,mhp,Antalya,antalya,Antalya,13,İdris Özcan,17
MHP,mhp,Antalya,antalya,Antalya,14,Ahmet Ali Çoşkun,17
MHP,mhp,Antalya,antalya,Antalya,15,Mehmetali Yalçın,17
MHP,mhp,Antalya,antalya,Antalya,16,Mustafa Doruatlı,17
MHP,mhp,Antalya,antalya,Antalya,17,Kutluhan Tozoğlu,17
MİLLET,millet,Antalya,antalya,Antalya,1,Osman Soydal,17
MİLLET,millet,Antalya,antalya,Antalya,2,Galip Öztekin,17
MİLLET,millet,Antalya,antalya,Antalya,3,Nuran Özen,17
MİLLET,millet,Antalya,antalya,Antalya,4,Kamil Şentürk,17
MİLLET,millet,Antalya,antalya,Antalya,5,Hatice Soydal,17
MİLLET,millet,Antalya,antalya,Antalya,6,Yasin Yılmaz,17
MİLLET,millet,Antalya,antalya,Antalya,7,Havva Şahin Say,17
MİLLET,millet,Antalya,antalya,Antalya,8,Mahmut Yetkin,17
MİLLET,millet,Antalya,antalya,Antalya,9,Sadettin Gündüz,17
MİLLET,millet,Antalya,antalya,Antalya,10,Mehmet Gümüşkaynak,17
MİLLET,millet,Antalya,antalya,Antalya,11,Cevat Özen,17
MİLLET,millet,Antalya,antalya,Antalya,12,Serdal Batmaz,17
MİLLET,millet,Antalya,antalya,Antalya,13,Eyüp Ünal,17
MİLLET,millet,Antalya,antalya,Antalya,14,Muharrem Tanrıveren,17
MİLLET,millet,Antalya,antalya,Antalya,15,Mehmet Ali Kubilay,17
MİLLET,millet,Antalya,antalya,Antalya,16,Nihat Gökmen,17
MİLLET,millet,Antalya,antalya,Antalya,17,Abdulkadir Çakıroğlu,17
Milli Yol,milliyol,Antalya,antalya,Antalya,1,Onur Güngör,17
Milli Yol,milliyol,Antalya,antalya,Antalya,2,Gülbeyaz Kurt,17
Milli Yol,milliyol,Antalya,antalya,Antalya,3,Kemal Akça,17
Milli Yol,milliyol,Antalya,antalya,Antalya,4,Funda Şahin,17
Milli Yol,milliyol,Antalya,antalya,Antalya,5,Saadet Ok,17
Milli Yol,milliyol,Antalya,antalya,Antalya,6,Selim Orak,17
Milli Yol,milliyol,Antalya,antalya,Antalya,7,Umut Özyılmaz,17
Milli Yol,milliyol,Antalya,antalya,Antalya,8,Bayram Erbaş,17
Milli Yol,milliyol,Antalya,antalya,Antalya,9,Sezai Ataş,17
Milli Yol,milliyol,Antalya,antalya,Antalya,10,Edip Kılıç,17
Milli Yol,milliyol,Antalya,antalya,Antalya,11,Hacer Buyruk,17
Milli Yol,milliyol,Antalya,antalya,Antalya,12,Mehmet Çayır,17
Milli Yol,milliyol,Antalya,antalya,Antalya,13,Şükrü Malğaç,17
Milli Yol,milliyol,Antalya,antalya,Antalya,14,Ahmet Birgül,17
Milli Yol,milliyol,Antalya,antalya,Antalya,15,Ömer Faruk Kürşad Doğruyol,17
Milli Yol,milliyol,Antalya,antalya,Antalya,16,Sinan Esendere,17
Milli Yol,milliyol,Antalya,antalya,Antalya,17,Muhsin Yeşilli,17
Sol Parti,solparti,Antalya,antalya,Antalya,1,Mustafa Ayar,17
Sol Parti,solparti,Antalya,antalya,Antalya,2,Ayşegül Yetim Laçin,17
Sol Parti,solparti,Antalya,antalya,Antalya,3,Sabri Tanyeri,17
Sol Parti,solparti,Antalya,antalya,Antalya,4,Özkan Yatar,17
Sol Parti,solparti,Antalya,antalya,Antalya,5,Ali Can Atalay,17
Sol Parti,solparti,Antalya,antalya,Antalya,6,Saltanat Baykal,17
Sol Parti,solparti,Antalya,antalya,Antalya,7,Sultan Akkiraz,17
Sol Parti,solparti,Antalya,antalya,Antalya,8,Ahmet Tatar,17
Sol Parti,solparti,Antalya,antalya,Antalya,9,Remziye Gökçe Yılmaz,17
Sol Parti,solparti,Antalya,antalya,Antalya,10,Meral Zeynep Güney,17
Sol Parti,solparti,Antalya,antalya,Antalya,11,Nasuh Ünal,17
Sol Parti,solparti,Antalya,antalya,Antalya,12,Hüseyin Tıkır,17
Sol Parti,solparti,Antalya,antalya,Antalya,13,Erdoğan Umur,17
Sol Parti,solparti,Antalya,antalya,Antalya,14,Ahmet Demirdöğdü,17
Sol Parti,solparti,Antalya,antalya,Antalya,15,İlhan Kamil Turan,17
Sol Parti,solparti,Antalya,antalya,Antalya,16,Durali Aydın,17
Sol Parti,solparti,Antalya,antalya,Antalya,17,Nizamettin Aydın,17
TİP,tip,Antalya,antalya,Antalya,1,Yunus Başaran,17
TİP,tip,Antalya,antalya,Antalya,2,Barış Atay Mengüllüoğlu,17
TİP,tip,Antalya,antalya,Antalya,3,Emire Ulutaş,17
TİP,tip,Antalya,antalya,Antalya,4,Tuncay Koç,17
TİP,tip,Antalya,antalya,Antalya,5,Emine Büyüknohutçu,17
TİP,tip,Antalya,antalya,Antalya,6,Ayşe Bilge Kalın,17
TİP,tip,Antalya,antalya,Antalya,7,Ezgi Altınkurt Sağlık,17
TİP,tip,Antalya,antalya,Antalya,8,Kerim Uğur,17
TİP,tip,Antalya,antalya,Antalya,9,Gülizar Kocadağ,17
TİP,tip,Antalya,antalya,Antalya,10,Hasan Girginel,17
TİP,tip,Antalya,antalya,Antalya,11,Ayfer Güneşhan,17
TİP,tip,Antalya,antalya,Antalya,12,Ahmet Elataş,17
TİP,tip,Antalya,antalya,Antalya,13,Betül Ürküten,17
TİP,tip,Antalya,antalya,Antalya,14,Gamze Pelin Demircan,17
TİP,tip,Antalya,antalya,Antalya,15,Bilge Erk,17
TİP,tip,Antalya,antalya,Antalya,16,Leyla Çelebi,17
TİP,tip,Antalya,antalya,Antalya,17,Mehmet Utkan Çobanoğlu,17
TKH,tkh,Antalya,antalya,Antalya,1,Nimet Çakılkaya,17
TKH,tkh,Antalya,antalya,Antalya,2,Aslı Özçelik,17
TKH,tkh,Antalya,antalya,Antalya,3,Hayati Sarıbardak,17
TKH,tkh,Antalya,antalya,Antalya,4,Figen Topal,17
TKH,tkh,Antalya,antalya,Antalya,5,Derya Sırbudak,17
TKH,tkh,Antalya,antalya,Antalya,6,Murat Taksim,17
TKH,tkh,Antalya,antalya,Antalya,7,Aykut Çavuş,17
TKH,tkh,Antalya,antalya,Antalya,8,Barış Atasayar,17
TKH,tkh,Antalya,antalya,Antalya,9,Sunay Yıldırım,17
TKH,tkh,Antalya,antalya,Antalya,10,Yıldız Usluer,17
TKH,tkh,Antalya,antalya,Antalya,11,Hüseyin Canki,17
TKH,tkh,Antalya,antalya,Antalya,12,Semra Aşık,17
TKH,tkh,Antalya,antalya,Antalya,13,Mirav Çelik,17
TKH,tkh,Antalya,antalya,Antalya,14,Harun Korkmaz,17
TKH,tkh,Antalya,antalya,Antalya,15,Abdullah Bekçi,17
TKH,tkh,Antalya,antalya,Antalya,16,Önder Bulut,17
TKH,tkh,Antalya,antalya,Antalya,17,Merve Karadeniz,17
TKP,tkp,Antalya,antalya,Antalya,1,Nazlı Ece Mutlu,17
TKP,tkp,Antalya,antalya,Antalya,2,Bilal Doğan,17
TKP,tkp,Antalya,antalya,Antalya,3,Gülseren Kılıçcıoğlu,17
TKP,tkp,Antalya,antalya,Antalya,4,Kemal Küçükkoçkaya,17
TKP,tkp,Antalya,antalya,Antalya,5,Dilek Demir,17
TKP,tkp,Antalya,antalya,Antalya,6,Haydar Yılmaz,17
TKP,tkp,Antalya,antalya,Antalya,7,Hatice Kıral Gürkan,17
TKP,tkp,Antalya,antalya,Antalya,8,Mehmet Yıldız,17
TKP,tkp,Antalya,antalya,Antalya,9,Mehmet Aksoy,17
TKP,tkp,Antalya,antalya,Antalya,10,Sevil Uçar,17
TKP,tkp,Antalya,antalya,Antalya,11,Osman Ozan Kapar,17
TKP,tkp,Antalya,antalya,Antalya,12,Sevimnur Aydın,17
TKP,tkp,Antalya,antalya,Antalya,13,Durali Kapar,17
TKP,tkp,Antalya,antalya,Antalya,14,Canel Durak,17
TKP,tkp,Antalya,antalya,Antalya,15,Caner Gökmen,17
TKP,tkp,Antalya,antalya,Antalya,16,Elfiye Narin,17
TKP,tkp,Antalya,antalya,Antalya,17,Ayşe Kılınç,17
Vatan,vatanpartisi,Antalya,antalya,Antalya,1,Serdar Üsküplü,17
Vatan,vatanpartisi,Antalya,antalya,Antalya,2,Ahmet Özbay,17
Vatan,vatanpartisi,Antalya,antalya,Antalya,3,Sedat Müniroğlu,17
Vatan,vatanpartisi,Antalya,antalya,Antalya,4,Nilay Güven,17
Vatan,vatanpartisi,Antalya,antalya,Antalya,5,Yaşar Jale Yatbaz,17
Vatan,vatanpartisi,Antalya,antalya,Antalya,6,Fatma Özdemir,17
Vatan,vatanpartisi,Antalya,antalya,Antalya,7,Ali Yükser,17
Vatan,vatanpartisi,Antalya,antalya,Antalya,8,Abdulhalik Pamir Uçaner,17
Vatan,vatanpartisi,Antalya,antalya,Antalya,9,İbrahim Yiğit,17
Vatan,vatanpartisi,Antalya,antalya,Antalya,10,Evren Kurtoğlu,17
Vatan,vatanpartisi,Antalya,antalya,Antalya,11,İrfan Bilgin,17
Vatan,vatanpartisi,Antalya,antalya,Antalya,12,Raşit Ekinci,17
Vatan,vatanpartisi,Antalya,antalya,Antalya,13,Hüseyin Baran Karabulut,17
Vatan,vatanpartisi,Antalya,antalya,Antalya,14,Veli Şenol Sümbül,17
Vatan,vatanpartisi,Antalya,antalya,Antalya,15,Barış Akkaya,17
Vatan,vatanpartisi,Antalya,antalya,Antalya,16,Mustafa Ertem,17
Vatan,vatanpartisi,Antalya,antalya,Antalya,17,Hanife Yalçın,17
Y.Refah,yenidenrefah,Antalya,antalya,Antalya,1,Atınç Korkmaz,17
Y.Refah,yenidenrefah,Antalya,antalya,Antalya,2,Ali Köksal,17
Y.Refah,yenidenrefah,Antalya,antalya,Antalya,3,Yusuf İslam Çelik,17
Y.Refah,yenidenrefah,Antalya,antalya,Antalya,4,Ümit Özkurt,17
Y.Refah,yenidenrefah,Antalya,antalya,Antalya,5,Hasan Çapun,17
Y.Refah,yenidenrefah,Antalya,antalya,Antalya,6,Fethi Başuslu,17
Y.Refah,yenidenrefah,Antalya,antalya,Antalya,7,Veli Dere,17
Y.Refah,yenidenrefah,Antalya,antalya,Antalya,8,Pınar Topuz,17
Y.Refah,yenidenrefah,Antalya,antalya,Antalya,9,Burak Doğan,17
Y.Refah,yenidenrefah,Antalya,antalya,Antalya,10,Ahmet Hakan Yumakoğulları,17
Y.Refah,yenidenrefah,Antalya,antalya,Antalya,11,Oğuzhan Yıldırım,17
Y.Refah,yenidenrefah,Antalya,antalya,Antalya,12,Mehmet Bayrak,17
Y.Refah,yenidenrefah,Antalya,antalya,Antalya,13,İbrahim Ömer Reyhan,17
Y.Refah,yenidenrefah,Antalya,antalya,Antalya,14,Ali Arslan,17
Y.Refah,yenidenrefah,Antalya,antalya,Antalya,15,Taner Tekin,17
Y.Refah,yenidenrefah,Antalya,antalya,Antalya,16,Kasım Arslan,17
Y.Refah,yenidenrefah,Antalya,antalya,Antalya,17,Hese Ak,17
Y.Sol Parti,yesilsolparti,Antalya,antalya,Antalya,1,Hakkı Saruhan Oluç,17
Y.Sol Parti,yesilsolparti,Antalya,antalya,Antalya,2,Canan Çalağan,17
Y.Sol Parti,yesilsolparti,Antalya,antalya,Antalya,3,Muhsin Taşar,17
Y.Sol Parti,yesilsolparti,Antalya,antalya,Antalya,4,Zöhre Tedik,17
Y.Sol Parti,yesilsolparti,Antalya,antalya,Antalya,5,Erbakan Tağ,17
Y.Sol Parti,yesilsolparti,Antalya,antalya,Antalya,6,Hülya Hasbay,17
Y.Sol Parti,yesilsolparti,Antalya,antalya,Antalya,7,Selami Özyaşar,17
Y.Sol Parti,yesilsolparti,Antalya,antalya,Antalya,8,Nigar Duru,17
Y.Sol Parti,yesilsolparti,Antalya,antalya,Antalya,9,Fırat Eren,17
Y.Sol Parti,yesilsolparti,Antalya,antalya,Antalya,10,Neriman Bakır,17
Y.Sol Parti,yesilsolparti,Antalya,antalya,Antalya,11,Hasan Doğan,17
Y.Sol Parti,yesilsolparti,Antalya,antalya,Antalya,12,Hülya Aktaş,17
Y.Sol Parti,yesilsolparti,Antalya,antalya,Antalya,13,Mehmet Adil Tekiner,17
Y.Sol Parti,yesilsolparti,Antalya,antalya,Antalya,14,Kamile Yılmaz,17
Y.Sol Parti,yesilsolparti,Antalya,antalya,Antalya,15,Mahir Doğan,17
Y.Sol Parti,yesilsolparti,Antalya,antalya,Antalya,16,Nefise Oğuz,17
Y.Sol Parti,yesilsolparti,Antalya,antalya,Antalya,17,Serdar Köşkeroğlu,17
YP,yp,Antalya,antalya,Antalya,1,Ömer Demir,17
YP,yp,Antalya,antalya,Antalya,2,Alparslan Açık,17
YP,yp,Antalya,antalya,Antalya,3,Ali Can Karakuş,17
YP,yp,Antalya,antalya,Antalya,4,Zafer Direk,17
YP,yp,Antalya,antalya,Antalya,5,Dilan Bozkurt,17
YP,yp,Antalya,antalya,Antalya,6,Reyhan Akdoğan,17
YP,yp,Antalya,antalya,Antalya,7,Serap Karaçalı,17
YP,yp,Antalya,antalya,Antalya,8,Ramazan Demir,17
YP,yp,Antalya,antalya,Antalya,9,Mahmut Sütken,17
YP,yp,Antalya,antalya,Antalya,10,İlyas Kayacan,17
YP,yp,Antalya,antalya,Antalya,11,Mehmet Can Demir,17
YP,yp,Antalya,antalya,Antalya,12,Mehmet Demir,17
YP,yp,Antalya,antalya,Antalya,13,Şennur Gezginci,17
YP,yp,Antalya,antalya,Antalya,14,Necmettin Sona,17
YP,yp,Antalya,antalya,Antalya,15,Orhan Demir,17
YP,yp,Antalya,antalya,Antalya,16,Elif Çetinkaya,17
YP,yp,Antalya,antalya,Antalya,17,Ferhat Demir,17
Zafer,zaferpartisi,Antalya,antalya,Antalya,1,Kemal Karabağ,17
Zafer,zaferpartisi,Antalya,antalya,Antalya,2,Yaşar Kökçe,17
Zafer,zaferpartisi,Antalya,antalya,Antalya,3,Volkan Yurtman,17
Zafer,zaferpartisi,Antalya,antalya,Antalya,4,Volkan Çalışkan,17
Zafer,zaferpartisi,Antalya,antalya,Antalya,5,Tuba Evliyaoğlu,17
Zafer,zaferpartisi,Antalya,antalya,Antalya,6,Yusuf İşler,17
Zafer,zaferpartisi,Antalya,antalya,Antalya,7,Emrah Kurhan,17
Zafer,zaferpartisi,Antalya,antalya,Antalya,8,Orkun Kutalmış Filiz,17
Zafer,zaferpartisi,Antalya,antalya,Antalya,9,Mustafa Ceylan,17
Zafer,zaferpartisi,Antalya,antalya,Antalya,10,Vahit Tecel,17
Zafer,zaferpartisi,Antalya,antalya,Antalya,11,Kerem Didinç,17
Zafer,zaferpartisi,Antalya,antalya,Antalya,12,Ata Boyacı,17
Zafer,zaferpartisi,Antalya,antalya,Antalya,13,Sefa İşlek,17
Zafer,zaferpartisi,Antalya,antalya,Antalya,14,Serdar Alp Öztürk,17
Zafer,zaferpartisi,Antalya,antalya,Antalya,15,Nazmi Acan,17
Zafer,zaferpartisi,Antalya,antalya,Antalya,16,Meliha Yurtman,17
Zafer,zaferpartisi,Antalya,antalya,Antalya,17,Ali Songül,17
AB,ab,Ardahan,ardahan,Ardahan,1,Kenan Kaya,2
AB,ab,Ardahan,ardahan,Ardahan,2,Tuna Kılıç,2
Adalet,ap,Ardahan,ardahan,Ardahan,1,İbrahim Halil Cens,2
Adalet,ap,Ardahan,ardahan,Ardahan,2,İzzet Şahin,2
AK Parti,akparti,Ardahan,ardahan,Ardahan,1,Kaan Koç,2
AK Parti,akparti,Ardahan,ardahan,Ardahan,2,Güven Karakoyun,2
ANAP,anap,Ardahan,ardahan,Ardahan,1,Soner Baş,2
ANAP,anap,Ardahan,ardahan,Ardahan,2,Sevimgül Aktaş,2
Bağımsız,bagimsiz,Ardahan,ardahan,Ardahan,1,İskender Özen,2
BBP,bbp,Ardahan,ardahan,Ardahan,1,Reşat Kitir,2
BBP,bbp,Ardahan,ardahan,Ardahan,2,Onur Fidan,2
CHP,chp,Ardahan,ardahan,Ardahan,1,Özgür Erdem İncesu,2
CHP,chp,Ardahan,ardahan,Ardahan,2,Asım Karabacak,2
GBP,gbp,Ardahan,ardahan,Ardahan,1,Ferhat Sargın,2
GBP,gbp,Ardahan,ardahan,Ardahan,2,Resul Ekrem Apa,2
Genç Parti,gencparti,Ardahan,ardahan,Ardahan,1,Cüneyit Birkal,2
Genç Parti,gencparti,Ardahan,ardahan,Ardahan,2,Mehmet Tavaş,2
HAK-PAR,hakpar,Ardahan,ardahan,Ardahan,1,Sıddık Eren,2
HAK-PAR,hakpar,Ardahan,ardahan,Ardahan,2,Alişer Doğan,2
HKP,hkp,Ardahan,ardahan,Ardahan,1,Sengül Sögüt,2
HKP,hkp,Ardahan,ardahan,Ardahan,2,Kamil Dinç,2
İyi Parti,iyiparti,Ardahan,ardahan,Ardahan,1,Aytekin Kaya,2
İyi Parti,iyiparti,Ardahan,ardahan,Ardahan,2,Nabire Reçber,2
Memleket,memleket,Ardahan,ardahan,Ardahan,1,Sezgin Akıl,2
Memleket,memleket,Ardahan,ardahan,Ardahan,2,Fuat Aras,2
MHP,mhp,Ardahan,ardahan,Ardahan,1,Onur Ümit Işık,2
MHP,mhp,Ardahan,ardahan,Ardahan,2,Nursen Opalay,2
MİLLET,millet,Ardahan,ardahan,Ardahan,1,İbrahim Öncül,2
MİLLET,millet,Ardahan,ardahan,Ardahan,2,Büşra Aslan,2
Milli Yol,milliyol,Ardahan,ardahan,Ardahan,1,Fatih Dadaşoğlu,2
Milli Yol,milliyol,Ardahan,ardahan,Ardahan,2,Filiz Aytaş,2
Sol Parti,solparti,Ardahan,ardahan,Ardahan,1,Muazzez Özkan,2
Sol Parti,solparti,Ardahan,ardahan,Ardahan,2,Engin Bakırcı,2
TKH,tkh,Ardahan,ardahan,Ardahan,1,Sevda Tizci,2
TKH,tkh,Ardahan,ardahan,Ardahan,2,Ömer Faruk Altanay,2
TKP,tkp,Ardahan,ardahan,Ardahan,1,İrfan Avşar,2
TKP,tkp,Ardahan,ardahan,Ardahan,2,Murat Özdemir,2
Vatan,vatanpartisi,Ardahan,ardahan,Ardahan,1,Mustafa Erdoğan,2
Vatan,vatanpartisi,Ardahan,ardahan,Ardahan,2,İlhan Öztürk,2
Y.Refah,yenidenrefah,Ardahan,ardahan,Ardahan,1,Caner Çoban,2
Y.Refah,yenidenrefah,Ardahan,ardahan,Ardahan,2,Murat Öngel,2
Y.Sol Parti,yesilsolparti,Ardahan,ardahan,Ardahan,1,Özgür Tanış,2
Y.Sol Parti,yesilsolparti,Ardahan,ardahan,Ardahan,2,Dicle Aktürk,2
YP,yp,Ardahan,ardahan,Ardahan,1,Emrah Özcan,2
YP,yp,Ardahan,ardahan,Ardahan,2,Davut Beşli,2
Zafer,zaferpartisi,Ardahan,ardahan,Ardahan,1,Erdi Can Çelik,2
Zafer,zaferpartisi,Ardahan,ardahan,Ardahan,2,Tuna Yediel,2
Adalet,ap,Artvin,artvin,Artvin,1,Necati Yıldırım,2
Adalet,ap,Artvin,artvin,Artvin,2,Fırat Büyük,2
AK Parti,akparti,Artvin,artvin,Artvin,1,Faruk Çelik,2
AK Parti,akparti,Artvin,artvin,Artvin,2,Ahmet Erdem,2
ANAP,anap,Artvin,artvin,Artvin,1,Özgen Dağ,2
ANAP,anap,Artvin,artvin,Artvin,2,Salih Yılmaz,2
Bağımsız,bagimsiz,Artvin,artvin,Artvin,1,Arif Ataman,2
BBP,bbp,Artvin,artvin,Artvin,1,Gamze Çelik,2
BBP,bbp,Artvin,artvin,Artvin,2,Ahmet Yılmaz,2
CHP,chp,Artvin,artvin,Artvin,1,Uğur Bayraktutan,2
CHP,chp,Artvin,artvin,Artvin,2,Oğuz Kurdoğlu,2
GBP,gbp,Artvin,artvin,Artvin,1,Cemile Günaydın,2
GBP,gbp,Artvin,artvin,Artvin,2,Muhittin Çekdemir,2
Genç Parti,gencparti,Artvin,artvin,Artvin,1,Özcan Topaloğlu,2
Genç Parti,gencparti,Artvin,artvin,Artvin,2,Kerem Taşdemir,2
HAK-PAR,hakpar,Artvin,artvin,Artvin,1,Hüsamettin Oğrak,2
HAK-PAR,hakpar,Artvin,artvin,Artvin,2,Nevzat Güler,2
HKP,hkp,Artvin,artvin,Artvin,1,Aysun Serbest,2
HKP,hkp,Artvin,artvin,Artvin,2,Faruk Volkan Çolak,2
İyi Parti,iyiparti,Artvin,artvin,Artvin,1,Hamza Gezmiş,2
İyi Parti,iyiparti,Artvin,artvin,Artvin,2,Hüseyin Işık,2
Memleket,memleket,Artvin,artvin,Artvin,1,Soner Dursun,2
Memleket,memleket,Artvin,artvin,Artvin,2,Tarkan Yılmaz,2
MHP,mhp,Artvin,artvin,Artvin,1,Mete Han Özkan,2
MHP,mhp,Artvin,artvin,Artvin,2,Erkan Çağatay Kuruoğlu,2
MİLLET,millet,Artvin,artvin,Artvin,1,Akif Akyıldız,2
MİLLET,millet,Artvin,artvin,Artvin,2,Şeyh Bilal Durmuş,2
Sol Parti,solparti,Artvin,artvin,Artvin,1,Ezgi Eriman,2
Sol Parti,solparti,Artvin,artvin,Artvin,2,Özlem Akyürek,2
TİP,tip,Artvin,artvin,Artvin,1,Feyzullah Serkan Acar,2
TİP,tip,Artvin,artvin,Artvin,2,Timur Şimşek,2
TKH,tkh,Artvin,artvin,Artvin,1,Seher Gökdere,2
TKH,tkh,Artvin,artvin,Artvin,2,Kemal Çevik,2
TKP,tkp,Artvin,artvin,Artvin,1,Semra Yavuz Kavaz,2
TKP,tkp,Artvin,artvin,Artvin,2,Resul Duran,2
Vatan,vatanpartisi,Artvin,artvin,Artvin,1,Yusuf Vayiç,2
Vatan,vatanpartisi,Artvin,artvin,Artvin,2,Erkin Uzun,2
Y.Refah,yenidenrefah,Artvin,artvin,Artvin,1,Talip Sücü,2
Y.Refah,yenidenrefah,Artvin,artvin,Artvin,2,Muzaffer Zor,2
Y.Sol Parti,yesilsolparti,Artvin,artvin,Artvin,1,Fulden Şahin,2
Y.Sol Parti,yesilsolparti,Artvin,artvin,Artvin,2,Sabri Vayiç,2
YP,yp,Artvin,artvin,Artvin,1,Okan Karabaş,2
YP,yp,Artvin,artvin,Artvin,2,Sevim Yeşim Mağden,2
Zafer,zaferpartisi,Artvin,artvin,Artvin,1,Muhammet Küçük,2
Zafer,zaferpartisi,Artvin,artvin,Artvin,2,Bahar Küçük,2
Adalet,ap,Aydın,aydin,Aydın,1,Sami Demiray,8
Adalet,ap,Aydın,aydin,Aydın,2,Oğuz Doğan,8
Adalet,ap,Aydın,aydin,Aydın,3,Binnaz Yıldırım Dayan,8
Adalet,ap,Aydın,aydin,Aydın,4,İlknur Doğanlı,8
Adalet,ap,Aydın,aydin,Aydın,5,Canan Yiğit,8
Adalet,ap,Aydın,aydin,Aydın,6,Şeniz Ulaş Bahşi,8
Adalet,ap,Aydın,aydin,Aydın,7,Zeynep Ulaş,8
Adalet,ap,Aydın,aydin,Aydın,8,Asiye Demirkıran,8
AK Parti,akparti,Aydın,aydin,Aydın,1,Mustafa Savaş,8
AK Parti,akparti,Aydın,aydin,Aydın,2,Seda Sarıbaş,8
AK Parti,akparti,Aydın,aydin,Aydın,3,Ömer Özmen,8
AK Parti,akparti,Aydın,aydin,Aydın,4,Mustafa Abak,8
AK Parti,akparti,Aydın,aydin,Aydın,5,Mehmet Umut Tuncer,8
AK Parti,akparti,Aydın,aydin,Aydın,6,Duygu Göğde,8
AK Parti,akparti,Aydın,aydin,Aydın,7,Murat Gün,8
AK Parti,akparti,Aydın,aydin,Aydın,8,Mehmet Arkun,8
ANAP,anap,Aydın,aydin,Aydın,1,Tuna Şahin,8
ANAP,anap,Aydın,aydin,Aydın,2,Halil Nihat Yılmaz,8
ANAP,anap,Aydın,aydin,Aydın,3,Yusuf Evşen,8
ANAP,anap,Aydın,aydin,Aydın,4,Ali Kerem Okan,8
ANAP,anap,Aydın,aydin,Aydın,5,Enver Tosun,8
ANAP,anap,Aydın,aydin,Aydın,6,Ahmet Batuhan Batkan,8
ANAP,anap,Aydın,aydin,Aydın,7,Can Öngay,8
ANAP,anap,Aydın,aydin,Aydın,8,İrfan Umut Uçar,8
Bağımsız,bagimsiz,Aydın,aydin,Aydın,1,Hüseyin Aksu,8
BBP,bbp,Aydın,aydin,Aydın,1,Rıdvan Eşin,8
BBP,bbp,Aydın,aydin,Aydın,2,Yunus Emre Yıldırım,8
BBP,bbp,Aydın,aydin,Aydın,3,Nazire Aldırmaz,8
BBP,bbp,Aydın,aydin,Aydın,4,Hasan Ergül,8
BBP,bbp,Aydın,aydin,Aydın,5,Osman Akdam,8
BBP,bbp,Aydın,aydin,Aydın,6,Ali Serfin,8
BBP,bbp,Aydın,aydin,Aydın,7,Kaan Sarıcan,8
BBP,bbp,Aydın,aydin,Aydın,8,Hasan Urcu,8
CHP,chp,Aydın,aydin,Aydın,1,Bülent Tezcan,8
CHP,chp,Aydın,aydin,Aydın,2,Hüseyin Yıldız,8
CHP,chp,Aydın,aydin,Aydın,3,Süleyman Bülbül,8
CHP,chp,Aydın,aydin,Aydın,4,Evrim Karakoz,8
CHP,chp,Aydın,aydin,Aydın,5,Nilüfer Ünüvar,8
CHP,chp,Aydın,aydin,Aydın,6,Gamze Yolcu Metin,8
CHP,chp,Aydın,aydin,Aydın,7,Ziya Yılmaz,8
CHP,chp,Aydın,aydin,Aydın,8,Nebahat Oskay Ürün,8
Genç Parti,gencparti,Aydın,aydin,Aydın,1,Mehmet Salcı,8
Genç Parti,gencparti,Aydın,aydin,Aydın,2,Efecan Salcı,8
Genç Parti,gencparti,Aydın,aydin,Aydın,3,Ahmet Savran,8
Genç Parti,gencparti,Aydın,aydin,Aydın,4,Ali Mamurer,8
Genç Parti,gencparti,Aydın,aydin,Aydın,5,Rıza Şüyün,8
Genç Parti,gencparti,Aydın,aydin,Aydın,6,Mustafa Göçer,8
Genç Parti,gencparti,Aydın,aydin,Aydın,7,Özlem Yılmaz,8
Genç Parti,gencparti,Aydın,aydin,Aydın,8,Yusuf Örük,8
HAK-PAR,hakpar,Aydın,aydin,Aydın,1,Yıldız Timur,8
HAK-PAR,hakpar,Aydın,aydin,Aydın,2,Tuğrul Bayram,8
HAK-PAR,hakpar,Aydın,aydin,Aydın,3,İsmail Taşdemir,8
HAK-PAR,hakpar,Aydın,aydin,Aydın,4,Zernur Özdemir,8
HAK-PAR,hakpar,Aydın,aydin,Aydın,5,Süphi İskan Ekinci,8
HAK-PAR,hakpar,Aydın,aydin,Aydın,6,Diyar Eren,8
HAK-PAR,hakpar,Aydın,aydin,Aydın,7,Zeliha Aslan,8
HAK-PAR,hakpar,Aydın,aydin,Aydın,8,Sibel Alparslan,8
HKP,hkp,Aydın,aydin,Aydın,1,Gültekin Arıkan,8
HKP,hkp,Aydın,aydin,Aydın,2,Mehmet Koçak,8
HKP,hkp,Aydın,aydin,Aydın,3,Salih Özkuloğlu,8
HKP,hkp,Aydın,aydin,Aydın,4,Tanju Beyazıt,8
HKP,hkp,Aydın,aydin,Aydın,5,İsmet Gençer,8
HKP,hkp,Aydın,aydin,Aydın,6,Bektaş Gençer,8
HKP,hkp,Aydın,aydin,Aydın,7,Besime Gilgiler,8
HKP,hkp,Aydın,aydin,Aydın,8,Burak Kaya,8
İyi Parti,iyiparti,Aydın,aydin,Aydın,1,Ömer Karakaş,8
İyi Parti,iyiparti,Aydın,aydin,Aydın,2,Ahmet Ertürk,8
İyi Parti,iyiparti,Aydın,aydin,Aydın,3,Tuğça Canpolat Yılmaz,8
İyi Parti,iyiparti,Aydın,aydin,Aydın,4,Erhan Algan,8
İyi Parti,iyiparti,Aydın,aydin,Aydın,5,Semra Yücel,8
İyi Parti,iyiparti,Aydın,aydin,Aydın,6,Fevzi Köse,8
İyi Parti,iyiparti,Aydın,aydin,Aydın,7,Cemal Sarı,8
İyi Parti,iyiparti,Aydın,aydin,Aydın,8,Pınar Öncer,8
Memleket,memleket,Aydın,aydin,Aydın,1,Cavit Yenipazarlı,8
Memleket,memleket,Aydın,aydin,Aydın,2,Sibel Özen,8
Memleket,memleket,Aydın,aydin,Aydın,3,Caner Ünlü,8
Memleket,memleket,Aydın,aydin,Aydın,4,Ahmet Koçman,8
Memleket,memleket,Aydın,aydin,Aydın,5,Pembe Koç,8
Memleket,memleket,Aydın,aydin,Aydın,6,Tolga İnci,8
Memleket,memleket,Aydın,aydin,Aydın,7,Seyhan Ateş,8
Memleket,memleket,Aydın,aydin,Aydın,8,Sinan Yağız,8
MHP,mhp,Aydın,aydin,Aydın,1,Deniz Depboylu,8
MHP,mhp,Aydın,aydin,Aydın,2,Burak Pehlivan,8
MHP,mhp,Aydın,aydin,Aydın,3,Yusuf Keremit,8
MHP,mhp,Aydın,aydin,Aydın,4,Burhan Uçaş,8
MHP,mhp,Aydın,aydin,Aydın,5,Etem Yeşilyurt,8
MHP,mhp,Aydın,aydin,Aydın,6,Çetin Durmaz,8
MHP,mhp,Aydın,aydin,Aydın,7,Osman Gazi Cihangiroğlu,8
MHP,mhp,Aydın,aydin,Aydın,8,Cengiz Ataseven,8
MİLLET,millet,Aydın,aydin,Aydın,1,Salih Şinasi Yegen,8
MİLLET,millet,Aydın,aydin,Aydın,2,Kamuran Karaş,8
MİLLET,millet,Aydın,aydin,Aydın,3,Yasin Karakurt,8
MİLLET,millet,Aydın,aydin,Aydın,4,Mehmet Karaçay,8
MİLLET,millet,Aydın,aydin,Aydın,5,Özkan Didin,8
MİLLET,millet,Aydın,aydin,Aydın,6,Zafer Kodal,8
MİLLET,millet,Aydın,aydin,Aydın,7,Sevgül Tekin,8
MİLLET,millet,Aydın,aydin,Aydın,8,Serhat Ateş,8
Sol Parti,solparti,Aydın,aydin,Aydın,1,Arife Ağır,8
Sol Parti,solparti,Aydın,aydin,Aydın,2,Birgül Can,8
Sol Parti,solparti,Aydın,aydin,Aydın,3,Emine Fırat,8
Sol Parti,solparti,Aydın,aydin,Aydın,4,Lalezar Nergiz,8
Sol Parti,solparti,Aydın,aydin,Aydın,5,Meliha Cuvelek,8
Sol Parti,solparti,Aydın,aydin,Aydın,6,Sümbül Karacan,8
Sol Parti,solparti,Aydın,aydin,Aydın,7,Yasemin Pınarbaşı,8
Sol Parti,solparti,Aydın,aydin,Aydın,8,Yurdagül Kırmızı,8
TKH,tkh,Aydın,aydin,Aydın,1,Mert Yıldırım,8
TKH,tkh,Aydın,aydin,Aydın,2,Bedia Işık Erem,8
TKH,tkh,Aydın,aydin,Aydın,3,Fatma Sude Balatlı,8
TKH,tkh,Aydın,aydin,Aydın,4,Yeter Türkeş Çevik,8
TKH,tkh,Aydın,aydin,Aydın,5,Cem Solmaz,8
TKH,tkh,Aydın,aydin,Aydın,6,Selver Doğanay,8
TKH,tkh,Aydın,aydin,Aydın,7,Duygu Çamlıca,8
TKH,tkh,Aydın,aydin,Aydın,8,Yafet Yardım,8
TKP,tkp,Aydın,aydin,Aydın,1,Ali Yeniocak,8
TKP,tkp,Aydın,aydin,Aydın,2,Burak Özdemir,8
TKP,tkp,Aydın,aydin,Aydın,3,İrfan Ertel,8
TKP,tkp,Aydın,aydin,Aydın,4,Hatice Yumlu,8
TKP,tkp,Aydın,aydin,Aydın,5,Yücel Aydoğan,8
TKP,tkp,Aydın,aydin,Aydın,6,Bilge Pınar Akkaya,8
TKP,tkp,Aydın,aydin,Aydın,7,Osman İlker Akın,8
TKP,tkp,Aydın,aydin,Aydın,8,Ali Oğuz,8
Vatan,vatanpartisi,Aydın,aydin,Aydın,1,Zühre Genişel,8
Vatan,vatanpartisi,Aydın,aydin,Aydın,2,Ali Rıza Odabaşı,8
Vatan,vatanpartisi,Aydın,aydin,Aydın,3,Yalçın Büyükdağlı,8
Vatan,vatanpartisi,Aydın,aydin,Aydın,4,Doğan Özkan,8
Vatan,vatanpartisi,Aydın,aydin,Aydın,5,Bahattin Nazlı,8
Vatan,vatanpartisi,Aydın,aydin,Aydın,6,Ayşe Handan Ersin,8
Vatan,vatanpartisi,Aydın,aydin,Aydın,7,Hatice Koyun,8
Vatan,vatanpartisi,Aydın,aydin,Aydın,8,Mehmet Baydoğan,8
Y.Refah,yenidenrefah,Aydın,aydin,Aydın,1,Hüseyin Aslan,8
Y.Refah,yenidenrefah,Aydın,aydin,Aydın,2,Bülent Ay,8
Y.Refah,yenidenrefah,Aydın,aydin,Aydın,3,Emin Eser,8
Y.Refah,yenidenrefah,Aydın,aydin,Aydın,4,Alper Sezer,8
Y.Refah,yenidenrefah,Aydın,aydin,Aydın,5,Havva Türk,8
Y.Refah,yenidenrefah,Aydın,aydin,Aydın,6,Devrim Oktan,8
Y.Refah,yenidenrefah,Aydın,aydin,Aydın,7,Ali Keser,8
Y.Refah,yenidenrefah,Aydın,aydin,Aydın,8,Cumali Uçar,8
Y.Sol Parti,yesilsolparti,Aydın,aydin,Aydın,1,Ebrü Günay,8
Y.Sol Parti,yesilsolparti,Aydın,aydin,Aydın,2,Rojin Tanhan Doğan,8
Y.Sol Parti,yesilsolparti,Aydın,aydin,Aydın,3,Sinan Çakmakçi,8
Y.Sol Parti,yesilsolparti,Aydın,aydin,Aydın,4,Mediha Ayhan,8
Y.Sol Parti,yesilsolparti,Aydın,aydin,Aydın,5,Abdurrahman Saran,8
Y.Sol Parti,yesilsolparti,Aydın,aydin,Aydın,6,Zafer Şimşek,8
Y.Sol Parti,yesilsolparti,Aydın,aydin,Aydın,7,Zerrin Alparslan,8
Y.Sol Parti,yesilsolparti,Aydın,aydin,Aydın,8,Bülent Elden,8
YP,yp,Aydın,aydin,Aydın,1,Mehmet Çelik,8
YP,yp,Aydın,aydin,Aydın,2,Recep Dirilen,8
YP,yp,Aydın,aydin,Aydın,3,Osman Özdemir,8
YP,yp,Aydın,aydin,Aydın,4,Mustafa Güney,8
YP,yp,Aydın,aydin,Aydın,5,Tuncer Çetin,8
YP,yp,Aydın,aydin,Aydın,6,Ünal Ünlü,8
YP,yp,Aydın,aydin,Aydın,7,Kader Pehlivan,8
YP,yp,Aydın,aydin,Aydın,8,Fatma Kamburoğlu,8
Zafer,zaferpartisi,Aydın,aydin,Aydın,1,Seray Ünbay,8
Zafer,zaferpartisi,Aydın,aydin,Aydın,2,Mustafa Bayraktar,8
Zafer,zaferpartisi,Aydın,aydin,Aydın,3,Kemal Kayhan,8
Zafer,zaferpartisi,Aydın,aydin,Aydın,4,Ecem Söyleten Akgün,8
Zafer,zaferpartisi,Aydın,aydin,Aydın,5,Hüseyin Özkan,8
Zafer,zaferpartisi,Aydın,aydin,Aydın,6,İbrahim Özdemir,8
Zafer,zaferpartisi,Aydın,aydin,Aydın,7,Taysun Serin,8
Zafer,zaferpartisi,Aydın,aydin,Aydın,8,Fatih Yetgin,8
AB,ab,Balıkesir,balikesir,Balıkesir,1,Rıdvan Kaplan,9
AB,ab,Balıkesir,balikesir,Balıkesir,2,İlhan Demiralp,9
AB,ab,Balıkesir,balikesir,Balıkesir,3,Yakup Akdoğan,9
AB,ab,Balıkesir,balikesir,Balıkesir,4,Zafer Yalçın,9
AB,ab,Balıkesir,balikesir,Balıkesir,5,Serhat Çakmak,9
AB,ab,Balıkesir,balikesir,Balıkesir,6,Arzu Bağcı,9
AB,ab,Balıkesir,balikesir,Balıkesir,7,Fatma Girgin,9
AB,ab,Balıkesir,balikesir,Balıkesir,8,Selçuk Özhan,9
AB,ab,Balıkesir,balikesir,Balıkesir,9,Sevim Demir Aytaç,9
Adalet,ap,Balıkesir,balikesir,Balıkesir,1,Ahmet Demir,9
Adalet,ap,Balıkesir,balikesir,Balıkesir,2,Nilgün Özyıldırım,9
Adalet,ap,Balıkesir,balikesir,Balıkesir,3,Mehmet Taşkıran,9
Adalet,ap,Balıkesir,balikesir,Balıkesir,4,Uğur Gardiyan,9
Adalet,ap,Balıkesir,balikesir,Balıkesir,5,Serkan Ceylan,9
Adalet,ap,Balıkesir,balikesir,Balıkesir,6,Nurten Yüksel,9
Adalet,ap,Balıkesir,balikesir,Balıkesir,7,Şirin Aleyna Esen,9
Adalet,ap,Balıkesir,balikesir,Balıkesir,8,Ayşe Eser,9
Adalet,ap,Balıkesir,balikesir,Balıkesir,9,Erdal Yurdaer,9
AK Parti,akparti,Balıkesir,balikesir,Balıkesir,1,İsmail Ok,9
AK Parti,akparti,Balıkesir,balikesir,Balıkesir,2,Belgin Uygur,9
AK Parti,akparti,Balıkesir,balikesir,Balıkesir,3,Mustafa Canbey,9
AK Parti,akparti,Balıkesir,balikesir,Balıkesir,4,Ali Taylan Öztaylan,9
AK Parti,akparti,Balıkesir,balikesir,Balıkesir,5,Pakize Mutlu Aydemir,9
AK Parti,akparti,Balıkesir,balikesir,Balıkesir,6,Mehmet Aydemir,9
AK Parti,akparti,Balıkesir,balikesir,Balıkesir,7,Ahmet Gür,9
AK Parti,akparti,Balıkesir,balikesir,Balıkesir,8,Eşref Uslu,9
AK Parti,akparti,Balıkesir,balikesir,Balıkesir,9,Fatih Güngör,9
Bağımsız,bagimsiz,Balıkesir,balikesir,Balıkesir,1,Şeref Kafa,9
BBP,bbp,Balıkesir,balikesir,Balıkesir,1,Çağatay Hergül,9
BBP,bbp,Balıkesir,balikesir,Balıkesir,2,Ali Öksüz,9
BBP,bbp,Balıkesir,balikesir,Balıkesir,3,Mahmut Şen,9
BBP,bbp,Balıkesir,balikesir,Balıkesir,4,Orhan Kömürcü,9
BBP,bbp,Balıkesir,balikesir,Balıkesir,5,Safiye Bayraktar,9
BBP,bbp,Balıkesir,balikesir,Balıkesir,6,Ramazan Seren,9
BBP,bbp,Balıkesir,balikesir,Balıkesir,7,Gül Molla,9
BBP,bbp,Balıkesir,balikesir,Balıkesir,8,Mesud Erden,9
BBP,bbp,Balıkesir,balikesir,Balıkesir,9,Mustafa Yıldırım,9
CHP,chp,Balıkesir,balikesir,Balıkesir,1,Ensar Aytekin,9
CHP,chp,Balıkesir,balikesir,Balıkesir,2,Serkan Sarı,9
CHP,chp,Balıkesir,balikesir,Balıkesir,3,Burak Dalgın,9
CHP,chp,Balıkesir,balikesir,Balıkesir,4,Seval Bozkurt,9
CHP,chp,Balıkesir,balikesir,Balıkesir,5,Selim Panç,9
CHP,chp,Balıkesir,balikesir,Balıkesir,6,Fatma Salı Karabacakoğlu,9
CHP,chp,Balıkesir,balikesir,Balıkesir,7,Dilek Yalçın,9
CHP,chp,Balıkesir,balikesir,Balıkesir,8,Gülizar Yıldız,9
CHP,chp,Balıkesir,balikesir,Balıkesir,9,Muharrem Koç,9
Genç Parti,gencparti,Balıkesir,balikesir,Balıkesir,1,Mustafa Özulus,9
Genç Parti,gencparti,Balıkesir,balikesir,Balıkesir,2,Nalan Karaaslan,9
Genç Parti,gencparti,Balıkesir,balikesir,Balıkesir,3,Emine İlhan,9
Genç Parti,gencparti,Balıkesir,balikesir,Balıkesir,4,Kadir Özkan,9
Genç Parti,gencparti,Balıkesir,balikesir,Balıkesir,5,Turgay Kaplan,9
Genç Parti,gencparti,Balıkesir,balikesir,Balıkesir,6,Cihan Tekin Kınay,9
Genç Parti,gencparti,Balıkesir,balikesir,Balıkesir,7,Meral İnci,9
Genç Parti,gencparti,Balıkesir,balikesir,Balıkesir,8,Nebiye Şen,9
Genç Parti,gencparti,Balıkesir,balikesir,Balıkesir,9,Enes Şen,9
HAK-PAR,hakpar,Balıkesir,balikesir,Balıkesir,1,Kamer Beysülen,9
HAK-PAR,hakpar,Balıkesir,balikesir,Balıkesir,2,Bahri Korucu,9
HAK-PAR,hakpar,Balıkesir,balikesir,Balıkesir,3,İsmail Tutumlu,9
HAK-PAR,hakpar,Balıkesir,balikesir,Balıkesir,4,Mühbet Kara,9
HAK-PAR,hakpar,Balıkesir,balikesir,Balıkesir,5,Ercan Öztunç,9
HAK-PAR,hakpar,Balıkesir,balikesir,Balıkesir,6,Fatma Bayram,9
HAK-PAR,hakpar,Balıkesir,balikesir,Balıkesir,7,Sercan Engin,9
HAK-PAR,hakpar,Balıkesir,balikesir,Balıkesir,8,Azin Eren,9
HAK-PAR,hakpar,Balıkesir,balikesir,Balıkesir,9,Rıdvan Dursun,9
HKP,hkp,Balıkesir,balikesir,Balıkesir,1,Bekir Ceylan,9
HKP,hkp,Balıkesir,balikesir,Balıkesir,2,Nezengül Ağır,9
HKP,hkp,Balıkesir,balikesir,Balıkesir,3,Şazimet Turan,9
HKP,hkp,Balıkesir,balikesir,Balıkesir,4,Suhure Aysu Ceylan,9
HKP,hkp,Balıkesir,balikesir,Balıkesir,5,Doğan Ağbulut,9
HKP,hkp,Balıkesir,balikesir,Balıkesir,6,Selat Kurt,9
HKP,hkp,Balıkesir,balikesir,Balıkesir,7,Belgin Küçüktoy,9
HKP,hkp,Balıkesir,balikesir,Balıkesir,8,Mahmut Eren Okur,9
HKP,hkp,Balıkesir,balikesir,Balıkesir,9,Sezair Şentürk,9
İyi Parti,iyiparti,Balıkesir,balikesir,Balıkesir,1,Turhan Çömez,9
İyi Parti,iyiparti,Balıkesir,balikesir,Balıkesir,2,Özlem Ural,9
İyi Parti,iyiparti,Balıkesir,balikesir,Balıkesir,3,Nedim Tuna,9
İyi Parti,iyiparti,Balıkesir,balikesir,Balıkesir,4,Kamil Gültekin Öztürk,9
İyi Parti,iyiparti,Balıkesir,balikesir,Balıkesir,5,Nilgün Başaran,9
İyi Parti,iyiparti,Balıkesir,balikesir,Balıkesir,6,Mustafa Lemi Aytekin,9
İyi Parti,iyiparti,Balıkesir,balikesir,Balıkesir,7,Metin Özgür,9
İyi Parti,iyiparti,Balıkesir,balikesir,Balıkesir,8,Kemal Girgin,9
İyi Parti,iyiparti,Balıkesir,balikesir,Balıkesir,9,Mehmet Çalık,9
Memleket,memleket,Balıkesir,balikesir,Balıkesir,1,Sinan Diker,9
Memleket,memleket,Balıkesir,balikesir,Balıkesir,2,Göksel Taşaltı,9
Memleket,memleket,Balıkesir,balikesir,Balıkesir,3,Hakkı Bitikli,9
Memleket,memleket,Balıkesir,balikesir,Balıkesir,4,Diğdar Daşkın,9
Memleket,memleket,Balıkesir,balikesir,Balıkesir,5,İbrahim Kaya,9
Memleket,memleket,Balıkesir,balikesir,Balıkesir,6,Ahmet Can Aydemir,9
Memleket,memleket,Balıkesir,balikesir,Balıkesir,7,Akide Karaşahin,9
Memleket,memleket,Balıkesir,balikesir,Balıkesir,8,Kerem Altanhan,9
Memleket,memleket,Balıkesir,balikesir,Balıkesir,9,Ayşegül Toktay,9
MHP,mhp,Balıkesir,balikesir,Balıkesir,1,Ekrem Gökay Yüksel,9
MHP,mhp,Balıkesir,balikesir,Balıkesir,2,Harun Algül,9
MHP,mhp,Balıkesir,balikesir,Balıkesir,3,Cem Özışıklıoğlu,9
MHP,mhp,Balıkesir,balikesir,Balıkesir,4,Abdullah Sarbay,9
MHP,mhp,Balıkesir,balikesir,Balıkesir,5,İlteriş Kağan Sıkıcıkoğlu,9
MHP,mhp,Balıkesir,balikesir,Balıkesir,6,Nihat Gezergiç,9
MHP,mhp,Balıkesir,balikesir,Balıkesir,7,Ayten Sak,9
MHP,mhp,Balıkesir,balikesir,Balıkesir,8,Özkan Öztürk,9
MHP,mhp,Balıkesir,balikesir,Balıkesir,9,Cem Kıvılcım,9
MİLLET,millet,Balıkesir,balikesir,Balıkesir,1,Güven Yunus Coşkunsever,9
MİLLET,millet,Balıkesir,balikesir,Balıkesir,2,Mürşit Atlıakın,9
MİLLET,millet,Balıkesir,balikesir,Balıkesir,3,Nefise Demirezen,9
MİLLET,millet,Balıkesir,balikesir,Balıkesir,4,Asiye Akyıldız,9
MİLLET,millet,Balıkesir,balikesir,Balıkesir,5,Mehmet Kısa,9
MİLLET,millet,Balıkesir,balikesir,Balıkesir,6,Ergün Yıldırım,9
MİLLET,millet,Balıkesir,balikesir,Balıkesir,7,Fahri Mayalık,9
MİLLET,millet,Balıkesir,balikesir,Balıkesir,8,Mahmut Muharrem Uyar,9
MİLLET,millet,Balıkesir,balikesir,Balıkesir,9,Üzeyir Ataman,9
Sol Parti,solparti,Balıkesir,balikesir,Balıkesir,1,Ramazan Çeliker,9
Sol Parti,solparti,Balıkesir,balikesir,Balıkesir,2,Gülay Bozkurt,9
Sol Parti,solparti,Balıkesir,balikesir,Balıkesir,3,Ayhan Bayburt,9
Sol Parti,solparti,Balıkesir,balikesir,Balıkesir,4,Ali Kocaman,9
Sol Parti,solparti,Balıkesir,balikesir,Balıkesir,5,Kıymet Nesrin Seçer,9
Sol Parti,solparti,Balıkesir,balikesir,Balıkesir,6,Nazmi Arif Çakaloz,9
Sol Parti,solparti,Balıkesir,balikesir,Balıkesir,7,Nejdet Eren,9
Sol Parti,solparti,Balıkesir,balikesir,Balıkesir,8,Sevtap Oran,9
Sol Parti,solparti,Balıkesir,balikesir,Balıkesir,9,Orhan Cerav,9
TİP,tip,Balıkesir,balikesir,Balıkesir,1,Serhat Suha Özcan,9
TİP,tip,Balıkesir,balikesir,Balıkesir,2,Müge Okur,9
TİP,tip,Balıkesir,balikesir,Balıkesir,3,Açelya Sungur,9
TİP,tip,Balıkesir,balikesir,Balıkesir,4,Şerife Sevim Şenel,9
TİP,tip,Balıkesir,balikesir,Balıkesir,5,Oktay Şükür,9
TİP,tip,Balıkesir,balikesir,Balıkesir,6,Baran Bakır,9
TİP,tip,Balıkesir,balikesir,Balıkesir,7,Gizem Yoğurtcu,9
TİP,tip,Balıkesir,balikesir,Balıkesir,8,Cem Cantaş,9
TİP,tip,Balıkesir,balikesir,Balıkesir,9,Fatih Niyazioğlu,9
TKH,tkh,Balıkesir,balikesir,Balıkesir,1,Serkan Taş,9
TKH,tkh,Balıkesir,balikesir,Balıkesir,2,Soner Özalp,9
TKH,tkh,Balıkesir,balikesir,Balıkesir,3,Kadir Tanrıverdi,9
TKH,tkh,Balıkesir,balikesir,Balıkesir,4,Yeter Demir,9
TKH,tkh,Balıkesir,balikesir,Balıkesir,5,Saadet Açim,9
TKH,tkh,Balıkesir,balikesir,Balıkesir,6,Tülay Çoban,9
TKH,tkh,Balıkesir,balikesir,Balıkesir,7,Enver Burak Yurttaş,9
TKH,tkh,Balıkesir,balikesir,Balıkesir,8,Orhan Şan,9
TKH,tkh,Balıkesir,balikesir,Balıkesir,9,Naile Çağli,9
TKP,tkp,Balıkesir,balikesir,Balıkesir,1,Tamer Yılmaz,9
TKP,tkp,Balıkesir,balikesir,Balıkesir,2,Ramazan Karadaş,9
TKP,tkp,Balıkesir,balikesir,Balıkesir,3,Hüseyin Özcan,9
TKP,tkp,Balıkesir,balikesir,Balıkesir,4,Fikriye Eril Adıgüzel,9
TKP,tkp,Balıkesir,balikesir,Balıkesir,5,Mehmet Nayır,9
TKP,tkp,Balıkesir,balikesir,Balıkesir,6,Seyit Mehmet Yalçın,9
TKP,tkp,Balıkesir,balikesir,Balıkesir,7,Ahmet Dönmez,9
TKP,tkp,Balıkesir,balikesir,Balıkesir,8,Sinan Dalkılıç,9
TKP,tkp,Balıkesir,balikesir,Balıkesir,9,Ahmet Günaydın,9
Vatan,vatanpartisi,Balıkesir,balikesir,Balıkesir,1,Emre Albayrak,9
Vatan,vatanpartisi,Balıkesir,balikesir,Balıkesir,2,Ethem Dülgeroğlu,9
Vatan,vatanpartisi,Balıkesir,balikesir,Balıkesir,3,Engin Deniz Tören Aksoy,9
Vatan,vatanpartisi,Balıkesir,balikesir,Balıkesir,4,Ayfer Yalçın,9
Vatan,vatanpartisi,Balıkesir,balikesir,Balıkesir,5,İlhan Ağar,9
Vatan,vatanpartisi,Balıkesir,balikesir,Balıkesir,6,Ali Solak,9
Vatan,vatanpartisi,Balıkesir,balikesir,Balıkesir,7,Tuğhan Arbak,9
Vatan,vatanpartisi,Balıkesir,balikesir,Balıkesir,8,Ramazan Erişen,9
Vatan,vatanpartisi,Balıkesir,balikesir,Balıkesir,9,Ümmühan Gümüş,9
Y.Refah,yenidenrefah,Balıkesir,balikesir,Balıkesir,1,Fatih İnceboy,9
Y.Refah,yenidenrefah,Balıkesir,balikesir,Balıkesir,2,Kaan Burak Zarifoğlu,9
Y.Refah,yenidenrefah,Balıkesir,balikesir,Balıkesir,3,Nedim Savaş,9
Y.Refah,yenidenrefah,Balıkesir,balikesir,Balıkesir,4,Ülfet Sönmez,9
Y.Refah,yenidenrefah,Balıkesir,balikesir,Balıkesir,5,Tanju Akçe,9
Y.Refah,yenidenrefah,Balıkesir,balikesir,Balıkesir,6,Malik Kabakcı,9
Y.Refah,yenidenrefah,Balıkesir,balikesir,Balıkesir,7,İsmail Yılmaz,9
Y.Refah,yenidenrefah,Balıkesir,balikesir,Balıkesir,8,Murat Aygören,9
Y.Refah,yenidenrefah,Balıkesir,balikesir,Balıkesir,9,Hüseyin Öztürk,9
Y.Sol Parti,yesilsolparti,Balıkesir,balikesir,Balıkesir,1,Şevin Coşkun,9
Y.Sol Parti,yesilsolparti,Balıkesir,balikesir,Balıkesir,2,Gül Ertunan Karaaslan,9
Y.Sol Parti,yesilsolparti,Balıkesir,balikesir,Balıkesir,3,Canşah Çelik,9
Y.Sol Parti,yesilsolparti,Balıkesir,balikesir,Balıkesir,4,Mehmet Aslan,9
Y.Sol Parti,yesilsolparti,Balıkesir,balikesir,Balıkesir,5,Ali Açıkgöz,9
Y.Sol Parti,yesilsolparti,Balıkesir,balikesir,Balıkesir,6,Emin Filiz,9
Y.Sol Parti,yesilsolparti,Balıkesir,balikesir,Balıkesir,7,Fikriye Yadırgı,9
Y.Sol Parti,yesilsolparti,Balıkesir,balikesir,Balıkesir,8,Nevin Yılmaz Çakaloz,9
Y.Sol Parti,yesilsolparti,Balıkesir,balikesir,Balıkesir,9,Medine Çağlıyan,9
YP,yp,Balıkesir,balikesir,Balıkesir,1,Murat Adıgül,9
YP,yp,Balıkesir,balikesir,Balıkesir,2,Serdar Aycan,9
YP,yp,Balıkesir,balikesir,Balıkesir,3,İbrahim Karabacak,9
YP,yp,Balıkesir,balikesir,Balıkesir,4,Dinçer Kaygısız,9
YP,yp,Balıkesir,balikesir,Balıkesir,5,Selman Şahin,9
YP,yp,Balıkesir,balikesir,Balıkesir,6,Emre Aygören,9
YP,yp,Balıkesir,balikesir,Balıkesir,7,Habil Kutlu,9
YP,yp,Balıkesir,balikesir,Balıkesir,8,Ulaş Korkmaz,9
YP,yp,Balıkesir,balikesir,Balıkesir,9,Veysel Doğan,9
Zafer,zaferpartisi,Balıkesir,balikesir,Balıkesir,1,Erhan Ötegen,9
Zafer,zaferpartisi,Balıkesir,balikesir,Balıkesir,2,Özlem Bozkaya,9
Zafer,zaferpartisi,Balıkesir,balikesir,Balıkesir,3,Nilgün Sadıkoğlu Danışman,9
Zafer,zaferpartisi,Balıkesir,balikesir,Balıkesir,4,Hasan Güngör,9
Zafer,zaferpartisi,Balıkesir,balikesir,Balıkesir,5,Zeynep Erdemli Ünsal,9
Zafer,zaferpartisi,Balıkesir,balikesir,Balıkesir,6,Çilem Gökdemir,9
Zafer,zaferpartisi,Balıkesir,balikesir,Balıkesir,7,Barış Gagit,9
Zafer,zaferpartisi,Balıkesir,balikesir,Balıkesir,8,Mustafa Yılmaz,9
Zafer,zaferpartisi,Balıkesir,balikesir,Balıkesir,9,Haydar Alpcan Dikili,9
AB,ab,Bartın,bartin,Bartın,1,Yonca Gören,2
AB,ab,Bartın,bartin,Bartın,2,Ece Savar,2
Adalet,ap,Bartın,bartin,Bartın,1,Sabri Altunsayar,2
Adalet,ap,Bartın,bartin,Bartın,2,Ramazan Alpaydın,2
AK Parti,akparti,Bartın,bartin,Bartın,1,Yusuf Ziya Aldatmaz,2
AK Parti,akparti,Bartın,bartin,Bartın,2,Turhan Kalaycı,2
ANAP,anap,Bartın,bartin,Bartın,1,Kadir Yahşi,2
ANAP,anap,Bartın,bartin,Bartın,2,Hacı Ali Raşitoğlu,2
BBP,bbp,Bartın,bartin,Bartın,1,Muzaffer Halisçelik,2
BBP,bbp,Bartın,bartin,Bartın,2,Zehranur Kurt,2
CHP,chp,Bartın,bartin,Bartın,1,Aysu Bankoğlu,2
CHP,chp,Bartın,bartin,Bartın,2,Ceyda Sargın,2
GBP,gbp,Bartın,bartin,Bartın,1,Sibel Durna,2
GBP,gbp,Bartın,bartin,Bartın,2,Fatih Akın,2
Genç Parti,gencparti,Bartın,bartin,Bartın,1,Ümit Demiroğlu,2
Genç Parti,gencparti,Bartın,bartin,Bartın,2,Ayhan Naci Kaçar,2
HAK-PAR,hakpar,Bartın,bartin,Bartın,1,Rabia Beşer,2
HAK-PAR,hakpar,Bartın,bartin,Bartın,2,Duygu Bayram,2
HKP,hkp,Bartın,bartin,Bartın,1,Hande Öztürk Merdivan,2
HKP,hkp,Bartın,bartin,Bartın,2,Etem Öner,2
Memleket,memleket,Bartın,bartin,Bartın,1,Hacı Gölbucaklı,2
Memleket,memleket,Bartın,bartin,Bartın,2,Yıldız Bengi Nuhoğlu,2
MHP,mhp,Bartın,bartin,Bartın,1,Cemal Akın,2
MHP,mhp,Bartın,bartin,Bartın,2,Sezai Hangişi,2
MİLLET,millet,Bartın,bartin,Bartın,1,Ahmet Ateş,2
MİLLET,millet,Bartın,bartin,Bartın,2,Hüseyin Demir,2
Sol Parti,solparti,Bartın,bartin,Bartın,1,Selahattin Akarsu,2
Sol Parti,solparti,Bartın,bartin,Bartın,2,Tevabil Düzgün,2
TKH,tkh,Bartın,bartin,Bartın,1,Rıza Baran Boğa,2
TKH,tkh,Bartın,bartin,Bartın,2,Ahmet Açim,2
TKP,tkp,Bartın,bartin,Bartın,1,Selami Demirkan,2
TKP,tkp,Bartın,bartin,Bartın,2,Gözde Demiral,2
Vatan,vatanpartisi,Bartın,bartin,Bartın,1,Ertan Çolakoğlu,2
Vatan,vatanpartisi,Bartın,bartin,Bartın,2,Ali Aydemir,2
Y.Refah,yenidenrefah,Bartın,bartin,Bartın,1,Ziver Gebiç,2
Y.Refah,yenidenrefah,Bartın,bartin,Bartın,2,Yasin Kalem,2
Y.Sol Parti,yesilsolparti,Bartın,bartin,Bartın,1,Solmaz Özlen,2
Y.Sol Parti,yesilsolparti,Bartın,bartin,Bartın,2,Ali Özkan,2
YP,yp,Bartın,bartin,Bartın,1,Deniz Eskin,2
YP,yp,Bartın,bartin,Bartın,2,Zeliha Gökçe,2
Zafer,zaferpartisi,Bartın,bartin,Bartın,1,Cafer Türkmen,2
Zafer,zaferpartisi,Bartın,bartin,Bartın,2,Berat Öztekin,2
Adalet,ap,Batman,batman,Batman,1,Mehmet Sait Cens,5
Adalet,ap,Batman,batman,Batman,2,Mehmet Yılmaz,5
Adalet,ap,Batman,batman,Batman,3,Muhammed Baran Akmanoğlu,5
Adalet,ap,Batman,batman,Batman,4,Erkan Akmanoğlu,5
Adalet,ap,Batman,batman,Batman,5,Elif Arıkanoğlu,5
AK Parti,akparti,Batman,batman,Batman,1,Ferhat Nasıroğlu,5
AK Parti,akparti,Batman,batman,Batman,2,Serkan Ramanlı,5
AK Parti,akparti,Batman,batman,Batman,3,Murat Güneştekin,5
AK Parti,akparti,Batman,batman,Batman,4,Muhsine Bozkurt,5
AK Parti,akparti,Batman,batman,Batman,5,Fırat Tunç,5
BBP,bbp,Batman,batman,Batman,1,Melek Bağlamış,5
BBP,bbp,Batman,batman,Batman,2,Hüseyin Seyidoğlu,5
BBP,bbp,Batman,batman,Batman,3,Cemalettin Barlık,5
BBP,bbp,Batman,batman,Batman,4,Enver Altuner,5
BBP,bbp,Batman,batman,Batman,5,Mustafa Günel,5
CHP,chp,Batman,batman,Batman,1,Hüseyin Yaşar,5
CHP,chp,Batman,batman,Batman,2,Dicle Arslan,5
CHP,chp,Batman,batman,Batman,3,Orhan Ekmen,5
CHP,chp,Batman,batman,Batman,4,Abdullah Polat,5
CHP,chp,Batman,batman,Batman,5,Metin Banlı,5
GBP,gbp,Batman,batman,Batman,1,Hayreddin Seven,5
GBP,gbp,Batman,batman,Batman,2,Veysi Emen,5
GBP,gbp,Batman,batman,Batman,3,Hacı Özbay,5
GBP,gbp,Batman,batman,Batman,4,Buket Şenol,5
GBP,gbp,Batman,batman,Batman,5,Hasan Türkmen,5
HAK-PAR,hakpar,Batman,batman,Batman,1,Cemal Ökmen,5
HAK-PAR,hakpar,Batman,batman,Batman,2,Kasım Kaya,5
HAK-PAR,hakpar,Batman,batman,Batman,3,Alirıza Taşdemir,5
HAK-PAR,hakpar,Batman,batman,Batman,4,Ümit Kartal,5
HAK-PAR,hakpar,Batman,batman,Batman,5,Hakan Kemal Polat,5
HKP,hkp,Batman,batman,Batman,1,Hüseyin Özgür,5
HKP,hkp,Batman,batman,Batman,2,Sibel Seçkin,5
HKP,hkp,Batman,batman,Batman,3,Mıkdat Yabacı,5
HKP,hkp,Batman,batman,Batman,4,Duygu Demircan,5
HKP,hkp,Batman,batman,Batman,5,Yeliz Alan,5
Memleket,memleket,Batman,batman,Batman,1,Ahmet Cahit Tayanç,5
Memleket,memleket,Batman,batman,Batman,2,Ramazan Kayhan,5
Memleket,memleket,Batman,batman,Batman,3,Filiz Özden,5
Memleket,memleket,Batman,batman,Batman,4,Kaan Mert Esen,5
Memleket,memleket,Batman,batman,Batman,5,Mert Kaan Avcı,5
MHP,mhp,Batman,batman,Batman,1,Recep Çelikkaya,5
MHP,mhp,Batman,batman,Batman,2,Tekin Güçlü,5
MHP,mhp,Batman,batman,Batman,3,Hüseyin Kazak,5
MHP,mhp,Batman,batman,Batman,4,Hakan Atala,5
MHP,mhp,Batman,batman,Batman,5,Alperen Özdemir,5
MİLLET,millet,Batman,batman,Batman,1,Ahmet Akıncı,5
MİLLET,millet,Batman,batman,Batman,2,Selman Faris Yılmaz,5
MİLLET,millet,Batman,batman,Batman,3,Hıdır Turan,5
MİLLET,millet,Batman,batman,Batman,4,Halil Nergizciler,5
MİLLET,millet,Batman,batman,Batman,5,İbrahim Arsoy,5
Sol Parti,solparti,Batman,batman,Batman,1,Bekir Çalış,5
Sol Parti,solparti,Batman,batman,Batman,2,Hüseyin Atalay,5
Sol Parti,solparti,Batman,batman,Batman,3,Hilmi Cumhur Geçin,5
Sol Parti,solparti,Batman,batman,Batman,4,Ahmet Akçay,5
Sol Parti,solparti,Batman,batman,Batman,5,Berfin Gül,5
TKH,tkh,Batman,batman,Batman,1,Anıl Hasan Urhan,5
TKH,tkh,Batman,batman,Batman,2,Mahir Asutay,5
TKH,tkh,Batman,batman,Batman,3,Efe Ahmet Aslan,5
TKH,tkh,Batman,batman,Batman,4,Deniz Cevahir Kaya,5
TKH,tkh,Batman,batman,Batman,5,Özkan Taksim,5
TKP,tkp,Batman,batman,Batman,1,Muhlis Geçit,5
TKP,tkp,Batman,batman,Batman,2,Pervin Tiryaki,5
TKP,tkp,Batman,batman,Batman,3,Ahmet Murat Akgöz,5
TKP,tkp,Batman,batman,Batman,4,Ali Güney Yakar,5
TKP,tkp,Batman,batman,Batman,5,Aygün Benli,5
Vatan,vatanpartisi,Batman,batman,Batman,1,Ahmet Aslan,5
Vatan,vatanpartisi,Batman,batman,Batman,2,Melek Güvenç,5
Vatan,vatanpartisi,Batman,batman,Batman,3,Oğuzhan Balkan,5
Vatan,vatanpartisi,Batman,batman,Batman,4,Zeynep Fulya Beder,5
Vatan,vatanpartisi,Batman,batman,Batman,5,Mete İrfan,5
Y.Refah,yenidenrefah,Batman,batman,Batman,1,Ziyaülhak Yamaç,5
Y.Refah,yenidenrefah,Batman,batman,Batman,2,Ahmet Seyidoğlu,5
Y.Refah,yenidenrefah,Batman,batman,Batman,3,Fethullah Taş,5
Y.Refah,yenidenrefah,Batman,batman,Batman,4,İbrahim Halil Yalçın,5
Y.Refah,yenidenrefah,Batman,batman,Batman,5,Şakir Sönmezsoy,5
Y.Sol Parti,yesilsolparti,Batman,batman,Batman,1,Keskin Bayındır,5
Y.Sol Parti,yesilsolparti,Batman,batman,Batman,2,Zeynep Oduncu,5
Y.Sol Parti,yesilsolparti,Batman,batman,Batman,3,Mehmet Rüştü Tiryaki,5
Y.Sol Parti,yesilsolparti,Batman,batman,Batman,4,Nurten Ertuğrul,5
Y.Sol Parti,yesilsolparti,Batman,batman,Batman,5,Ekrem Baran,5
YP,yp,Batman,batman,Batman,1,Sevde Eren Turan,5
YP,yp,Batman,batman,Batman,2,Şakir Evcil,5
YP,yp,Batman,batman,Batman,3,Elif Soysal,5
YP,yp,Batman,batman,Batman,4,Ramazan Başkara,5
YP,yp,Batman,batman,Batman,5,Ayhan Çelik,5
AB,ab,Bayburt,bayburt,Bayburt,1,Günay Tatar,1
Adalet,ap,Bayburt,bayburt,Bayburt,1,Orhan Yıldız,1
AK Parti,akparti,Bayburt,bayburt,Bayburt,1,Orhan Ateş,1
ANAP,anap,Bayburt,bayburt,Bayburt,1,Cevat Günduğ,1
BBP,bbp,Bayburt,bayburt,Bayburt,1,Muhammet Şipal,1
GBP,gbp,Bayburt,bayburt,Bayburt,1,Aslı Han,1
Genç Parti,gencparti,Bayburt,bayburt,Bayburt,1,Dilara Gündür,1
HAK-PAR,hakpar,Bayburt,bayburt,Bayburt,1,Semir Güzel,1
HKP,hkp,Bayburt,bayburt,Bayburt,1,Erdoğan Öner,1
İyi Parti,iyiparti,Bayburt,bayburt,Bayburt,1,Karabey Kadri Karaoğlu,1
Memleket,memleket,Bayburt,bayburt,Bayburt,1,Kemal Kılıç,1
MHP,mhp,Bayburt,bayburt,Bayburt,1,Bekir Kasap,1
MİLLET,millet,Bayburt,bayburt,Bayburt,1,Edebali Akdeniz,1
Milli Yol,milliyol,Bayburt,bayburt,Bayburt,1,Recep Şendur,1
Sol Parti,solparti,Bayburt,bayburt,Bayburt,1,Sercan Ulu,1
TİP,tip,Bayburt,bayburt,Bayburt,1,Mahmut Kandemir,1
TKH,tkh,Bayburt,bayburt,Bayburt,1,Emine Yıldırım,1
TKP,tkp,Bayburt,bayburt,Bayburt,1,Süleyman Sümbül,1
Vatan,vatanpartisi,Bayburt,bayburt,Bayburt,1,Ayşin Tatoğlu,1
Y.Refah,yenidenrefah,Bayburt,bayburt,Bayburt,1,Osman Görer,1
Y.Sol Parti,yesilsolparti,Bayburt,bayburt,Bayburt,1,Mesut Bilgi,1
YP,yp,Bayburt,bayburt,Bayburt,1,Abdullah Kaban,1
Zafer,zaferpartisi,Bayburt,bayburt,Bayburt,1,Aycan Şap,1
AB,ab,Bilecik,bilecik,Bilecik,1,Sinem Bektaş,2
AB,ab,Bilecik,bilecik,Bilecik,2,Hividar Cirasun,2
Adalet,ap,Bilecik,bilecik,Bilecik,1,Gündoğan Yazıcı,2
Adalet,ap,Bilecik,bilecik,Bilecik,2,Harun Alpak,2
AK Parti,akparti,Bilecik,bilecik,Bilecik,1,Halil Eldemir,2
AK Parti,akparti,Bilecik,bilecik,Bilecik,2,Hüsnü Ersoy,2
ANAP,anap,Bilecik,bilecik,Bilecik,1,Tamer Yağız,2
ANAP,anap,Bilecik,bilecik,Bilecik,2,Abdülkadir Kerimoğlu,2
Bağımsız,bagimsiz,Bilecik,bilecik,Bilecik,1,Bahadır Güler,2
BBP,bbp,Bilecik,bilecik,Bilecik,1,Murat Önal,2
BBP,bbp,Bilecik,bilecik,Bilecik,2,Mustafa İbiş,2
CHP,chp,Bilecik,bilecik,Bilecik,1,Yaşar Tüzün,2
CHP,chp,Bilecik,bilecik,Bilecik,2,Vedat Kazıcı,2
GBP,gbp,Bilecik,bilecik,Bilecik,1,Hüseyin Balta,2
GBP,gbp,Bilecik,bilecik,Bilecik,2,Sevilay Balta,2
Genç Parti,gencparti,Bilecik,bilecik,Bilecik,1,Bülent Açıkgöz,2
Genç Parti,gencparti,Bilecik,bilecik,Bilecik,2,Hasan Albayrak,2
HAK-PAR,hakpar,Bilecik,bilecik,Bilecik,1,Ramazan Tosun,2
HAK-PAR,hakpar,Bilecik,bilecik,Bilecik,2,Necla Çamlıbel,2
HKP,hkp,Bilecik,bilecik,Bilecik,1,Songül Kaya,2
HKP,hkp,Bilecik,bilecik,Bilecik,2,Zafer Sel,2
İyi Parti,iyiparti,Bilecik,bilecik,Bilecik,1,Halil Aydoğdu,2
İyi Parti,iyiparti,Bilecik,bilecik,Bilecik,2,Eren Güven,2
Memleket,memleket,Bilecik,bilecik,Bilecik,1,Hüseyin Korkman,2
Memleket,memleket,Bilecik,bilecik,Bilecik,2,Şükrü Çetiner,2
MHP,mhp,Bilecik,bilecik,Bilecik,1,İbrahim Bağ,2
MHP,mhp,Bilecik,bilecik,Bilecik,2,Tacettin Güven,2
MİLLET,millet,Bilecik,bilecik,Bilecik,1,Sezai Ülker,2
MİLLET,millet,Bilecik,bilecik,Bilecik,2,Mesut Yılmaz,2
Sol Parti,solparti,Bilecik,bilecik,Bilecik,1,Orçun Yalçın,2
Sol Parti,solparti,Bilecik,bilecik,Bilecik,2,Berkay Kalkan,2
TİP,tip,Bilecik,bilecik,Bilecik,1,Cenk Dik,2
TİP,tip,Bilecik,bilecik,Bilecik,2,Ceylan Özçelik,2
TKH,tkh,Bilecik,bilecik,Bilecik,1,Fatih Berkay Soygel,2
TKH,tkh,Bilecik,bilecik,Bilecik,2,Murat İşler,2
TKP,tkp,Bilecik,bilecik,Bilecik,1,Aycan Ercan,2
TKP,tkp,Bilecik,bilecik,Bilecik,2,Gürkan Şahintürk,2
Vatan,vatanpartisi,Bilecik,bilecik,Bilecik,1,Devrim Serin,2
Vatan,vatanpartisi,Bilecik,bilecik,Bilecik,2,Hakan Uslu,2
Y.Refah,yenidenrefah,Bilecik,bilecik,Bilecik,1,Ahmet Özvatan,2
Y.Refah,yenidenrefah,Bilecik,bilecik,Bilecik,2,Cafer Arslanboğa,2
Y.Sol Parti,yesilsolparti,Bilecik,bilecik,Bilecik,1,Hüseyin Ağlar,2
Y.Sol Parti,yesilsolparti,Bilecik,bilecik,Bilecik,2,Züleyha Çengel,2
YP,yp,Bilecik,bilecik,Bilecik,1,Dilara İlbahar,2
YP,yp,Bilecik,bilecik,Bilecik,2,Necla Turan,2
Zafer,zaferpartisi,Bilecik,bilecik,Bilecik,1,Kemal Bige,2
Zafer,zaferpartisi,Bilecik,bilecik,Bilecik,2,Onur Doğru,2
AB,ab,Bingöl,bingol,Bingöl,1,Elif Toprak,3
AB,ab,Bingöl,bingol,Bingöl,2,Kübra Hansu,3
AB,ab,Bingöl,bingol,Bingöl,3,İmran Cirasun,3
Adalet,ap,Bingöl,bingol,Bingöl,1,Mehmet Kenan Erat,3
Adalet,ap,Bingöl,bingol,Bingöl,2,Erkan Suri,3
Adalet,ap,Bingöl,bingol,Bingöl,3,İbrahim Özbay,3
AK Parti,akparti,Bingöl,bingol,Bingöl,1,Feyzi Berdibek,3
AK Parti,akparti,Bingöl,bingol,Bingöl,2,Zeki Korkutata,3
AK Parti,akparti,Bingöl,bingol,Bingöl,3,Furkan Ufuk Coşkun,3
ANAP,anap,Bingöl,bingol,Bingöl,1,Hüseyin Özdilek,3
ANAP,anap,Bingöl,bingol,Bingöl,2,Emel Başkaya,3
ANAP,anap,Bingöl,bingol,Bingöl,3,Erdal Azun,3
Bağımsız,bagimsiz,Bingöl,bingol,Bingöl,1,Fesih Zeki Mert,3
BBP,bbp,Bingöl,bingol,Bingöl,1,Aydın Bucuka,3
BBP,bbp,Bingöl,bingol,Bingöl,2,Ahmet Eryatan,3
BBP,bbp,Bingöl,bingol,Bingöl,3,Şenol Tüncer,3
CHP,chp,Bingöl,bingol,Bingöl,1,Serdar Atalay,3
CHP,chp,Bingöl,bingol,Bingöl,2,Mehmet Canlı,3
CHP,chp,Bingöl,bingol,Bingöl,3,İlhami Gelen,3
GBP,gbp,Bingöl,bingol,Bingöl,1,Bekir Kefen,3
GBP,gbp,Bingöl,bingol,Bingöl,2,Nesrin Vural,3
GBP,gbp,Bingöl,bingol,Bingöl,3,Fikriye Sibel Demirel,3
Genç Parti,gencparti,Bingöl,bingol,Bingöl,1,Dilek Kişin,3
Genç Parti,gencparti,Bingöl,bingol,Bingöl,2,İsmail Uçar,3
Genç Parti,gencparti,Bingöl,bingol,Bingöl,3,İdris Canşi,3
HAK-PAR,hakpar,Bingöl,bingol,Bingöl,1,Mehmet Sait Oğrak,3
HAK-PAR,hakpar,Bingöl,bingol,Bingöl,2,Sait Yılmaz,3
HAK-PAR,hakpar,Bingöl,bingol,Bingöl,3,Gürsel Kaya,3
HKP,hkp,Bingöl,bingol,Bingöl,1,Türkmen Pala,3
HKP,hkp,Bingöl,bingol,Bingöl,2,Eda Gül Alsancak,3
HKP,hkp,Bingöl,bingol,Bingöl,3,Onur Özel,3
İyi Parti,iyiparti,Bingöl,bingol,Bingöl,1,Hasan Kızılboğa,3
İyi Parti,iyiparti,Bingöl,bingol,Bingöl,2,Sema Tanin,3
İyi Parti,iyiparti,Bingöl,bingol,Bingöl,3,Ahmet Arpa,3
Memleket,memleket,Bingöl,bingol,Bingöl,1,Alpay Eser,3
Memleket,memleket,Bingöl,bingol,Bingöl,2,Göksel Serkan Aydoğan,3
Memleket,memleket,Bingöl,bingol,Bingöl,3,Caner Tuncay,3
MHP,mhp,Bingöl,bingol,Bingöl,1,Metin Keskin,3
MHP,mhp,Bingöl,bingol,Bingöl,2,Muhammed Köse,3
MHP,mhp,Bingöl,bingol,Bingöl,3,Ekrem Çiftçi,3
MİLLET,millet,Bingöl,bingol,Bingöl,1,Bayram Karaca,3
MİLLET,millet,Bingöl,bingol,Bingöl,2,Ali Şirin,3
MİLLET,millet,Bingöl,bingol,Bingöl,3,Hacer Recep,3
Sol Parti,solparti,Bingöl,bingol,Bingöl,1,Mesut Geçgel,3
Sol Parti,solparti,Bingöl,bingol,Bingöl,2,Sadet Sönmez Gül,3
Sol Parti,solparti,Bingöl,bingol,Bingöl,3,Ümit Bektaş,3
TKH,tkh,Bingöl,bingol,Bingöl,1,Abdulhakim Mert,3
TKH,tkh,Bingöl,bingol,Bingöl,2,Eren Yıldırım,3
TKH,tkh,Bingöl,bingol,Bingöl,3,İbrahim Halil Asrağ,3
TKP,tkp,Bingöl,bingol,Bingöl,1,Mehmet Ali Samuk,3
TKP,tkp,Bingöl,bingol,Bingöl,2,Sedat Gül,3
TKP,tkp,Bingöl,bingol,Bingöl,3,Necati Karakuş,3
Vatan,vatanpartisi,Bingöl,bingol,Bingöl,1,Sinan Yeşilyurt,3
Vatan,vatanpartisi,Bingöl,bingol,Bingöl,2,Mücahit Mecit Etli,3
Vatan,vatanpartisi,Bingöl,bingol,Bingöl,3,Gaye Sude Kocabay,3
Y.Refah,yenidenrefah,Bingöl,bingol,Bingöl,1,Mehmet Ziya Buyankara,3
Y.Refah,yenidenrefah,Bingöl,bingol,Bingöl,2,İsmail Yeter,3
Y.Refah,yenidenrefah,Bingöl,bingol,Bingöl,3,Ersoy Öten,3
Y.Sol Parti,yesilsolparti,Bingöl,bingol,Bingöl,1,Ömer Faruk Hülakü,3
Y.Sol Parti,yesilsolparti,Bingöl,bingol,Bingöl,2,Cemile Turhallı Balsak,3
Y.Sol Parti,yesilsolparti,Bingöl,bingol,Bingöl,3,Faruk Arıs,3
YP,yp,Bingöl,bingol,Bingöl,1,Arif Uslu,3
YP,yp,Bingöl,bingol,Bingöl,2,Velat Dikmen,3
YP,yp,Bingöl,bingol,Bingöl,3,Adem Özyurt,3
AB,ab,Bitlis,bitlis,Bitlis,1,Ferhat Demir,3
AB,ab,Bitlis,bitlis,Bitlis,2,Hasan Yılgın,3
AB,ab,Bitlis,bitlis,Bitlis,3,Özgür Öztürk,3
Adalet,ap,Bitlis,bitlis,Bitlis,1,Sibel Huten,3
Adalet,ap,Bitlis,bitlis,Bitlis,2,Cuma Nazli,3
Adalet,ap,Bitlis,bitlis,Bitlis,3,Muhammet Ort,3
AK Parti,akparti,Bitlis,bitlis,Bitlis,1,Turan Bedirhanoğlu,3
AK Parti,akparti,Bitlis,bitlis,Bitlis,2,Muaz Ergezen,3
AK Parti,akparti,Bitlis,bitlis,Bitlis,3,Cebrail Yakışır,3
ANAP,anap,Bitlis,bitlis,Bitlis,1,İbrahim Özen,3
ANAP,anap,Bitlis,bitlis,Bitlis,2,Efdal Demir,3
ANAP,anap,Bitlis,bitlis,Bitlis,3,Semiye Yılmaz,3
BBP,bbp,Bitlis,bitlis,Bitlis,1,Zeydin Güzeltaş,3
BBP,bbp,Bitlis,bitlis,Bitlis,2,Zübeyde Altıkuşak,3
BBP,bbp,Bitlis,bitlis,Bitlis,3,Yılmaz Şengül,3
GBP,gbp,Bitlis,bitlis,Bitlis,1,Göktan Ünver,3
GBP,gbp,Bitlis,bitlis,Bitlis,2,Mustafa Tonbul,3
GBP,gbp,Bitlis,bitlis,Bitlis,3,Hasan Ünver,3
Genç Parti,gencparti,Bitlis,bitlis,Bitlis,1,Selçuk Taşdemir,3
Genç Parti,gencparti,Bitlis,bitlis,Bitlis,2,Ali İsmail Nas,3
Genç Parti,gencparti,Bitlis,bitlis,Bitlis,3,Cafer Hacikadiroğulları,3
HAK-PAR,hakpar,Bitlis,bitlis,Bitlis,1,İsa Eskin,3
HAK-PAR,hakpar,Bitlis,bitlis,Bitlis,2,Çağdaş Tunç,3
HAK-PAR,hakpar,Bitlis,bitlis,Bitlis,3,Sezgin Eren,3
HKP,hkp,Bitlis,bitlis,Bitlis,1,Gülsüm Sarıoğlu,3
HKP,hkp,Bitlis,bitlis,Bitlis,2,Erim Şişman,3
HKP,hkp,Bitlis,bitlis,Bitlis,3,Oktay Kök,3
İyi Parti,iyiparti,Bitlis,bitlis,Bitlis,1,Edip Safder Gaydalı,3
İyi Parti,iyiparti,Bitlis,bitlis,Bitlis,2,Levent Nasır,3
İyi Parti,iyiparti,Bitlis,bitlis,Bitlis,3,Maşallah Aslan,3
Memleket,memleket,Bitlis,bitlis,Bitlis,1,Abdulkadir Ölekli,3
Memleket,memleket,Bitlis,bitlis,Bitlis,2,Yusuf Korkmaz,3
Memleket,memleket,Bitlis,bitlis,Bitlis,3,Ozan Cem Durdu,3
MHP,mhp,Bitlis,bitlis,Bitlis,1,Gökhan İdiz,3
MHP,mhp,Bitlis,bitlis,Bitlis,2,Osman Gülsar,3
MHP,mhp,Bitlis,bitlis,Bitlis,3,Abdulrahim Subaşı,3
MİLLET,millet,Bitlis,bitlis,Bitlis,1,Ahmet Örün,3
MİLLET,millet,Bitlis,bitlis,Bitlis,2,Hayrettin Uygun,3
MİLLET,millet,Bitlis,bitlis,Bitlis,3,Ahmet Recep,3
Sol Parti,solparti,Bitlis,bitlis,Bitlis,1,Mahmut Taha Bayrak,3
Sol Parti,solparti,Bitlis,bitlis,Bitlis,2,Sefa Akın,3
Sol Parti,solparti,Bitlis,bitlis,Bitlis,3,Anıl Genç,3
TKH,tkh,Bitlis,bitlis,Bitlis,1,Yurdal Toksöz,3
TKH,tkh,Bitlis,bitlis,Bitlis,2,İdris Karataş,3
TKH,tkh,Bitlis,bitlis,Bitlis,3,Eyüp Ceyhan,3
TKP,tkp,Bitlis,bitlis,Bitlis,1,Munasım Mert,3
TKP,tkp,Bitlis,bitlis,Bitlis,2,Osman İlhan,3
TKP,tkp,Bitlis,bitlis,Bitlis,3,Umut Deniz Karakuş,3
Vatan,vatanpartisi,Bitlis,bitlis,Bitlis,1,Hakim Üstyol,3
Vatan,vatanpartisi,Bitlis,bitlis,Bitlis,2,Bişar Taşkaya,3
Vatan,vatanpartisi,Bitlis,bitlis,Bitlis,3,Hasan Almışlar,3
Y.Refah,yenidenrefah,Bitlis,bitlis,Bitlis,1,Ayhan Uslu,3
Y.Refah,yenidenrefah,Bitlis,bitlis,Bitlis,2,Özcan Kaplan,3
Y.Refah,yenidenrefah,Bitlis,bitlis,Bitlis,3,Muhsin Erensayın,3
Y.Sol Parti,yesilsolparti,Bitlis,bitlis,Bitlis,1,Hüseyin Olan,3
Y.Sol Parti,yesilsolparti,Bitlis,bitlis,Bitlis,2,Semra Çağlar Gökalp,3
Y.Sol Parti,yesilsolparti,Bitlis,bitlis,Bitlis,3,Enver Barin,3
YP,yp,Bitlis,bitlis,Bitlis,1,Savcı Yolaçan,3
YP,yp,Bitlis,bitlis,Bitlis,2,İrem Yeni,3
YP,yp,Bitlis,bitlis,Bitlis,3,Ömer Akay,3
AB,ab,Bolu,bolu,Bolu,1,Burcu Kurtoğlu,3
AB,ab,Bolu,bolu,Bolu,2,Kader Kul,3
AB,ab,Bolu,bolu,Bolu,3,Hüseyin Lale,3
Adalet,ap,Bolu,bolu,Bolu,1,Fernaz Bağder,3
Adalet,ap,Bolu,bolu,Bolu,2,Mehmet Yaşar,3
Adalet,ap,Bolu,bolu,Bolu,3,Ruhsan Ölçer,3
AK Parti,akparti,Bolu,bolu,Bolu,1,Yüksel Coşkunyürek,3
AK Parti,akparti,Bolu,bolu,Bolu,2,Arzu Aydın,3
AK Parti,akparti,Bolu,bolu,Bolu,3,Kazım Konak,3
ANAP,anap,Bolu,bolu,Bolu,1,Mert Umut Memiş,3
ANAP,anap,Bolu,bolu,Bolu,2,Miraç Aydın,3
ANAP,anap,Bolu,bolu,Bolu,3,Cem Güvenç,3
BBP,bbp,Bolu,bolu,Bolu,1,Ahmet Emin Serin,3
BBP,bbp,Bolu,bolu,Bolu,2,Yaşar İmamoğlu,3
BBP,bbp,Bolu,bolu,Bolu,3,Kübra Yılmaz,3
CHP,chp,Bolu,bolu,Bolu,1,Türker Ateş,3
CHP,chp,Bolu,bolu,Bolu,2,Mehmet Burak Cop,3
CHP,chp,Bolu,bolu,Bolu,3,Zuhal Işın,3
GBP,gbp,Bolu,bolu,Bolu,1,Bilal Yıldırım,3
GBP,gbp,Bolu,bolu,Bolu,2,Ümit İpek,3
GBP,gbp,Bolu,bolu,Bolu,3,Yunus Bircan,3
Genç Parti,gencparti,Bolu,bolu,Bolu,1,Abdullah Yıkılmaz,3
Genç Parti,gencparti,Bolu,bolu,Bolu,2,Atilla Aktün,3
Genç Parti,gencparti,Bolu,bolu,Bolu,3,Didem Hazer,3
HAK-PAR,hakpar,Bolu,bolu,Bolu,1,Sultan Bayram,3
HAK-PAR,hakpar,Bolu,bolu,Bolu,2,İsmail Kesen,3
HAK-PAR,hakpar,Bolu,bolu,Bolu,3,Özlem Kahraman,3
HKP,hkp,Bolu,bolu,Bolu,1,Nihat Güldemir,3
HKP,hkp,Bolu,bolu,Bolu,2,Emine Olkun,3
HKP,hkp,Bolu,bolu,Bolu,3,Bahtiyar Koçak,3
İyi Parti,iyiparti,Bolu,bolu,Bolu,1,Ahmet Örnekbaş,3
İyi Parti,iyiparti,Bolu,bolu,Bolu,2,İrfan Bayar,3
İyi Parti,iyiparti,Bolu,bolu,Bolu,3,Suat Orhan,3
Memleket,memleket,Bolu,bolu,Bolu,1,Duha Özçelik,3
Memleket,memleket,Bolu,bolu,Bolu,2,Ahmet Akın Aysan,3
Memleket,memleket,Bolu,bolu,Bolu,3,Kadir Karaca,3
MHP,mhp,Bolu,bolu,Bolu,1,İsmail Akgül,3
MHP,mhp,Bolu,bolu,Bolu,2,Rahmi Aksoy,3
MHP,mhp,Bolu,bolu,Bolu,3,Muhittin Özel,3
MİLLET,millet,Bolu,bolu,Bolu,1,Latif Ural,3
MİLLET,millet,Bolu,bolu,Bolu,2,Şerife Zaim,3
MİLLET,millet,Bolu,bolu,Bolu,3,Mehmet Örün,3
Milli Yol,milliyol,Bolu,bolu,Bolu,1,Mehmet Ali Kaloğlu,3
Milli Yol,milliyol,Bolu,bolu,Bolu,2,İsmail Besdilli,3
Milli Yol,milliyol,Bolu,bolu,Bolu,3,Ahmet Datlı,3
Sol Parti,solparti,Bolu,bolu,Bolu,1,Sinan Cantürk,3
Sol Parti,solparti,Bolu,bolu,Bolu,2,Ramazan Melih Ülker,3
Sol Parti,solparti,Bolu,bolu,Bolu,3,Ahmet Aksoy,3
TİP,tip,Bolu,bolu,Bolu,1,Figen Çakır,3
TİP,tip,Bolu,bolu,Bolu,2,Eraycan Safa,3
TİP,tip,Bolu,bolu,Bolu,3,Ömer Barış Safi,3
TKH,tkh,Bolu,bolu,Bolu,1,Habibe Kılıç Karaca,3
TKH,tkh,Bolu,bolu,Bolu,2,Şenol Saldıran,3
TKH,tkh,Bolu,bolu,Bolu,3,Ayla Yıldız,3
TKP,tkp,Bolu,bolu,Bolu,1,Azize Ergün,3
TKP,tkp,Bolu,bolu,Bolu,2,Serpil Yaman,3
TKP,tkp,Bolu,bolu,Bolu,3,Mehmet Yaşar,3
Vatan,vatanpartisi,Bolu,bolu,Bolu,1,Hakan Bakan,3
Vatan,vatanpartisi,Bolu,bolu,Bolu,2,Ömer Yasa,3
Vatan,vatanpartisi,Bolu,bolu,Bolu,3,Mürvet Karataş,3
Y.Refah,yenidenrefah,Bolu,bolu,Bolu,1,Sadettin Baskın,3
Y.Refah,yenidenrefah,Bolu,bolu,Bolu,2,Hakan Aslan,3
Y.Refah,yenidenrefah,Bolu,bolu,Bolu,3,Yusuf Tek,3
Y.Sol Parti,yesilsolparti,Bolu,bolu,Bolu,1,Günay Batur,3
Y.Sol Parti,yesilsolparti,Bolu,bolu,Bolu,2,Çiçek Tutuş,3
Y.Sol Parti,yesilsolparti,Bolu,bolu,Bolu,3,Öykü Ilgın Gürses,3
YP,yp,Bolu,bolu,Bolu,1,Sevilay Gül,3
YP,yp,Bolu,bolu,Bolu,2,Cansu Mişe,3
YP,yp,Bolu,bolu,Bolu,3,Semahat Ceyhanlı,3
Zafer,zaferpartisi,Bolu,bolu,Bolu,1,Metin Karakaş,3
Zafer,zaferpartisi,Bolu,bolu,Bolu,2,Can Güler,3
Zafer,zaferpartisi,Bolu,bolu,Bolu,3,Yavuz Kütük,3
AB,ab,Burdur,burdur,Burdur,1,Kader Ünal,3
AB,ab,Burdur,burdur,Burdur,2,Zeynur Kulak,3
AB,ab,Burdur,burdur,Burdur,3,Nazlı Yavuz,3
Adalet,ap,Burdur,burdur,Burdur,1,Osman Koç,3
Adalet,ap,Burdur,burdur,Burdur,2,Fikriye Öztunç,3
Adalet,ap,Burdur,burdur,Burdur,3,Aybüke Bunsuz,3
AK Parti,akparti,Burdur,burdur,Burdur,1,Adem Korkmaz,3
AK Parti,akparti,Burdur,burdur,Burdur,2,Mustafa Oğuz,3
AK Parti,akparti,Burdur,burdur,Burdur,3,Volkan Mengi,3
ANAP,anap,Burdur,burdur,Burdur,1,Ruhi Özcan,3
ANAP,anap,Burdur,burdur,Burdur,2,Hüseyin Dayıoğlu,3
ANAP,anap,Burdur,burdur,Burdur,3,Sena İşcan,3
BBP,bbp,Burdur,burdur,Burdur,1,Ufuk Kazancı,3
BBP,bbp,Burdur,burdur,Burdur,2,Bilal Aydın,3
BBP,bbp,Burdur,burdur,Burdur,3,Havva Ercan,3
CHP,chp,Burdur,burdur,Burdur,1,İzzet Akbulut,3
CHP,chp,Burdur,burdur,Burdur,2,Hülya Gümüş,3
CHP,chp,Burdur,burdur,Burdur,3,Süleyman Erman,3
GBP,gbp,Burdur,burdur,Burdur,1,Ferah Çelik,3
GBP,gbp,Burdur,burdur,Burdur,2,İbrahim Aralı,3
GBP,gbp,Burdur,burdur,Burdur,3,Haluk Tılfarlıoğlu,3
Genç Parti,gencparti,Burdur,burdur,Burdur,1,Suzan Açıkbaş,3
Genç Parti,gencparti,Burdur,burdur,Burdur,2,Celal Demir,3
Genç Parti,gencparti,Burdur,burdur,Burdur,3,Ömer Altay,3
HAK-PAR,hakpar,Burdur,burdur,Burdur,1,Taylan Timur,3
HAK-PAR,hakpar,Burdur,burdur,Burdur,2,Özgür Coşkun,3
HAK-PAR,hakpar,Burdur,burdur,Burdur,3,Yıldız Kahraman,3
HKP,hkp,Burdur,burdur,Burdur,1,Buse Kayan,3
HKP,hkp,Burdur,burdur,Burdur,2,Arif Çakır,3
HKP,hkp,Burdur,burdur,Burdur,3,Eren Gençer,3
İyi Parti,iyiparti,Burdur,burdur,Burdur,1,Faruk Erkan,3
İyi Parti,iyiparti,Burdur,burdur,Burdur,2,Safa Sönmez,3
İyi Parti,iyiparti,Burdur,burdur,Burdur,3,Mehmet Yavaş,3
Memleket,memleket,Burdur,burdur,Burdur,1,Hulusi Özkan,3
Memleket,memleket,Burdur,burdur,Burdur,2,Hüseyin Can Kartal,3
Memleket,memleket,Burdur,burdur,Burdur,3,Cansu Altınsoy,3
MHP,mhp,Burdur,burdur,Burdur,1,Servet Olpak,3
MHP,mhp,Burdur,burdur,Burdur,2,Andaç Özdemir,3
MHP,mhp,Burdur,burdur,Burdur,3,Esma Özdaşlı,3
MİLLET,millet,Burdur,burdur,Burdur,1,Ali Edibali,3
MİLLET,millet,Burdur,burdur,Burdur,2,Adem Kalem,3
MİLLET,millet,Burdur,burdur,Burdur,3,Mehmet Zeki Özen,3
Sol Parti,solparti,Burdur,burdur,Burdur,1,Gözde Akman,3
Sol Parti,solparti,Burdur,burdur,Burdur,2,Özgür Hatipağaoğlu,3
Sol Parti,solparti,Burdur,burdur,Burdur,3,Mustafa Özgür Çakır,3
TKH,tkh,Burdur,burdur,Burdur,1,Nadir Uyğun,3
TKH,tkh,Burdur,burdur,Burdur,2,Kemal Kuçin,3
TKH,tkh,Burdur,burdur,Burdur,3,İsmail Yılmaz,3
TKP,tkp,Burdur,burdur,Burdur,1,Aytaç Topuz,3
TKP,tkp,Burdur,burdur,Burdur,2,Yaşar Sert,3
TKP,tkp,Burdur,burdur,Burdur,3,Özgür Cumhur Zeybek,3
Vatan,vatanpartisi,Burdur,burdur,Burdur,1,Osman Erbil,3
Vatan,vatanpartisi,Burdur,burdur,Burdur,2,İbrahim Kılınç,3
Vatan,vatanpartisi,Burdur,burdur,Burdur,3,Nil Sevil Uçar,3
Y.Refah,yenidenrefah,Burdur,burdur,Burdur,1,Halil Asrav,3
Y.Refah,yenidenrefah,Burdur,burdur,Burdur,2,Kadir Baybaş,3
Y.Refah,yenidenrefah,Burdur,burdur,Burdur,3,Selçuk Güneş,3
Y.Sol Parti,yesilsolparti,Burdur,burdur,Burdur,1,Reyhan Yiğit,3
Y.Sol Parti,yesilsolparti,Burdur,burdur,Burdur,2,Ömer Faruk Kılıç,3
Y.Sol Parti,yesilsolparti,Burdur,burdur,Burdur,3,Semra Baysal,3
YP,yp,Burdur,burdur,Burdur,1,Meriç Tekin,3
YP,yp,Burdur,burdur,Burdur,2,Murat Büyükkürbüz,3
YP,yp,Burdur,burdur,Burdur,3,Resul Birgül,3
Zafer,zaferpartisi,Burdur,burdur,Burdur,1,Eray Ertürk,3
Zafer,zaferpartisi,Burdur,burdur,Burdur,2,Mehmet Sergen Okçular,3
Zafer,zaferpartisi,Burdur,burdur,Burdur,3,Mücahid Enes Şen,3
AB,ab,Bursa,bursa,Bursa 1. Bölge,1,Gürol Arslan,10
AB,ab,Bursa,bursa,Bursa 1. Bölge,2,Nazife Arslan,10
AB,ab,Bursa,bursa,Bursa 1. Bölge,3,Sercan Biçer,10
AB,ab,Bursa,bursa,Bursa 1. Bölge,4,Ceyhun Altıparmak,10
AB,ab,Bursa,bursa,Bursa 1. Bölge,5,Ali Köse,10
AB,ab,Bursa,bursa,Bursa 1. Bölge,6,Erol Çevik,10
AB,ab,Bursa,bursa,Bursa 1. Bölge,7,Bülent Turgut,10
AB,ab,Bursa,bursa,Bursa 1. Bölge,8,Mustafa Özer,10
AB,ab,Bursa,bursa,Bursa 1. Bölge,9,Erdinç Ayyıldız,10
AB,ab,Bursa,bursa,Bursa 1. Bölge,10,Ahmet Bozkurt,10
AB,ab,Bursa,bursa,Bursa 2. Bölge,1,Uğur Yavuz,10
AB,ab,Bursa,bursa,Bursa 2. Bölge,2,Doğan Kılıç,10
AB,ab,Bursa,bursa,Bursa 2. Bölge,3,Mümin Soybelli,10
AB,ab,Bursa,bursa,Bursa 2. Bölge,4,Durdu Akça,10
AB,ab,Bursa,bursa,Bursa 2. Bölge,5,Hadiye Özdemir,10
AB,ab,Bursa,bursa,Bursa 2. Bölge,6,Furkan Gizlenci,10
AB,ab,Bursa,bursa,Bursa 2. Bölge,7,Hüseyin Akdoğan,10
AB,ab,Bursa,bursa,Bursa 2. Bölge,8,Ebrar Pınar Akdemir,10
AB,ab,Bursa,bursa,Bursa 2. Bölge,9,Tuğçe Çetin,10
AB,ab,Bursa,bursa,Bursa 2. Bölge,10,Ezgi Doğan,10
Adalet,ap,Bursa,bursa,Bursa 1. Bölge,1,Salih Ayyıldız,10
Adalet,ap,Bursa,bursa,Bursa 1. Bölge,2,Burcu Saygılıer,10
Adalet,ap,Bursa,bursa,Bursa 1. Bölge,3,Cem Şaraplı,10
Adalet,ap,Bursa,bursa,Bursa 1. Bölge,4,Ayhan Bacıoğlu,10
Adalet,ap,Bursa,bursa,Bursa 1. Bölge,5,İbrahim Yıldırım,10
Adalet,ap,Bursa,bursa,Bursa 1. Bölge,6,Fikri Beran,10
Adalet,ap,Bursa,bursa,Bursa 1. Bölge,7,Saltuğ Ziya Morgil,10
Adalet,ap,Bursa,bursa,Bursa 1. Bölge,8,Engin Urgancı,10
Adalet,ap,Bursa,bursa,Bursa 1. Bölge,9,İsmail Sevinç,10
Adalet,ap,Bursa,bursa,Bursa 1. Bölge,10,Harun Erdoğan,10
Adalet,ap,Bursa,bursa,Bursa 2. Bölge,1,Süleyman Küçer,10
Adalet,ap,Bursa,bursa,Bursa 2. Bölge,2,Umut Köse,10
Adalet,ap,Bursa,bursa,Bursa 2. Bölge,3,Uğur Güçlü,10
Adalet,ap,Bursa,bursa,Bursa 2. Bölge,4,Emrah Öge,10
Adalet,ap,Bursa,bursa,Bursa 2. Bölge,5,Aysel Tüver,10
Adalet,ap,Bursa,bursa,Bursa 2. Bölge,6,Niyazi Küçer,10
Adalet,ap,Bursa,bursa,Bursa 2. Bölge,7,Ufuk Muratoğlu,10
Adalet,ap,Bursa,bursa,Bursa 2. Bölge,8,Hasan Deniz,10
Adalet,ap,Bursa,bursa,Bursa 2. Bölge,9,Şinasi Çiftçi,10
Adalet,ap,Bursa,bursa,Bursa 2. Bölge,10,Seyide Ünal,10
AK Parti,akparti,Bursa,bursa,Bursa 1. Bölge,1,Efkan Ala,10
AK Parti,akparti,Bursa,bursa,Bursa 1. Bölge,2,Refik Özen,10
AK Parti,akparti,Bursa,bursa,Bursa 1. Bölge,3,Ahmet Kılıç,10
AK Parti,akparti,Bursa,bursa,Bursa 1. Bölge,4,Emine Yavuz Gözgeç,10
AK Parti,akparti,Bursa,bursa,Bursa 1. Bölge,5,Mustafa Yavuz,10
AK Parti,akparti,Bursa,bursa,Bursa 1. Bölge,6,Ahmet Yıldız,10
AK Parti,akparti,Bursa,bursa,Bursa 1. Bölge,7,İrfan Akkaya,10
AK Parti,akparti,Bursa,bursa,Bursa 1. Bölge,8,Ömer Faruk Temiztürk,10
AK Parti,akparti,Bursa,bursa,Bursa 1. Bölge,9,Semih Peksert,10
AK Parti,akparti,Bursa,bursa,Bursa 1. Bölge,10,Mihrimah Kocabıyık,10
AK Parti,akparti,Bursa,bursa,Bursa 2. Bölge,1,Mustafa Varank,10
AK Parti,akparti,Bursa,bursa,Bursa 2. Bölge,2,Ayhan Salman,10
AK Parti,akparti,Bursa,bursa,Bursa 2. Bölge,3,Osman Mesten,10
AK Parti,akparti,Bursa,bursa,Bursa 2. Bölge,4,Emel Gözükara Durmaz,10
AK Parti,akparti,Bursa,bursa,Bursa 2. Bölge,5,Muhammet Müfit Aydın,10
AK Parti,akparti,Bursa,bursa,Bursa 2. Bölge,6,Mustafa Yıldırım,10
AK Parti,akparti,Bursa,bursa,Bursa 2. Bölge,7,Fuat Alpaslan,10
AK Parti,akparti,Bursa,bursa,Bursa 2. Bölge,8,Süleyman Çelik,10
AK Parti,akparti,Bursa,bursa,Bursa 2. Bölge,9,Asuman Akçay Sakallı,10
AK Parti,akparti,Bursa,bursa,Bursa 2. Bölge,10,Mustafa Kaya,10
ANAP,anap,Bursa,bursa,Bursa 1. Bölge,1,Mustafa Muzaffer Nişancı,10
ANAP,anap,Bursa,bursa,Bursa 1. Bölge,2,Recep Terzioğlu,10
ANAP,anap,Bursa,bursa,Bursa 1. Bölge,3,Hacibey Keskin,10
ANAP,anap,Bursa,bursa,Bursa 1. Bölge,4,Ali Dönmez,10
ANAP,anap,Bursa,bursa,Bursa 1. Bölge,5,Bülent Suayiş,10
ANAP,anap,Bursa,bursa,Bursa 1. Bölge,6,Erman Yılgın,10
ANAP,anap,Bursa,bursa,Bursa 1. Bölge,7,İbrahim Pehlivanoğlu,10
ANAP,anap,Bursa,bursa,Bursa 1. Bölge,8,Bülent Tetik,10
ANAP,anap,Bursa,bursa,Bursa 1. Bölge,9,Sevilay Usta,10
ANAP,anap,Bursa,bursa,Bursa 1. Bölge,10,Bahri Yüksel,10
ANAP,anap,Bursa,bursa,Bursa 2. Bölge,1,İlyas Balcı,10
ANAP,anap,Bursa,bursa,Bursa 2. Bölge,2,Yılmaz Gönül,10
ANAP,anap,Bursa,bursa,Bursa 2. Bölge,3,Kudrettin Durukan,10
ANAP,anap,Bursa,bursa,Bursa 2. Bölge,4,İrfan Bali,10
ANAP,anap,Bursa,bursa,Bursa 2. Bölge,5,Ünzüle Tetik,10
ANAP,anap,Bursa,bursa,Bursa 2. Bölge,6,Taner Ekim,10
ANAP,anap,Bursa,bursa,Bursa 2. Bölge,7,Ahmet Yılgın,10
ANAP,anap,Bursa,bursa,Bursa 2. Bölge,8,Mutlu Keskin,10
ANAP,anap,Bursa,bursa,Bursa 2. Bölge,9,Tayfun Erman,10
ANAP,anap,Bursa,bursa,Bursa 2. Bölge,10,Hüseyin Eren Mızrak,10
Bağımsız,bagimsiz,Bursa,bursa,Bursa 1. Bölge,1,Önder Ünlüsoy,10
Bağımsız,bagimsiz,Bursa,bursa,Bursa 1. Bölge,2,Osman Onat Çetinkaya,10
Bağımsız,bagimsiz,Bursa,bursa,Bursa 1. Bölge,3,Oktay Çınar,10
Bağımsız,bagimsiz,Bursa,bursa,Bursa 2. Bölge,1,Kemal Tüfenk,10
Bağımsız,bagimsiz,Bursa,bursa,Bursa 2. Bölge,2,Salican Mustafa,10
BBP,bbp,Bursa,bursa,Bursa 1. Bölge,1,Ekrem Alfatlı,10
BBP,bbp,Bursa,bursa,Bursa 1. Bölge,2,İsmail Demir,10
BBP,bbp,Bursa,bursa,Bursa 1. Bölge,3,Harun Çiçek,10
BBP,bbp,Bursa,bursa,Bursa 1. Bölge,4,Şaban Demir,10
BBP,bbp,Bursa,bursa,Bursa 1. Bölge,5,Kemal Akyıldız,10
BBP,bbp,Bursa,bursa,Bursa 1. Bölge,6,İsmail Aslan,10
BBP,bbp,Bursa,bursa,Bursa 1. Bölge,7,Nail Artuç,10
BBP,bbp,Bursa,bursa,Bursa 1. Bölge,8,Mehmet Erhan Altan,10
BBP,bbp,Bursa,bursa,Bursa 1. Bölge,9,Kadriye Öz,10
BBP,bbp,Bursa,bursa,Bursa 1. Bölge,10,Mehmet Can Özer,10
BBP,bbp,Bursa,bursa,Bursa 2. Bölge,1,Ceyhan İnci,10
BBP,bbp,Bursa,bursa,Bursa 2. Bölge,2,Selahattin Çelt,10
BBP,bbp,Bursa,bursa,Bursa 2. Bölge,3,Aydan Ayhan,10
BBP,bbp,Bursa,bursa,Bursa 2. Bölge,4,Kadir Taş,10
BBP,bbp,Bursa,bursa,Bursa 2. Bölge,5,Hasan Uslu,10
BBP,bbp,Bursa,bursa,Bursa 2. Bölge,6,İsmail Erdem,10
BBP,bbp,Bursa,bursa,Bursa 2. Bölge,7,Soner Gemlik,10
BBP,bbp,Bursa,bursa,Bursa 2. Bölge,8,Hüseyin Yenidoğan,10
BBP,bbp,Bursa,bursa,Bursa 2. Bölge,9,Serdar Koçak,10
BBP,bbp,Bursa,bursa,Bursa 2. Bölge,10,Ozan Aydın,10
CHP,chp,Bursa,bursa,Bursa 1. Bölge,1,Kayıhan Pala,10
CHP,chp,Bursa,bursa,Bursa 1. Bölge,2,Nurhayat Altaca Kayışoğlu,10
CHP,chp,Bursa,bursa,Bursa 1. Bölge,3,Mehmet Atmaca,10
CHP,chp,Bursa,bursa,Bursa 1. Bölge,4,İsmet Karaca,10
CHP,chp,Bursa,bursa,Bursa 1. Bölge,5,Jülide Akköprü,10
CHP,chp,Bursa,bursa,Bursa 1. Bölge,6,Alpaslan Yıldız,10
CHP,chp,Bursa,bursa,Bursa 1. Bölge,7,Engin Tamer Dede,10
CHP,chp,Bursa,bursa,Bursa 1. Bölge,8,Serkan Öztürk,10
CHP,chp,Bursa,bursa,Bursa 1. Bölge,9,Özgür Yıldız,10
CHP,chp,Bursa,bursa,Bursa 1. Bölge,10,Canan Akın Erdem,10
CHP,chp,Bursa,bursa,Bursa 2. Bölge,1,Hasan Öztürk,10
CHP,chp,Bursa,bursa,Bursa 2. Bölge,2,Cemalettin Kani Torun,10
CHP,chp,Bursa,bursa,Bursa 2. Bölge,3,Orhan Sarıbal,10
CHP,chp,Bursa,bursa,Bursa 2. Bölge,4,Erkan Dönmez,10
CHP,chp,Bursa,bursa,Bursa 2. Bölge,5,Şahin Sevinç,10
CHP,chp,Bursa,bursa,Bursa 2. Bölge,6,Funda Türkcoş Pekiner,10
CHP,chp,Bursa,bursa,Bursa 2. Bölge,7,Ender Teke,10
CHP,chp,Bursa,bursa,Bursa 2. Bölge,8,Huriye Canan Çelik Tunar,10
CHP,chp,Bursa,bursa,Bursa 2. Bölge,9,Mehmet Önder Mutlu,10
CHP,chp,Bursa,bursa,Bursa 2. Bölge,10,Seda Bozdağ Güzelkaya,10
Genç Parti,gencparti,Bursa,bursa,Bursa 1. Bölge,1,Tunçer Mutlu,10
Genç Parti,gencparti,Bursa,bursa,Bursa 1. Bölge,2,Serkan Maral,10
Genç Parti,gencparti,Bursa,bursa,Bursa 1. Bölge,3,Nail Zeybek,10
Genç Parti,gencparti,Bursa,bursa,Bursa 1. Bölge,4,Davut Ayvaz,10
Genç Parti,gencparti,Bursa,bursa,Bursa 1. Bölge,5,Ekrem Ortalık,10
Genç Parti,gencparti,Bursa,bursa,Bursa 1. Bölge,6,Duygu Akbulut,10
Genç Parti,gencparti,Bursa,bursa,Bursa 1. Bölge,7,Sevgi Boz,10
Genç Parti,gencparti,Bursa,bursa,Bursa 1. Bölge,8,Mikail Kızgın,10
Genç Parti,gencparti,Bursa,bursa,Bursa 1. Bölge,9,İbrahim Karaca,10
Genç Parti,gencparti,Bursa,bursa,Bursa 1. Bölge,10,Merve Özdemir,10
Genç Parti,gencparti,Bursa,bursa,Bursa 2. Bölge,1,Ramazan Bıdırdı,10
Genç Parti,gencparti,Bursa,bursa,Bursa 2. Bölge,2,Serkan Tekyıldık,10
Genç Parti,gencparti,Bursa,bursa,Bursa 2. Bölge,3,Emre Kutlu,10
Genç Parti,gencparti,Bursa,bursa,Bursa 2. Bölge,4,Atike Kaya,10
Genç Parti,gencparti,Bursa,bursa,Bursa 2. Bölge,5,Zeki Laçin,10
Genç Parti,gencparti,Bursa,bursa,Bursa 2. Bölge,6,Tuğba Mercan Maral,10
Genç Parti,gencparti,Bursa,bursa,Bursa 2. Bölge,7,İbrahim Kurt,10
Genç Parti,gencparti,Bursa,bursa,Bursa 2. Bölge,8,Nejdet Bilgiş,10
Genç Parti,gencparti,Bursa,bursa,Bursa 2. Bölge,9,Kadri Gökhan Ölmez,10
Genç Parti,gencparti,Bursa,bursa,Bursa 2. Bölge,10,Adem Akay,10
HAK-PAR,hakpar,Bursa,bursa,Bursa 1. Bölge,1,Mehmet Mahsum Çelebi,10
HAK-PAR,hakpar,Bursa,bursa,Bursa 1. Bölge,2,Cahit Uçkun,10
HAK-PAR,hakpar,Bursa,bursa,Bursa 1. Bölge,3,Muhammed Oflas,10
HAK-PAR,hakpar,Bursa,bursa,Bursa 1. Bölge,4,Tuncel Cayhan,10
HAK-PAR,hakpar,Bursa,bursa,Bursa 1. Bölge,5,Said Ali Kuş,10
HAK-PAR,hakpar,Bursa,bursa,Bursa 1. Bölge,6,Serhat Ekinci,10
HAK-PAR,hakpar,Bursa,bursa,Bursa 1. Bölge,7,Burkay Eren,10
HAK-PAR,hakpar,Bursa,bursa,Bursa 1. Bölge,8,Şeyhmus Murat Akçan,10
HAK-PAR,hakpar,Bursa,bursa,Bursa 1. Bölge,9,İlyas Güler,10
HAK-PAR,hakpar,Bursa,bursa,Bursa 1. Bölge,10,Mehmet Toprak,10
HAK-PAR,hakpar,Bursa,bursa,Bursa 2. Bölge,1,Gülşen Çetin,10
HAK-PAR,hakpar,Bursa,bursa,Bursa 2. Bölge,2,Mustafa Yıldırım Oflas,10
HAK-PAR,hakpar,Bursa,bursa,Bursa 2. Bölge,3,Cihan Cayhan,10
HAK-PAR,hakpar,Bursa,bursa,Bursa 2. Bölge,4,Özgür Eren,10
HAK-PAR,hakpar,Bursa,bursa,Bursa 2. Bölge,5,Barış Özdemir,10
HAK-PAR,hakpar,Bursa,bursa,Bursa 2. Bölge,6,Zeynep Akgül,10
HAK-PAR,hakpar,Bursa,bursa,Bursa 2. Bölge,7,İsmet Arslan,10
HAK-PAR,hakpar,Bursa,bursa,Bursa 2. Bölge,8,Evin Tan,10
HAK-PAR,hakpar,Bursa,bursa,Bursa 2. Bölge,9,Helin Balkan,10
HAK-PAR,hakpar,Bursa,bursa,Bursa 2. Bölge,10,Halit Demir,10
HKP,hkp,Bursa,bursa,Bursa 1. Bölge,1,Göksel Söğüt,10
HKP,hkp,Bursa,bursa,Bursa 1. Bölge,2,Hüseyin Gürkan,10
HKP,hkp,Bursa,bursa,Bursa 1. Bölge,3,Muhammed Aydın,10
HKP,hkp,Bursa,bursa,Bursa 1. Bölge,4,Lütfü Kurtuluş,10
HKP,hkp,Bursa,bursa,Bursa 1. Bölge,5,Şahin Özen,10
HKP,hkp,Bursa,bursa,Bursa 1. Bölge,6,İlknur Hızal,10
HKP,hkp,Bursa,bursa,Bursa 1. Bölge,7,Ali Türkkan,10
HKP,hkp,Bursa,bursa,Bursa 1. Bölge,8,Fatma Sert,10
HKP,hkp,Bursa,bursa,Bursa 1. Bölge,9,Şaziye Bedir,10
HKP,hkp,Bursa,bursa,Bursa 1. Bölge,10,Necdet Sayılgan,10
HKP,hkp,Bursa,bursa,Bursa 2. Bölge,1,Halil Ağırgöl,10
HKP,hkp,Bursa,bursa,Bursa 2. Bölge,2,Mehmet Gültepe,10
HKP,hkp,Bursa,bursa,Bursa 2. Bölge,3,Yusuf Dikmen,10
HKP,hkp,Bursa,bursa,Bursa 2. Bölge,4,Gülistan Çelik,10
HKP,hkp,Bursa,bursa,Bursa 2. Bölge,5,Kenan Dumludağ,10
HKP,hkp,Bursa,bursa,Bursa 2. Bölge,6,Arife Kurtuluş,10
HKP,hkp,Bursa,bursa,Bursa 2. Bölge,7,Başak Aydın,10
HKP,hkp,Bursa,bursa,Bursa 2. Bölge,8,Eylem Başar Söğüt,10
HKP,hkp,Bursa,bursa,Bursa 2. Bölge,9,Metin Şeker,10
HKP,hkp,Bursa,bursa,Bursa 2. Bölge,10,Doğuş Zafer Bağlama,10
İyi Parti,iyiparti,Bursa,bursa,Bursa 1. Bölge,1,Yüksel Selçuk Türkoğlu,10
İyi Parti,iyiparti,Bursa,bursa,Bursa 1. Bölge,2,Sevinç Atabay,10
İyi Parti,iyiparti,Bursa,bursa,Bursa 1. Bölge,3,Yüksel Yılmaz,10
İyi Parti,iyiparti,Bursa,bursa,Bursa 1. Bölge,4,Şeyda Şahin,10
İyi Parti,iyiparti,Bursa,bursa,Bursa 1. Bölge,5,Yahya Bahadır,10
İyi Parti,iyiparti,Bursa,bursa,Bursa 1. Bölge,6,Birgül Yıldız Günay,10
İyi Parti,iyiparti,Bursa,bursa,Bursa 1. Bölge,7,Resül Kaplan,10
İyi Parti,iyiparti,Bursa,bursa,Bursa 1. Bölge,8,Özgür Şimşek,10
İyi Parti,iyiparti,Bursa,bursa,Bursa 1. Bölge,9,Evren Şahin,10
İyi Parti,iyiparti,Bursa,bursa,Bursa 1. Bölge,10,Feyza Temel,10
İyi Parti,iyiparti,Bursa,bursa,Bursa 2. Bölge,1,Hasan Toktaş,10
İyi Parti,iyiparti,Bursa,bursa,Bursa 2. Bölge,2,İbrahim Alagöz,10
İyi Parti,iyiparti,Bursa,bursa,Bursa 2. Bölge,3,Orhan Özer,10
İyi Parti,iyiparti,Bursa,bursa,Bursa 2. Bölge,4,Sermin Can Özensoy,10
İyi Parti,iyiparti,Bursa,bursa,Bursa 2. Bölge,5,Erdal Ay,10
İyi Parti,iyiparti,Bursa,bursa,Bursa 2. Bölge,6,Hatice Deniz,10
İyi Parti,iyiparti,Bursa,bursa,Bursa 2. Bölge,7,Zafer Milli,10
İyi Parti,iyiparti,Bursa,bursa,Bursa 2. Bölge,8,Osman Atalay Akman,10
İyi Parti,iyiparti,Bursa,bursa,Bursa 2. Bölge,9,Enver Yeniçeri,10
İyi Parti,iyiparti,Bursa,bursa,Bursa 2. Bölge,10,Dilek Durak,10
Memleket,memleket,Bursa,bursa,Bursa 1. Bölge,1,Özcan Özel,10
Memleket,memleket,Bursa,bursa,Bursa 1. Bölge,2,Ruşen Sever,10
Memleket,memleket,Bursa,bursa,Bursa 1. Bölge,3,Deren Pakize Karakaya,10
Memleket,memleket,Bursa,bursa,Bursa 1. Bölge,4,Ümit Akkuş,10
Memleket,memleket,Bursa,bursa,Bursa 1. Bölge,5,Cevdet Şen,10
Memleket,memleket,Bursa,bursa,Bursa 1. Bölge,6,Alp Gümüş,10
Memleket,memleket,Bursa,bursa,Bursa 1. Bölge,7,Zeynep Gökmen,10
Memleket,memleket,Bursa,bursa,Bursa 1. Bölge,8,Umar Batınay Ereğilmez,10
Memleket,memleket,Bursa,bursa,Bursa 1. Bölge,9,Ali Kağan Aslanoğlu,10
Memleket,memleket,Bursa,bursa,Bursa 1. Bölge,10,Berkay Desovalı,10
Memleket,memleket,Bursa,bursa,Bursa 2. Bölge,1,Ömer Kayır,10
Memleket,memleket,Bursa,bursa,Bursa 2. Bölge,2,Mesut Şahin,10
Memleket,memleket,Bursa,bursa,Bursa 2. Bölge,3,Yasemin Soydan,10
Memleket,memleket,Bursa,bursa,Bursa 2. Bölge,4,İlker Kılıç,10
Memleket,memleket,Bursa,bursa,Bursa 2. Bölge,5,Doğan Yıldız,10
Memleket,memleket,Bursa,bursa,Bursa 2. Bölge,6,İlker Çevik,10
Memleket,memleket,Bursa,bursa,Bursa 2. Bölge,7,Mustafa Alper Şeker,10
Memleket,memleket,Bursa,bursa,Bursa 2. Bölge,8,Rüya Özden,10
Memleket,memleket,Bursa,bursa,Bursa 2. Bölge,9,Hamit Burak Şakar,10
Memleket,memleket,Bursa,bursa,Bursa 2. Bölge,10,Umut Cihan Kaygısız,10
MHP,mhp,Bursa,bursa,Bursa 1. Bölge,1,İsmet Büyükataman,10
MHP,mhp,Bursa,bursa,Bursa 1. Bölge,2,Ahmet Beygirci,10
MHP,mhp,Bursa,bursa,Bursa 1. Bölge,3,Yaşar Türk,10
MHP,mhp,Bursa,bursa,Bursa 1. Bölge,4,Korkut Aktaş,10
MHP,mhp,Bursa,bursa,Bursa 1. Bölge,5,Metin Çorakli,10
MHP,mhp,Bursa,bursa,Bursa 1. Bölge,6,Canan Tarçın,10
MHP,mhp,Bursa,bursa,Bursa 1. Bölge,7,Ridvan Kılıçoğlu,10
MHP,mhp,Bursa,bursa,Bursa 1. Bölge,8,Osman Yorulmaz,10
MHP,mhp,Bursa,bursa,Bursa 1. Bölge,9,Erol Comart,10
MHP,mhp,Bursa,bursa,Bursa 1. Bölge,10,Tuğba Şentürk Yılmaz,10
MHP,mhp,Bursa,bursa,Bursa 2. Bölge,1,Fevzi Zırhlıoğlu,10
MHP,mhp,Bursa,bursa,Bursa 2. Bölge,2,Muhammet Tekin,10
MHP,mhp,Bursa,bursa,Bursa 2. Bölge,3,Ayhan Önal,10
MHP,mhp,Bursa,bursa,Bursa 2. Bölge,4,Bilal Dogan,10
MHP,mhp,Bursa,bursa,Bursa 2. Bölge,5,Ahmet Eraslan,10
MHP,mhp,Bursa,bursa,Bursa 2. Bölge,6,Ali Bahadır,10
MHP,mhp,Bursa,bursa,Bursa 2. Bölge,7,Aydın Sancar,10
MHP,mhp,Bursa,bursa,Bursa 2. Bölge,8,Alparslan Karaaslan,10
MHP,mhp,Bursa,bursa,Bursa 2. Bölge,9,Gamze Nur Sarğın,10
MHP,mhp,Bursa,bursa,Bursa 2. Bölge,10,Gülseren Özbek,10
MİLLET,millet,Bursa,bursa,Bursa 1. Bölge,1,Hüsamettin Akyıldız,10
MİLLET,millet,Bursa,bursa,Bursa 1. Bölge,2,Ahmet Aydın,10
MİLLET,millet,Bursa,bursa,Bursa 1. Bölge,3,Yusuf Cesur,10
MİLLET,millet,Bursa,bursa,Bursa 1. Bölge,4,Esra Akyıldız Demir,10
MİLLET,millet,Bursa,bursa,Bursa 1. Bölge,5,Mucahit Ensar,10
MİLLET,millet,Bursa,bursa,Bursa 1. Bölge,6,Burak Demirezen,10
MİLLET,millet,Bursa,bursa,Bursa 1. Bölge,7,Hilal Önder Bağsar,10
MİLLET,millet,Bursa,bursa,Bursa 1. Bölge,8,Ömer Aydın,10
MİLLET,millet,Bursa,bursa,Bursa 1. Bölge,9,Emre Coşkunsever,10
MİLLET,millet,Bursa,bursa,Bursa 1. Bölge,10,Ömer Taşdemir,10
MİLLET,millet,Bursa,bursa,Bursa 2. Bölge,1,Abdurrahman Önder,10
MİLLET,millet,Bursa,bursa,Bursa 2. Bölge,2,Ali Matışlı,10
MİLLET,millet,Bursa,bursa,Bursa 2. Bölge,3,Ebubekir Ballı,10
MİLLET,millet,Bursa,bursa,Bursa 2. Bölge,4,Arif Erbatur,10
MİLLET,millet,Bursa,bursa,Bursa 2. Bölge,5,Fatih Demir,10
MİLLET,millet,Bursa,bursa,Bursa 2. Bölge,6,Lokman Dağ,10
MİLLET,millet,Bursa,bursa,Bursa 2. Bölge,7,Halis Burhan Çil,10
MİLLET,millet,Bursa,bursa,Bursa 2. Bölge,8,Cemil Okur,10
MİLLET,millet,Bursa,bursa,Bursa 2. Bölge,9,Mustafa Teyfik Aksoy,10
MİLLET,millet,Bursa,bursa,Bursa 2. Bölge,10,Salim Demirezen,10
Milli Yol,milliyol,Bursa,bursa,Bursa 1. Bölge,1,Mesut Çifci,10
Milli Yol,milliyol,Bursa,bursa,Bursa 1. Bölge,2,İmam Bulut,10
Milli Yol,milliyol,Bursa,bursa,Bursa 1. Bölge,3,Dilek Köksalmış,10
Milli Yol,milliyol,Bursa,bursa,Bursa 1. Bölge,4,Emin Yalçın,10
Milli Yol,milliyol,Bursa,bursa,Bursa 1. Bölge,5,Banu Kökener,10
Milli Yol,milliyol,Bursa,bursa,Bursa 1. Bölge,6,Halim Aktaş,10
Milli Yol,milliyol,Bursa,bursa,Bursa 1. Bölge,7,Ali Onur Atak,10
Milli Yol,milliyol,Bursa,bursa,Bursa 1. Bölge,8,Murat Taşpınar,10
Milli Yol,milliyol,Bursa,bursa,Bursa 1. Bölge,9,Fatih Yılmaz,10
Milli Yol,milliyol,Bursa,bursa,Bursa 1. Bölge,10,Ufuk Özcan,10
Sol Parti,solparti,Bursa,bursa,Bursa 1. Bölge,1,Barış Dinga,10
Sol Parti,solparti,Bursa,bursa,Bursa 1. Bölge,2,Şengül Demirbaş Kalkanlı,10
Sol Parti,solparti,Bursa,bursa,Bursa 1. Bölge,3,Emel Didir,10
Sol Parti,solparti,Bursa,bursa,Bursa 1. Bölge,4,İbrahim Pehlivan,10
Sol Parti,solparti,Bursa,bursa,Bursa 1. Bölge,5,Ferruh Yılmaz,10
Sol Parti,solparti,Bursa,bursa,Bursa 1. Bölge,6,Hanım Topal,10
Sol Parti,solparti,Bursa,bursa,Bursa 1. Bölge,7,Naci Yüksel,10
Sol Parti,solparti,Bursa,bursa,Bursa 1. Bölge,8,Yaser Laçin,10
Sol Parti,solparti,Bursa,bursa,Bursa 1. Bölge,9,Ömür Yıldız,10
Sol Parti,solparti,Bursa,bursa,Bursa 1. Bölge,10,Kudret Gözütok,10
Sol Parti,solparti,Bursa,bursa,Bursa 2. Bölge,1,Necla Gül,10
Sol Parti,solparti,Bursa,bursa,Bursa 2. Bölge,2,Sevgiye Özmen,10
Sol Parti,solparti,Bursa,bursa,Bursa 2. Bölge,3,Emin Burta,10
Sol Parti,solparti,Bursa,bursa,Bursa 2. Bölge,4,Erkan Yılmaz,10
Sol Parti,solparti,Bursa,bursa,Bursa 2. Bölge,5,Hüseyin Doğan,10
Sol Parti,solparti,Bursa,bursa,Bursa 2. Bölge,6,Koray Aslan Taş,10
Sol Parti,solparti,Bursa,bursa,Bursa 2. Bölge,7,Hasan Çavuşoğlu,10
Sol Parti,solparti,Bursa,bursa,Bursa 2. Bölge,8,Bülent Macit,10
Sol Parti,solparti,Bursa,bursa,Bursa 2. Bölge,9,Cengiz Yücel,10
Sol Parti,solparti,Bursa,bursa,Bursa 2. Bölge,10,Gürdal Yiğit,10
TİP,tip,Bursa,bursa,Bursa 1. Bölge,1,Mahmut Hakan Koçak,10
TİP,tip,Bursa,bursa,Bursa 1. Bölge,2,Helin İlcek,10
TİP,tip,Bursa,bursa,Bursa 1. Bölge,3,Erhan İmralı,10
TİP,tip,Bursa,bursa,Bursa 1. Bölge,4,Selahaddin Habib Göbelez,10
TİP,tip,Bursa,bursa,Bursa 1. Bölge,5,Timur Torgay,10
TİP,tip,Bursa,bursa,Bursa 1. Bölge,6,Eylem Gün Güneş,10
TİP,tip,Bursa,bursa,Bursa 1. Bölge,7,Suat Şenocak,10
TİP,tip,Bursa,bursa,Bursa 1. Bölge,8,Buse Nur Çoban,10
TİP,tip,Bursa,bursa,Bursa 1. Bölge,9,Adil Murat Demirhan,10
TİP,tip,Bursa,bursa,Bursa 1. Bölge,10,Refayi Refayioğlu,10
TKH,tkh,Bursa,bursa,Bursa 1. Bölge,1,Berkay Çelen,10
TKH,tkh,Bursa,bursa,Bursa 1. Bölge,2,Direncan Kırlangıç,10
TKH,tkh,Bursa,bursa,Bursa 1. Bölge,3,Özgür Yurtsever,10
TKH,tkh,Bursa,bursa,Bursa 1. Bölge,4,Meriç Basa,10
TKH,tkh,Bursa,bursa,Bursa 1. Bölge,5,Sevcan Bağlan,10
TKH,tkh,Bursa,bursa,Bursa 1. Bölge,6,Fatih Kaan Kavuşan,10
TKH,tkh,Bursa,bursa,Bursa 1. Bölge,7,Yurdagül Saldıran,10
TKH,tkh,Bursa,bursa,Bursa 1. Bölge,8,Zafer Atun,10
TKH,tkh,Bursa,bursa,Bursa 1. Bölge,9,Ekrem Yavuz Balta,10
TKH,tkh,Bursa,bursa,Bursa 1. Bölge,10,Deniz Kocaboğa,10
TKH,tkh,Bursa,bursa,Bursa 2. Bölge,1,Fulya Durak Aslan,10
TKH,tkh,Bursa,bursa,Bursa 2. Bölge,2,Samed Balçık,10
TKH,tkh,Bursa,bursa,Bursa 2. Bölge,3,Özgür Baran Ünal,10
TKH,tkh,Bursa,bursa,Bursa 2. Bölge,4,Cihan İlter,10
TKH,tkh,Bursa,bursa,Bursa 2. Bölge,5,Ahmet Karadaş,10
TKH,tkh,Bursa,bursa,Bursa 2. Bölge,6,Furkan Nejdet İncedere,10
TKH,tkh,Bursa,bursa,Bursa 2. Bölge,7,Efe Erdem,10
TKH,tkh,Bursa,bursa,Bursa 2. Bölge,8,Mehmed Yuşa Ergüven,10
TKH,tkh,Bursa,bursa,Bursa 2. Bölge,9,Hüseyin Gülşen,10
TKH,tkh,Bursa,bursa,Bursa 2. Bölge,10,Doğukan Baybars,10
TKP,tkp,Bursa,bursa,Bursa 1. Bölge,1,Samet Topsever,10
TKP,tkp,Bursa,bursa,Bursa 1. Bölge,2,Hediye Demir,10
TKP,tkp,Bursa,bursa,Bursa 1. Bölge,3,Tuncer Çolak,10
TKP,tkp,Bursa,bursa,Bursa 1. Bölge,4,Derman Gündoğdu,10
TKP,tkp,Bursa,bursa,Bursa 1. Bölge,5,Gökhan Hayat,10
TKP,tkp,Bursa,bursa,Bursa 1. Bölge,6,Sevil Özkul,10
TKP,tkp,Bursa,bursa,Bursa 1. Bölge,7,Gülsev Dirik,10
TKP,tkp,Bursa,bursa,Bursa 1. Bölge,8,Muharrem Yalçınkaya,10
TKP,tkp,Bursa,bursa,Bursa 1. Bölge,9,Semih Hastürk,10
TKP,tkp,Bursa,bursa,Bursa 1. Bölge,10,Ali Serhat Cizrelioğulları,10
TKP,tkp,Bursa,bursa,Bursa 2. Bölge,1,Fırat Can Güngör,10
TKP,tkp,Bursa,bursa,Bursa 2. Bölge,2,Asuman Tanju Hürcan,10
TKP,tkp,Bursa,bursa,Bursa 2. Bölge,3,İsmail Özsoy,10
TKP,tkp,Bursa,bursa,Bursa 2. Bölge,4,Barış Erakkuş,10
TKP,tkp,Bursa,bursa,Bursa 2. Bölge,5,Ulaş Başoğlu,10
TKP,tkp,Bursa,bursa,Bursa 2. Bölge,6,Yenal Çınar,10
TKP,tkp,Bursa,bursa,Bursa 2. Bölge,7,Ulaş Acar,10
TKP,tkp,Bursa,bursa,Bursa 2. Bölge,8,Uğur Çataltepe,10
TKP,tkp,Bursa,bursa,Bursa 2. Bölge,9,Nurettin Atış,10
TKP,tkp,Bursa,bursa,Bursa 2. Bölge,10,Ertaş Şahin,10
Vatan,vatanpartisi,Bursa,bursa,Bursa 1. Bölge,1,Dilek Çınar,10
Vatan,vatanpartisi,Bursa,bursa,Bursa 1. Bölge,2,Mustafa Enver Yılmaz,10
Vatan,vatanpartisi,Bursa,bursa,Bursa 1. Bölge,3,Ercüment Tezel,10
Vatan,vatanpartisi,Bursa,bursa,Bursa 1. Bölge,4,Sevim Erol,10
Vatan,vatanpartisi,Bursa,bursa,Bursa 1. Bölge,5,Erdal Susuz,10
Vatan,vatanpartisi,Bursa,bursa,Bursa 1. Bölge,6,Aslan İnceyürek,10
Vatan,vatanpartisi,Bursa,bursa,Bursa 1. Bölge,7,Rifat Narhın,10
Vatan,vatanpartisi,Bursa,bursa,Bursa 1. Bölge,8,Elif Gökkuş,10
Vatan,vatanpartisi,Bursa,bursa,Bursa 1. Bölge,9,İsmail Tıkır,10
Vatan,vatanpartisi,Bursa,bursa,Bursa 1. Bölge,10,Şükran Kurtiş,10
Vatan,vatanpartisi,Bursa,bursa,Bursa 2. Bölge,1,Mehmet Alanbel,10
Vatan,vatanpartisi,Bursa,bursa,Bursa 2. Bölge,2,Ferhat Yıldız,10
Vatan,vatanpartisi,Bursa,bursa,Bursa 2. Bölge,3,Mehmet Mahir Parıltan,10
Vatan,vatanpartisi,Bursa,bursa,Bursa 2. Bölge,4,Erkan Yücel Seytin,10
Vatan,vatanpartisi,Bursa,bursa,Bursa 2. Bölge,5,Emircan Fırıncı,10
Vatan,vatanpartisi,Bursa,bursa,Bursa 2. Bölge,6,Hülya Kara,10
Vatan,vatanpartisi,Bursa,bursa,Bursa 2. Bölge,7,Hüseyin Ertaş,10
Vatan,vatanpartisi,Bursa,bursa,Bursa 2. Bölge,8,Dursun Çetin,10
Vatan,vatanpartisi,Bursa,bursa,Bursa 2. Bölge,9,Süzan Ercan,10
Vatan,vatanpartisi,Bursa,bursa,Bursa 2. Bölge,10,Cuma Çimen,10
Y.Refah,yenidenrefah,Bursa,bursa,Bursa 1. Bölge,1,Mehmet Altınöz,10
Y.Refah,yenidenrefah,Bursa,bursa,Bursa 1. Bölge,2,Ahmet Gök,10
Y.Refah,yenidenrefah,Bursa,bursa,Bursa 1. Bölge,3,Kenan Yırıkoğulları,10
Y.Refah,yenidenrefah,Bursa,bursa,Bursa 1. Bölge,4,Yunus Koçak,10
Y.Refah,yenidenrefah,Bursa,bursa,Bursa 1. Bölge,5,Necati Aslan,10
Y.Refah,yenidenrefah,Bursa,bursa,Bursa 1. Bölge,6,Serap Bilgin,10
Y.Refah,yenidenrefah,Bursa,bursa,Bursa 1. Bölge,7,Muhammed Fatih Şahinler,10
Y.Refah,yenidenrefah,Bursa,bursa,Bursa 1. Bölge,8,Ali Yavaş,10
Y.Refah,yenidenrefah,Bursa,bursa,Bursa 1. Bölge,9,Mustafa Pehlivan,10
Y.Refah,yenidenrefah,Bursa,bursa,Bursa 1. Bölge,10,Seyfullah Karakaya,10
Y.Refah,yenidenrefah,Bursa,bursa,Bursa 2. Bölge,1,Naim Öztürk,10
Y.Refah,yenidenrefah,Bursa,bursa,Bursa 2. Bölge,2,İbrahim Vidinlioğulları,10
Y.Refah,yenidenrefah,Bursa,bursa,Bursa 2. Bölge,3,Gözde Çelik,10
Y.Refah,yenidenrefah,Bursa,bursa,Bursa 2. Bölge,4,Ümit Yılgın,10
Y.Refah,yenidenrefah,Bursa,bursa,Bursa 2. Bölge,5,Celalettin Ergün,10
Y.Refah,yenidenrefah,Bursa,bursa,Bursa 2. Bölge,6,Ergin Yılmaz,10
Y.Refah,yenidenrefah,Bursa,bursa,Bursa 2. Bölge,7,Fehim Topçu,10
Y.Refah,yenidenrefah,Bursa,bursa,Bursa 2. Bölge,8,Kadriye Sayın,10
Y.Refah,yenidenrefah,Bursa,bursa,Bursa 2. Bölge,9,Nimetullah Narman,10
Y.Refah,yenidenrefah,Bursa,bursa,Bursa 2. Bölge,10,Mehmet Kule,10
Y.Sol Parti,yesilsolparti,Bursa,bursa,Bursa 1. Bölge,1,Ceylan Erol Erdoğan,10
Y.Sol Parti,yesilsolparti,Bursa,bursa,Bursa 1. Bölge,2,Cahit Kırkazak,10
Y.Sol Parti,yesilsolparti,Bursa,bursa,Bursa 1. Bölge,3,Sümbül Orhan,10
Y.Sol Parti,yesilsolparti,Bursa,bursa,Bursa 1. Bölge,4,Kemalettin Yıldız,10
Y.Sol Parti,yesilsolparti,Bursa,bursa,Bursa 1. Bölge,5,Selvi Kalır,10
Y.Sol Parti,yesilsolparti,Bursa,bursa,Bursa 1. Bölge,6,Ali Sungur,10
Y.Sol Parti,yesilsolparti,Bursa,bursa,Bursa 1. Bölge,7,Abdulkadir Baydur,10
Y.Sol Parti,yesilsolparti,Bursa,bursa,Bursa 1. Bölge,8,Mehmet Ali Doğu,10
Y.Sol Parti,yesilsolparti,Bursa,bursa,Bursa 1. Bölge,9,Berkay Akkuş,10
Y.Sol Parti,yesilsolparti,Bursa,bursa,Bursa 1. Bölge,10,Serhat Çelik,10
Y.Sol Parti,yesilsolparti,Bursa,bursa,Bursa 2. Bölge,1,Necdet İpekyüz,10
Y.Sol Parti,yesilsolparti,Bursa,bursa,Bursa 2. Bölge,2,Ayten Avdan,10
Y.Sol Parti,yesilsolparti,Bursa,bursa,Bursa 2. Bölge,3,Rasim Çelik,10
Y.Sol Parti,yesilsolparti,Bursa,bursa,Bursa 2. Bölge,4,Eylem Dindaroğlu,10
Y.Sol Parti,yesilsolparti,Bursa,bursa,Bursa 2. Bölge,5,Kemal Doğan,10
Y.Sol Parti,yesilsolparti,Bursa,bursa,Bursa 2. Bölge,6,Melek Yalçıner,10
Y.Sol Parti,yesilsolparti,Bursa,bursa,Bursa 2. Bölge,7,Bahar Toprak,10
Y.Sol Parti,yesilsolparti,Bursa,bursa,Bursa 2. Bölge,8,Hakim Tokmak,10
Y.Sol Parti,yesilsolparti,Bursa,bursa,Bursa 2. Bölge,9,Mazlum Taş,10
Y.Sol Parti,yesilsolparti,Bursa,bursa,Bursa 2. Bölge,10,Mehmet Burak Koyuncu,10
YP,yp,Bursa,bursa,Bursa 1. Bölge,1,Erdal Çevik,10
YP,yp,Bursa,bursa,Bursa 1. Bölge,2,Yeliz Yağlı,10
YP,yp,Bursa,bursa,Bursa 1. Bölge,3,Ebru Güvenç,10
YP,yp,Bursa,bursa,Bursa 1. Bölge,4,Harun Özbirinci,10
YP,yp,Bursa,bursa,Bursa 1. Bölge,5,Mevlüt Kaya,10
YP,yp,Bursa,bursa,Bursa 1. Bölge,6,Perihan Öksüz,10
YP,yp,Bursa,bursa,Bursa 1. Bölge,7,Bülent Rim,10
YP,yp,Bursa,bursa,Bursa 1. Bölge,8,Alican Kırbaş,10
YP,yp,Bursa,bursa,Bursa 1. Bölge,9,Mehmet Koyuncu,10
YP,yp,Bursa,bursa,Bursa 1. Bölge,10,Mehmet Emin Kaya,10
YP,yp,Bursa,bursa,Bursa 2. Bölge,1,Sadi İzci,10
YP,yp,Bursa,bursa,Bursa 2. Bölge,2,Yılmaz Akman,10
YP,yp,Bursa,bursa,Bursa 2. Bölge,3,Abdurrahman Özer,10
YP,yp,Bursa,bursa,Bursa 2. Bölge,4,Songül Aydın,10
YP,yp,Bursa,bursa,Bursa 2. Bölge,5,Servet İzci,10
YP,yp,Bursa,bursa,Bursa 2. Bölge,6,Dilek Köseoğlu,10
YP,yp,Bursa,bursa,Bursa 2. Bölge,7,Alper Arslan,10
YP,yp,Bursa,bursa,Bursa 2. Bölge,8,Aleyna Güven,10
YP,yp,Bursa,bursa,Bursa 2. Bölge,9,Mert Arslan,10
YP,yp,Bursa,bursa,Bursa 2. Bölge,10,Eyyüp Kış,10
Zafer,zaferpartisi,Bursa,bursa,Bursa 1. Bölge,1,Bayram Kazancı,10
Zafer,zaferpartisi,Bursa,bursa,Bursa 1. Bölge,2,Mehmet Okan Özdemir,10
Zafer,zaferpartisi,Bursa,bursa,Bursa 1. Bölge,3,Ertuğrul Kara,10
Zafer,zaferpartisi,Bursa,bursa,Bursa 1. Bölge,4,Behlül Erkin,10
Zafer,zaferpartisi,Bursa,bursa,Bursa 1. Bölge,5,Ahmet Sevinç,10
Zafer,zaferpartisi,Bursa,bursa,Bursa 1. Bölge,6,Şöhret Funda Şimşek,10
Zafer,zaferpartisi,Bursa,bursa,Bursa 1. Bölge,7,Ahmet Bayer,10
Zafer,zaferpartisi,Bursa,bursa,Bursa 1. Bölge,8,Zeynep Batmaz,10
Zafer,zaferpartisi,Bursa,bursa,Bursa 1. Bölge,9,Uğur Emirhan Ayçiçek,10
Zafer,zaferpartisi,Bursa,bursa,Bursa 1. Bölge,10,Halil İbrahim Yaşar,10
Zafer,zaferpartisi,Bursa,bursa,Bursa 2. Bölge,1,Cezmi Polat,10
Zafer,zaferpartisi,Bursa,bursa,Bursa 2. Bölge,2,Mahmut Kara,10
Zafer,zaferpartisi,Bursa,bursa,Bursa 2. Bölge,3,Özer Doğru,10
Zafer,zaferpartisi,Bursa,bursa,Bursa 2. Bölge,4,Emrah Yaşar,10
Zafer,zaferpartisi,Bursa,bursa,Bursa 2. Bölge,5,Sevinç Muhammed,10
Zafer,zaferpartisi,Bursa,bursa,Bursa 2. Bölge,6,Melih Şen,10
Zafer,zaferpartisi,Bursa,bursa,Bursa 2. Bölge,7,Onur Turhan,10
Zafer,zaferpartisi,Bursa,bursa,Bursa 2. Bölge,8,Meryem Can,10
Zafer,zaferpartisi,Bursa,bursa,Bursa 2. Bölge,9,Türker Türksever,10
Zafer,zaferpartisi,Bursa,bursa,Bursa 2. Bölge,10,Murat Çakmak,10
AB,ab,Çanakkale,canakkale,Çanakkale,1,Erhan Piliççi,4
AB,ab,Çanakkale,canakkale,Çanakkale,2,Nihal Çakırer,4
AB,ab,Çanakkale,canakkale,Çanakkale,3,Tayyar Çakmak,4
AB,ab,Çanakkale,canakkale,Çanakkale,4,Canberk Çakırer,4
Adalet,ap,Çanakkale,canakkale,Çanakkale,1,Barış Eray Yıldemir,4
Adalet,ap,Çanakkale,canakkale,Çanakkale,2,Gökhan Serbest,4
Adalet,ap,Çanakkale,canakkale,Çanakkale,3,Alev Perk Pul,4
Adalet,ap,Çanakkale,canakkale,Çanakkale,4,Erdi Kureta,4
AK Parti,akparti,Çanakkale,canakkale,Çanakkale,1,Ayhan Gider,4
AK Parti,akparti,Çanakkale,canakkale,Çanakkale,2,Jülide İskenderoğlu,4
AK Parti,akparti,Çanakkale,canakkale,Çanakkale,3,Nazım Hikmet Keskiner,4
AK Parti,akparti,Çanakkale,canakkale,Çanakkale,4,Halil Zahit Mert,4
ANAP,anap,Çanakkale,canakkale,Çanakkale,1,Bayram Korkmaz,4
ANAP,anap,Çanakkale,canakkale,Çanakkale,2,Ahmet Kök,4
ANAP,anap,Çanakkale,canakkale,Çanakkale,3,Belma Kantar,4
ANAP,anap,Çanakkale,canakkale,Çanakkale,4,Eray Engin Yılmaz,4
BBP,bbp,Çanakkale,canakkale,Çanakkale,1,Levent Çavuş,4
BBP,bbp,Çanakkale,canakkale,Çanakkale,2,Davut Aydın,4
BBP,bbp,Çanakkale,canakkale,Çanakkale,3,Muhammed Ali Dağ,4
BBP,bbp,Çanakkale,canakkale,Çanakkale,4,Enes Şahin,4
CHP,chp,Çanakkale,canakkale,Çanakkale,1,İsmet Güneşhan,4
CHP,chp,Çanakkale,canakkale,Çanakkale,2,Özgür Ceylan,4
CHP,chp,Çanakkale,canakkale,Çanakkale,3,Yeşim Karadağ,4
CHP,chp,Çanakkale,canakkale,Çanakkale,4,Tuğberk Güzel,4
GBP,gbp,Çanakkale,canakkale,Çanakkale,1,Emre Dişli,4
GBP,gbp,Çanakkale,canakkale,Çanakkale,2,Hasan Akgün,4
GBP,gbp,Çanakkale,canakkale,Çanakkale,3,Nagihan Kayaardı,4
GBP,gbp,Çanakkale,canakkale,Çanakkale,4,İsa Gök,4
Genç Parti,gencparti,Çanakkale,canakkale,Çanakkale,1,Fevzi Cengiz,4
Genç Parti,gencparti,Çanakkale,canakkale,Çanakkale,2,Ferhunde Ruhan Başarır,4
Genç Parti,gencparti,Çanakkale,canakkale,Çanakkale,3,Hüsnü Kınasakal,4
Genç Parti,gencparti,Çanakkale,canakkale,Çanakkale,4,İsmail Özçelik,4
HAK-PAR,hakpar,Çanakkale,canakkale,Çanakkale,1,Sultan Söylemez,4
HAK-PAR,hakpar,Çanakkale,canakkale,Çanakkale,2,Firdes Yorulmaz,4
HAK-PAR,hakpar,Çanakkale,canakkale,Çanakkale,3,Rojwan Baykara,4
HAK-PAR,hakpar,Çanakkale,canakkale,Çanakkale,4,Ali Bener,4
HKP,hkp,Çanakkale,canakkale,Çanakkale,1,Zeynep Yağlı,4
HKP,hkp,Çanakkale,canakkale,Çanakkale,2,Kerem Fidan,4
HKP,hkp,Çanakkale,canakkale,Çanakkale,3,Nurhayat Özel,4
HKP,hkp,Çanakkale,canakkale,Çanakkale,4,Baran Yetgin,4
İyi Parti,iyiparti,Çanakkale,canakkale,Çanakkale,1,Rıdvan Uz,4
İyi Parti,iyiparti,Çanakkale,canakkale,Çanakkale,2,Cengiz Yalçın,4
İyi Parti,iyiparti,Çanakkale,canakkale,Çanakkale,3,Zişan Özaydın,4
İyi Parti,iyiparti,Çanakkale,canakkale,Çanakkale,4,Mevlüt İnanç,4
Memleket,memleket,Çanakkale,canakkale,Çanakkale,1,Aycan Atalay,4
Memleket,memleket,Çanakkale,canakkale,Çanakkale,2,Atalay Seçkin,4
Memleket,memleket,Çanakkale,canakkale,Çanakkale,3,İlknur İnce,4
Memleket,memleket,Çanakkale,canakkale,Çanakkale,4,Talha Yılmaz,4
MHP,mhp,Çanakkale,canakkale,Çanakkale,1,Sıtkı Keçeci,4
MHP,mhp,Çanakkale,canakkale,Çanakkale,2,Nahit Özkan,4
MHP,mhp,Çanakkale,canakkale,Çanakkale,3,Hasan Babadağlı,4
MHP,mhp,Çanakkale,canakkale,Çanakkale,4,Fatih Şahin,4
MİLLET,millet,Çanakkale,canakkale,Çanakkale,1,Mustafa Çetinkaya,4
MİLLET,millet,Çanakkale,canakkale,Çanakkale,2,İbrahim Halil Sipahi,4
MİLLET,millet,Çanakkale,canakkale,Çanakkale,3,Süleyman Göycıncık,4
MİLLET,millet,Çanakkale,canakkale,Çanakkale,4,Seyhan Taştepe,4
Milli Yol,milliyol,Çanakkale,canakkale,Çanakkale,1,Songül Köyçavuşu,4
Milli Yol,milliyol,Çanakkale,canakkale,Çanakkale,2,Fatih Piştar,4
Milli Yol,milliyol,Çanakkale,canakkale,Çanakkale,3,Şükrü Atıcı,4
Milli Yol,milliyol,Çanakkale,canakkale,Çanakkale,4,Elife Kahveci,4
Sol Parti,solparti,Çanakkale,canakkale,Çanakkale,1,Selahattin Yağcı,4
Sol Parti,solparti,Çanakkale,canakkale,Çanakkale,2,Hayriye Ekin,4
Sol Parti,solparti,Çanakkale,canakkale,Çanakkale,3,Zuhal Demirtaş,4
Sol Parti,solparti,Çanakkale,canakkale,Çanakkale,4,Engin Ayfer,4
TİP,tip,Çanakkale,canakkale,Çanakkale,1,Ayfer Göl,4
TİP,tip,Çanakkale,canakkale,Çanakkale,2,Reyhan Çalışkan,4
TİP,tip,Çanakkale,canakkale,Çanakkale,3,Onur Baytar,4
TİP,tip,Çanakkale,canakkale,Çanakkale,4,Doruk Ulaş Özdemir,4
TKH,tkh,Çanakkale,canakkale,Çanakkale,1,Yusuf Çakar,4
TKH,tkh,Çanakkale,canakkale,Çanakkale,2,Mehmet Hadi Demir,4
TKH,tkh,Çanakkale,canakkale,Çanakkale,3,Zana Özkan,4
TKH,tkh,Çanakkale,canakkale,Çanakkale,4,Serap Çetinkaya,4
TKP,tkp,Çanakkale,canakkale,Çanakkale,1,Nevin Aslan,4
TKP,tkp,Çanakkale,canakkale,Çanakkale,2,Eftal Yıldırım,4
TKP,tkp,Çanakkale,canakkale,Çanakkale,3,Ömer Üstün,4
TKP,tkp,Çanakkale,canakkale,Çanakkale,4,Reyhan Yıldırım,4
Vatan,vatanpartisi,Çanakkale,canakkale,Çanakkale,1,Musa Uzun,4
Vatan,vatanpartisi,Çanakkale,canakkale,Çanakkale,2,Necati Çinçe,4
Vatan,vatanpartisi,Çanakkale,canakkale,Çanakkale,3,Hüseyin Çakıcı,4
Vatan,vatanpartisi,Çanakkale,canakkale,Çanakkale,4,Soner Sevindik,4
Y.Refah,yenidenrefah,Çanakkale,canakkale,Çanakkale,1,Cahit Bolelli,4
Y.Refah,yenidenrefah,Çanakkale,canakkale,Çanakkale,2,Kadir Pehlivanoğlu,4
Y.Refah,yenidenrefah,Çanakkale,canakkale,Çanakkale,3,Serkan Kuru,4
Y.Refah,yenidenrefah,Çanakkale,canakkale,Çanakkale,4,Yüksel Üstün,4
Y.Sol Parti,yesilsolparti,Çanakkale,canakkale,Çanakkale,1,Adile Yalçın,4
Y.Sol Parti,yesilsolparti,Çanakkale,canakkale,Çanakkale,2,Sinan Ekinci,4
Y.Sol Parti,yesilsolparti,Çanakkale,canakkale,Çanakkale,3,Seda Alçınar,4
Y.Sol Parti,yesilsolparti,Çanakkale,canakkale,Çanakkale,4,Ergin Fidan,4
YP,yp,Çanakkale,canakkale,Çanakkale,1,Yunus Emre Koca,4
YP,yp,Çanakkale,canakkale,Çanakkale,2,Recep Uluyıldız,4
YP,yp,Çanakkale,canakkale,Çanakkale,3,Tarık Çınar,4
YP,yp,Çanakkale,canakkale,Çanakkale,4,Veysi Turan,4
Zafer,zaferpartisi,Çanakkale,canakkale,Çanakkale,1,Mehmet Kırmacı,4
Zafer,zaferpartisi,Çanakkale,canakkale,Çanakkale,2,Yasin Çevik,4
Zafer,zaferpartisi,Çanakkale,canakkale,Çanakkale,3,Demet Yener,4
Zafer,zaferpartisi,Çanakkale,canakkale,Çanakkale,4,Mehmet Taşkın,4
Adalet,ap,Çankırı,cankiri,Çankırı,1,Ebru Yalçınkaya,2
Adalet,ap,Çankırı,cankiri,Çankırı,2,Özcan Değirmenci,2
AK Parti,akparti,Çankırı,cankiri,Çankırı,1,Muhammet Emin Akbaşoğlu,2
AK Parti,akparti,Çankırı,cankiri,Çankırı,2,Salim Çivitcioğlu,2
ANAP,anap,Çankırı,cankiri,Çankırı,1,Gamze Yahşi,2
ANAP,anap,Çankırı,cankiri,Çankırı,2,Ömer Dizek,2
BBP,bbp,Çankırı,cankiri,Çankırı,1,Aybars Şentürk,2
BBP,bbp,Çankırı,cankiri,Çankırı,2,Yasemin Bağdu,2
Genç Parti,gencparti,Çankırı,cankiri,Çankırı,1,Belgin Koçoğlu,2
Genç Parti,gencparti,Çankırı,cankiri,Çankırı,2,Hasan Koçoğlu,2
HAK-PAR,hakpar,Çankırı,cankiri,Çankırı,1,Gülsidar Basut,2
HAK-PAR,hakpar,Çankırı,cankiri,Çankırı,2,Ronay Korucu,2
HKP,hkp,Çankırı,cankiri,Çankırı,1,Mehmet Oflaz,2
HKP,hkp,Çankırı,cankiri,Çankırı,2,Alev Yıldırım,2
İyi Parti,iyiparti,Çankırı,cankiri,Çankırı,1,Mehmet Ali Karamemiş,2
İyi Parti,iyiparti,Çankırı,cankiri,Çankırı,2,Oya Yakın,2
Memleket,memleket,Çankırı,cankiri,Çankırı,1,Ada Çeliker,2
Memleket,memleket,Çankırı,cankiri,Çankırı,2,Osman Dede,2
MHP,mhp,Çankırı,cankiri,Çankırı,1,Pelin Yılık,2
MHP,mhp,Çankırı,cankiri,Çankırı,2,İsmail Arslaner,2
MİLLET,millet,Çankırı,cankiri,Çankırı,1,İsa Erdem,2
MİLLET,millet,Çankırı,cankiri,Çankırı,2,Kadir Çalışkan,2
Milli Yol,milliyol,Çankırı,cankiri,Çankırı,1,Mustafa Yakar,2
Milli Yol,milliyol,Çankırı,cankiri,Çankırı,2,Şuayip Öğütcü,2
Sol Parti,solparti,Çankırı,cankiri,Çankırı,1,Hasan Özgür Yıldırım,2
Sol Parti,solparti,Çankırı,cankiri,Çankırı,2,Hüseyin Kılınçoğlu,2
TİP,tip,Çankırı,cankiri,Çankırı,1,Sevgi Özlem Gülmez,2
TİP,tip,Çankırı,cankiri,Çankırı,2,Murat Özbek,2
TKH,tkh,Çankırı,cankiri,Çankırı,1,Ceren Soner,2
TKH,tkh,Çankırı,cankiri,Çankırı,2,Hakkı Has,2
TKP,tkp,Çankırı,cankiri,Çankırı,1,Nahide Özkan,2
TKP,tkp,Çankırı,cankiri,Çankırı,2,Arif Ender İvgen,2
Vatan,vatanpartisi,Çankırı,cankiri,Çankırı,1,Hakan Çelik,2
Vatan,vatanpartisi,Çankırı,cankiri,Çankırı,2,Müslüm Caferoğlu,2
Y.Refah,yenidenrefah,Çankırı,cankiri,Çankırı,1,Muhammed Fatih Müjdeci,2
Y.Refah,yenidenrefah,Çankırı,cankiri,Çankırı,2,Metin Erdoğmuş,2
Y.Sol Parti,yesilsolparti,Çankırı,cankiri,Çankırı,1,Hakan Can Neslioğlu,2
Y.Sol Parti,yesilsolparti,Çankırı,cankiri,Çankırı,2,Meliha Durmuş,2
YP,yp,Çankırı,cankiri,Çankırı,1,Sönmez İnce,2
YP,yp,Çankırı,cankiri,Çankırı,2,Ferhat Kaya,2
Zafer,zaferpartisi,Çankırı,cankiri,Çankırı,1,Turgut Özkan,2
Zafer,zaferpartisi,Çankırı,cankiri,Çankırı,2,Osman Çalışkan,2
Adalet,ap,Çorum,corum,Çorum,1,Emrah Kablan,4
Adalet,ap,Çorum,corum,Çorum,2,Soner Şahin,4
Adalet,ap,Çorum,corum,Çorum,3,Murat Alagöz,4
Adalet,ap,Çorum,corum,Çorum,4,Baran Şahin,4
AK Parti,akparti,Çorum,corum,Çorum,1,Yusuf Ahlatcı,4
AK Parti,akparti,Çorum,corum,Çorum,2,Oğuzhan Kaya,4
AK Parti,akparti,Çorum,corum,Çorum,3,Zeki Gül,4
AK Parti,akparti,Çorum,corum,Çorum,4,Ramazan Kelepircioğlu,4
ANAP,anap,Çorum,corum,Çorum,1,İbrahim Coşkun,4
ANAP,anap,Çorum,corum,Çorum,2,Ali Osman Alveren,4
ANAP,anap,Çorum,corum,Çorum,3,Hasan Kabak,4
ANAP,anap,Çorum,corum,Çorum,4,Ahmet Kırtepe,4
BBP,bbp,Çorum,corum,Çorum,1,Fehmi Güney,4
BBP,bbp,Çorum,corum,Çorum,2,Salim Yıldırım,4
BBP,bbp,Çorum,corum,Çorum,3,Hasan Kargacı,4
BBP,bbp,Çorum,corum,Çorum,4,Rıdvan Alca,4
CHP,chp,Çorum,corum,Çorum,1,Mehmet Tahtasız,4
CHP,chp,Çorum,corum,Çorum,2,Bekir Özsaçmacı,4
CHP,chp,Çorum,corum,Çorum,3,Burçin Solmaz Polat,4
CHP,chp,Çorum,corum,Çorum,4,Seyit Ahmet Güher,4
Genç Parti,gencparti,Çorum,corum,Çorum,1,Engin Erenler,4
Genç Parti,gencparti,Çorum,corum,Çorum,2,Özcan Mansur,4
Genç Parti,gencparti,Çorum,corum,Çorum,3,Diclehan Büyükgök,4
Genç Parti,gencparti,Çorum,corum,Çorum,4,Ömer Özdemir,4
HAK-PAR,hakpar,Çorum,corum,Çorum,1,Derya Burkay,4
HAK-PAR,hakpar,Çorum,corum,Çorum,2,Yakup Korucu,4
HAK-PAR,hakpar,Çorum,corum,Çorum,3,Orhan Daş,4
HAK-PAR,hakpar,Çorum,corum,Çorum,4,Çeçan Şahin,4
HKP,hkp,Çorum,corum,Çorum,1,Reycan Cantaş Çakır,4
HKP,hkp,Çorum,corum,Çorum,2,Hakan Samut,4
HKP,hkp,Çorum,corum,Çorum,3,Abdullah Ceylan,4
HKP,hkp,Çorum,corum,Çorum,4,Hasan Arda Karagedik,4
Memleket,memleket,Çorum,corum,Çorum,1,Güven Kılıçay,4
Memleket,memleket,Çorum,corum,Çorum,2,Soner Demir,4
Memleket,memleket,Çorum,corum,Çorum,3,Olgun Çakar,4
Memleket,memleket,Çorum,corum,Çorum,4,Hamdi Eren Divan,4
MHP,mhp,Çorum,corum,Çorum,1,Vahit Kayrıcı,4
MHP,mhp,Çorum,corum,Çorum,2,Ahmet Kurtbaş,4
MHP,mhp,Çorum,corum,Çorum,3,İsmail Lek,4
MHP,mhp,Çorum,corum,Çorum,4,Mete Çakı,4
MİLLET,millet,Çorum,corum,Çorum,1,Bekir Yazıcı,4
MİLLET,millet,Çorum,corum,Çorum,2,Yunus Düzgün,4
MİLLET,millet,Çorum,corum,Çorum,3,Mustafa Yıldız,4
MİLLET,millet,Çorum,corum,Çorum,4,Nihat Çetin,4
Milli Yol,milliyol,Çorum,corum,Çorum,1,Mehmet Bilir,4
Milli Yol,milliyol,Çorum,corum,Çorum,2,Halil Topşahin,4
Milli Yol,milliyol,Çorum,corum,Çorum,3,Ayla Kılıç,4
Milli Yol,milliyol,Çorum,corum,Çorum,4,Erdem Uğur Akbıyık,4
Sol Parti,solparti,Çorum,corum,Çorum,1,Hüseyin Başaran,4
Sol Parti,solparti,Çorum,corum,Çorum,2,Cemal Bülent Üzgün,4
Sol Parti,solparti,Çorum,corum,Çorum,3,Kudret Sezer,4
Sol Parti,solparti,Çorum,corum,Çorum,4,Nevin Oğuz,4
TİP,tip,Çorum,corum,Çorum,1,Onur Oğuz Kineşci,4
TİP,tip,Çorum,corum,Çorum,2,Cansever Eker,4
TİP,tip,Çorum,corum,Çorum,3,Can Nesimi Karabiber,4
TİP,tip,Çorum,corum,Çorum,4,Asmin Nimet Singez,4
TKH,tkh,Çorum,corum,Çorum,1,Hıdır Çevik,4
TKH,tkh,Çorum,corum,Çorum,2,Melike Taksim,4
TKH,tkh,Çorum,corum,Çorum,3,Melek Feyha İren,4
TKH,tkh,Çorum,corum,Çorum,4,Özgür Çilek,4
TKP,tkp,Çorum,corum,Çorum,1,Erol Celep,4
TKP,tkp,Çorum,corum,Çorum,2,Bülent Ünal,4
TKP,tkp,Çorum,corum,Çorum,3,Çağda Ülker,4
TKP,tkp,Çorum,corum,Çorum,4,Anıl Ovacık,4
Vatan,vatanpartisi,Çorum,corum,Çorum,1,Ümit Faruk Yenici,4
Vatan,vatanpartisi,Çorum,corum,Çorum,2,Mehmet Patlar,4
Vatan,vatanpartisi,Çorum,corum,Çorum,3,Aydın Kınacı,4
Vatan,vatanpartisi,Çorum,corum,Çorum,4,Altan Börekçi,4
Y.Refah,yenidenrefah,Çorum,corum,Çorum,1,Yakup Taş,4
Y.Refah,yenidenrefah,Çorum,corum,Çorum,2,Yasin Güler,4
Y.Refah,yenidenrefah,Çorum,corum,Çorum,3,Ömer Karslı,4
Y.Refah,yenidenrefah,Çorum,corum,Çorum,4,Ferhat Yeğen,4
Y.Sol Parti,yesilsolparti,Çorum,corum,Çorum,1,Şeref Karataş,4
Y.Sol Parti,yesilsolparti,Çorum,corum,Çorum,2,Fadime Güler Elik,4
Y.Sol Parti,yesilsolparti,Çorum,corum,Çorum,3,Ümit Küçükbayatlılı,4
Y.Sol Parti,yesilsolparti,Çorum,corum,Çorum,4,Muharrem Özünel,4
YP,yp,Çorum,corum,Çorum,1,Dündar Ercan,4
YP,yp,Çorum,corum,Çorum,2,Hediye Çalbıyık,4
YP,yp,Çorum,corum,Çorum,3,Fevzi Gürlan,4
YP,yp,Çorum,corum,Çorum,4,Yüksel Değirmenci,4
Zafer,zaferpartisi,Çorum,corum,Çorum,1,Paşa Büyükkayaer,4
Zafer,zaferpartisi,Çorum,corum,Çorum,2,İlhan Çatal,4
Zafer,zaferpartisi,Çorum,corum,Çorum,3,Erdal Karaca,4
Zafer,zaferpartisi,Çorum,corum,Çorum,4,Muhammet Ali Ecevit,4
AK Parti,akparti,Denizli,denizli,Denizli,1,Cahit Özkan,7
AK Parti,akparti,Denizli,denizli,Denizli,2,Şahin Tin,7
AK Parti,akparti,Denizli,denizli,Denizli,3,Nilgün Ök,7
AK Parti,akparti,Denizli,denizli,Denizli,4,Ekrem Başer,7
AK Parti,akparti,Denizli,denizli,Denizli,5,Osman Yüceliş,7
AK Parti,akparti,Denizli,denizli,Denizli,6,Birtan Şahan,7
AK Parti,akparti,Denizli,denizli,Denizli,7,Feride Kabadayılar,7
Bağımsız,bagimsiz,Denizli,denizli,Denizli,1,Hakan Özen,7
BBP,bbp,Denizli,denizli,Denizli,1,İsmail Karateke,7
BBP,bbp,Denizli,denizli,Denizli,2,Ramazan Karahan,7
BBP,bbp,Denizli,denizli,Denizli,3,Ali Genç,7
BBP,bbp,Denizli,denizli,Denizli,4,Selman Aşık,7
BBP,bbp,Denizli,denizli,Denizli,5,Şerife Tetik,7
BBP,bbp,Denizli,denizli,Denizli,6,İbrahim Yurkunç,7
BBP,bbp,Denizli,denizli,Denizli,7,Yusuf Dönmez,7
CHP,chp,Denizli,denizli,Denizli,1,Gülizar Biçer Karaca,7
CHP,chp,Denizli,denizli,Denizli,2,Şeref Arpacı,7
CHP,chp,Denizli,denizli,Denizli,3,Sema Silkin Ün,7
CHP,chp,Denizli,denizli,Denizli,4,Adil Demir,7
CHP,chp,Denizli,denizli,Denizli,5,Sedat Demirci,7
CHP,chp,Denizli,denizli,Denizli,6,İlhan Özcan,7
CHP,chp,Denizli,denizli,Denizli,7,Ayşe Hazer,7
GBP,gbp,Denizli,denizli,Denizli,1,Ömer Çakır,7
GBP,gbp,Denizli,denizli,Denizli,2,Aytekin Doğan,7
GBP,gbp,Denizli,denizli,Denizli,3,Soner Çalışkan,7
GBP,gbp,Denizli,denizli,Denizli,4,Mehmet Güven,7
GBP,gbp,Denizli,denizli,Denizli,5,Ekrem Çakır,7
GBP,gbp,Denizli,denizli,Denizli,6,Emre Kaygu,7
GBP,gbp,Denizli,denizli,Denizli,7,Geylani Yıldırım,7
Genç Parti,gencparti,Denizli,denizli,Denizli,1,Ahmet Çetin,7
Genç Parti,gencparti,Denizli,denizli,Denizli,2,Ali Şenşahin,7
Genç Parti,gencparti,Denizli,denizli,Denizli,3,Ali Kızılöz,7
Genç Parti,gencparti,Denizli,denizli,Denizli,4,Ahmet Çakır,7
Genç Parti,gencparti,Denizli,denizli,Denizli,5,Hakan Yılmaz,7
Genç Parti,gencparti,Denizli,denizli,Denizli,6,Kadir Yatağan,7
Genç Parti,gencparti,Denizli,denizli,Denizli,7,Seher Külahlı,7
HAK-PAR,hakpar,Denizli,denizli,Denizli,1,Sevim Demir,7
HAK-PAR,hakpar,Denizli,denizli,Denizli,2,Cengiz Akgül,7
HAK-PAR,hakpar,Denizli,denizli,Denizli,3,Mesut Barasi,7
HAK-PAR,hakpar,Denizli,denizli,Denizli,4,İbrahim Pektaş,7
HAK-PAR,hakpar,Denizli,denizli,Denizli,5,Kuddusi Volkan Yıldırım,7
HAK-PAR,hakpar,Denizli,denizli,Denizli,6,Bayram Cindarik,7
HAK-PAR,hakpar,Denizli,denizli,Denizli,7,Ergün Bektaş,7
HKP,hkp,Denizli,denizli,Denizli,1,Esma Avcı,7
HKP,hkp,Denizli,denizli,Denizli,2,Vedat Aşıkoğlu,7
HKP,hkp,Denizli,denizli,Denizli,3,Şahin Gençer,7
HKP,hkp,Denizli,denizli,Denizli,4,Veysel Kasap,7
HKP,hkp,Denizli,denizli,Denizli,5,Ümit Uğurlu,7
HKP,hkp,Denizli,denizli,Denizli,6,Mehmet Ali Aygün,7
HKP,hkp,Denizli,denizli,Denizli,7,Furkan Oral,7
İyi Parti,iyiparti,Denizli,denizli,Denizli,1,Yasin Öztürk,7
İyi Parti,iyiparti,Denizli,denizli,Denizli,2,İbrahim Şenel,7
İyi Parti,iyiparti,Denizli,denizli,Denizli,3,Kadir Tatık,7
İyi Parti,iyiparti,Denizli,denizli,Denizli,4,Şebnem Bababalım Yağcı,7
İyi Parti,iyiparti,Denizli,denizli,Denizli,5,Uğur Çizmecioğlu,7
İyi Parti,iyiparti,Denizli,denizli,Denizli,6,Veysel Karaçor,7
İyi Parti,iyiparti,Denizli,denizli,Denizli,7,Nazlı Yaşatürk,7
Memleket,memleket,Denizli,denizli,Denizli,1,Erhan Derici,7
Memleket,memleket,Denizli,denizli,Denizli,2,Osman Uluköy,7
Memleket,memleket,Denizli,denizli,Denizli,3,Doğan Erol,7
Memleket,memleket,Denizli,denizli,Denizli,4,Müjgan Köklü Sezmiş,7
Memleket,memleket,Denizli,denizli,Denizli,5,Hakan Karapınar,7
Memleket,memleket,Denizli,denizli,Denizli,6,Mehmet Doğukan Yaldız,7
Memleket,memleket,Denizli,denizli,Denizli,7,Deniz Karol,7
MHP,mhp,Denizli,denizli,Denizli,1,Ferudun Ünal,7
MHP,mhp,Denizli,denizli,Denizli,2,Yusuf Garip,7
MHP,mhp,Denizli,denizli,Denizli,3,Ebru Leman Kalkan,7
MHP,mhp,Denizli,denizli,Denizli,4,Emre Erdoğan,7
MHP,mhp,Denizli,denizli,Denizli,5,Mehmet Altıntaş,7
MHP,mhp,Denizli,denizli,Denizli,6,Raşit Özdemir,7
MHP,mhp,Denizli,denizli,Denizli,7,Hüseyin Yüklet,7
MİLLET,millet,Denizli,denizli,Denizli,1,Hüsnü Çatal,7
MİLLET,millet,Denizli,denizli,Denizli,2,Ozan Honça,7
MİLLET,millet,Denizli,denizli,Denizli,3,Nermin Didin,7
MİLLET,millet,Denizli,denizli,Denizli,4,Gülşen Ateş,7
MİLLET,millet,Denizli,denizli,Denizli,5,Yadigar Varlıklı,7
MİLLET,millet,Denizli,denizli,Denizli,6,Hüseyin Kazalcı,7
MİLLET,millet,Denizli,denizli,Denizli,7,Ahmet Fatih Yegen,7
Sol Parti,solparti,Denizli,denizli,Denizli,1,Kamil Doğan,7
Sol Parti,solparti,Denizli,denizli,Denizli,2,Şerif Güney,7
Sol Parti,solparti,Denizli,denizli,Denizli,3,Beyza Aşkar,7
Sol Parti,solparti,Denizli,denizli,Denizli,4,Muzaffer Aksoy,7
Sol Parti,solparti,Denizli,denizli,Denizli,5,Serdar Aktaş,7
Sol Parti,solparti,Denizli,denizli,Denizli,6,Suat Coşkun,7
Sol Parti,solparti,Denizli,denizli,Denizli,7,Hayati Küçük,7
TİP,tip,Denizli,denizli,Denizli,1,Yağmur Yalçın,7
TİP,tip,Denizli,denizli,Denizli,2,Coşkun Çetin,7
TİP,tip,Denizli,denizli,Denizli,3,Pelin Şen,7
TİP,tip,Denizli,denizli,Denizli,4,Serdal Atlamış,7
TİP,tip,Denizli,denizli,Denizli,5,Serdar Aşçı,7
TİP,tip,Denizli,denizli,Denizli,6,İsmail Egemen Söylemez,7
TİP,tip,Denizli,denizli,Denizli,7,Hatice Kiriş,7
TKH,tkh,Denizli,denizli,Denizli,1,Deniz Çelik,7
TKH,tkh,Denizli,denizli,Denizli,2,Ali Kasap,7
TKH,tkh,Denizli,denizli,Denizli,3,Yiğit Tuna,7
TKH,tkh,Denizli,denizli,Denizli,4,Tolga Genç,7
TKH,tkh,Denizli,denizli,Denizli,5,Sinan Cem Apaydın,7
TKH,tkh,Denizli,denizli,Denizli,6,Aydın Adikti,7
TKH,tkh,Denizli,denizli,Denizli,7,Mertcan Menteş,7
TKP,tkp,Denizli,denizli,Denizli,1,Özgür Dağ,7
TKP,tkp,Denizli,denizli,Denizli,2,Hülya Süzük,7
TKP,tkp,Denizli,denizli,Denizli,3,Hale Tüblek,7
TKP,tkp,Denizli,denizli,Denizli,4,Gülçin İşmen,7
TKP,tkp,Denizli,denizli,Denizli,5,Cem Yarkın,7
TKP,tkp,Denizli,denizli,Denizli,6,Ali Dündar,7
TKP,tkp,Denizli,denizli,Denizli,7,Arzu Sena Topuz,7
Vatan,vatanpartisi,Denizli,denizli,Denizli,1,Işıl Çetin,7
Vatan,vatanpartisi,Denizli,denizli,Denizli,2,Ahmet Gündüz,7
Vatan,vatanpartisi,Denizli,denizli,Denizli,3,Elif Çobanoğlu,7
Vatan,vatanpartisi,Denizli,denizli,Denizli,4,Uğur Saçma,7
Vatan,vatanpartisi,Denizli,denizli,Denizli,5,İbrahim Cüneyt Doğan,7
Vatan,vatanpartisi,Denizli,denizli,Denizli,6,Gülperi Ayhan,7
Vatan,vatanpartisi,Denizli,denizli,Denizli,7,Sabri Kasapoğlu,7
Y.Refah,yenidenrefah,Denizli,denizli,Denizli,1,Aziz Kalaycı,7
Y.Refah,yenidenrefah,Denizli,denizli,Denizli,2,İdris Oktay,7
Y.Refah,yenidenrefah,Denizli,denizli,Denizli,3,Bayram Ali Gedik,7
Y.Refah,yenidenrefah,Denizli,denizli,Denizli,4,Melahat Berk,7
Y.Refah,yenidenrefah,Denizli,denizli,Denizli,5,Ferit Çetin,7
Y.Refah,yenidenrefah,Denizli,denizli,Denizli,6,Uğur Karakaya,7
Y.Refah,yenidenrefah,Denizli,denizli,Denizli,7,Osman Kaçar,7
Y.Sol Parti,yesilsolparti,Denizli,denizli,Denizli,1,Abdullah Koç,7
Y.Sol Parti,yesilsolparti,Denizli,denizli,Denizli,2,Şenol Akyol,7
Y.Sol Parti,yesilsolparti,Denizli,denizli,Denizli,3,Mahide Öztürk,7
Y.Sol Parti,yesilsolparti,Denizli,denizli,Denizli,4,Murat Engiz,7
Y.Sol Parti,yesilsolparti,Denizli,denizli,Denizli,5,Songül Akkoyun,7
Y.Sol Parti,yesilsolparti,Denizli,denizli,Denizli,6,Elif Kavili,7
Y.Sol Parti,yesilsolparti,Denizli,denizli,Denizli,7,Havva Meşe,7
YP,yp,Denizli,denizli,Denizli,1,Hasan Güral,7
YP,yp,Denizli,denizli,Denizli,2,Kemal Seyhan,7
YP,yp,Denizli,denizli,Denizli,3,Sezerin Şavk,7
YP,yp,Denizli,denizli,Denizli,4,Elvan Tokgöz,7
YP,yp,Denizli,denizli,Denizli,5,Züleyha Oyran,7
YP,yp,Denizli,denizli,Denizli,6,Erdoğan Boylubay,7
YP,yp,Denizli,denizli,Denizli,7,Havva Bilgi,7
Zafer,zaferpartisi,Denizli,denizli,Denizli,1,Neşet Doğan,7
Zafer,zaferpartisi,Denizli,denizli,Denizli,2,Hazan Kıratik,7
Zafer,zaferpartisi,Denizli,denizli,Denizli,3,Furkan Tokmakcıoğlu,7
Zafer,zaferpartisi,Denizli,denizli,Denizli,4,Hasan Hüseyin Halastar,7
Zafer,zaferpartisi,Denizli,denizli,Denizli,5,Osman Tercan,7
Zafer,zaferpartisi,Denizli,denizli,Denizli,6,Mesut Dinç,7
Zafer,zaferpartisi,Denizli,denizli,Denizli,7,Serhat Önal,7
AK Parti,akparti,Diyarbakır,diyarbakir,Diyarbakır,1,Mehmet Galip Ensarioğlu,12
AK Parti,akparti,Diyarbakır,diyarbakir,Diyarbakır,2,Mehmet Sait Yaz,12
AK Parti,akparti,Diyarbakır,diyarbakir,Diyarbakır,3,Suna Kepolu Ataman,12
AK Parti,akparti,Diyarbakır,diyarbakir,Diyarbakır,4,Ayşegül Biçer,12
AK Parti,akparti,Diyarbakır,diyarbakir,Diyarbakır,5,Aziz Alper Biten,12
AK Parti,akparti,Diyarbakır,diyarbakir,Diyarbakır,6,Abdulvahit Güvensen,12
AK Parti,akparti,Diyarbakır,diyarbakir,Diyarbakır,7,Feyzullah Şimşek,12
AK Parti,akparti,Diyarbakır,diyarbakir,Diyarbakır,8,Hatice Seydaoğlu,12
AK Parti,akparti,Diyarbakır,diyarbakir,Diyarbakır,9,Abdurrahman Kikizade,12
AK Parti,akparti,Diyarbakır,diyarbakir,Diyarbakır,10,Tahsin Arslan,12
AK Parti,akparti,Diyarbakır,diyarbakir,Diyarbakır,11,Muhammed Ahmet Mahsum Melikoğlu,12
AK Parti,akparti,Diyarbakır,diyarbakir,Diyarbakır,12,Seyid Kutup Yıldırım,12
Bağımsız,bagimsiz,Diyarbakır,diyarbakir,Diyarbakır,1,Mehmet Tonğut,12
BBP,bbp,Diyarbakır,diyarbakir,Diyarbakır,1,Günay Yay,12
BBP,bbp,Diyarbakır,diyarbakir,Diyarbakır,2,Emine Tutuş,12
BBP,bbp,Diyarbakır,diyarbakir,Diyarbakır,3,Abbas Okman,12
BBP,bbp,Diyarbakır,diyarbakir,Diyarbakır,4,Cengiz İdem,12
BBP,bbp,Diyarbakır,diyarbakir,Diyarbakır,5,Şeyhmus Sakallı,12
BBP,bbp,Diyarbakır,diyarbakir,Diyarbakır,6,Kader Aydın,12
BBP,bbp,Diyarbakır,diyarbakir,Diyarbakır,7,Beritan Okman,12
BBP,bbp,Diyarbakır,diyarbakir,Diyarbakır,8,Cahit Güzel,12
BBP,bbp,Diyarbakır,diyarbakir,Diyarbakır,9,Hikmet Giray,12
BBP,bbp,Diyarbakır,diyarbakir,Diyarbakır,10,Baran Can,12
BBP,bbp,Diyarbakır,diyarbakir,Diyarbakır,11,Hava Solmaz,12
BBP,bbp,Diyarbakır,diyarbakir,Diyarbakır,12,Abdulsamet Şengün,12
CHP,chp,Diyarbakır,diyarbakir,Diyarbakır,1,Mustafa Sezgin Tanrıkulu,12
CHP,chp,Diyarbakır,diyarbakir,Diyarbakır,2,Ali İhsan Merdanoğlu,12
CHP,chp,Diyarbakır,diyarbakir,Diyarbakır,3,Abdurrahman Ergin,12
CHP,chp,Diyarbakır,diyarbakir,Diyarbakır,4,Cevdet Nasıranlı,12
CHP,chp,Diyarbakır,diyarbakir,Diyarbakır,5,İsmail Akyıl,12
CHP,chp,Diyarbakır,diyarbakir,Diyarbakır,6,Gönül Özel,12
CHP,chp,Diyarbakır,diyarbakir,Diyarbakır,7,Laleş Ertuğrul Uysal,12
CHP,chp,Diyarbakır,diyarbakir,Diyarbakır,8,Esra Arslan,12
CHP,chp,Diyarbakır,diyarbakir,Diyarbakır,9,Mahir Yılmaz,12
CHP,chp,Diyarbakır,diyarbakir,Diyarbakır,10,Mehmet Ali Özmen,12
CHP,chp,Diyarbakır,diyarbakir,Diyarbakır,11,Zeynep Deniz Erk,12
CHP,chp,Diyarbakır,diyarbakir,Diyarbakır,12,Özlem Kaya,12
GBP,gbp,Diyarbakır,diyarbakir,Diyarbakır,1,Ensari Büyükhan,12
GBP,gbp,Diyarbakır,diyarbakir,Diyarbakır,2,Eşraf Haşimi,12
GBP,gbp,Diyarbakır,diyarbakir,Diyarbakır,3,Şahabettin Gülmüş,12
GBP,gbp,Diyarbakır,diyarbakir,Diyarbakır,4,Hasan Karaaslan,12
GBP,gbp,Diyarbakır,diyarbakir,Diyarbakır,5,Osman Abakay,12
GBP,gbp,Diyarbakır,diyarbakir,Diyarbakır,6,Ercan Erten,12
GBP,gbp,Diyarbakır,diyarbakir,Diyarbakır,7,Pınar Uzar,12
GBP,gbp,Diyarbakır,diyarbakir,Diyarbakır,8,Ahmet Kızılaslan,12
GBP,gbp,Diyarbakır,diyarbakir,Diyarbakır,9,Baver Baykara,12
GBP,gbp,Diyarbakır,diyarbakir,Diyarbakır,10,Mehmet Kurt,12
GBP,gbp,Diyarbakır,diyarbakir,Diyarbakır,11,Abdurrahman Kurt,12
GBP,gbp,Diyarbakır,diyarbakir,Diyarbakır,12,Selim Büyükhan,12
Genç Parti,gencparti,Diyarbakır,diyarbakir,Diyarbakır,1,Nuray İrem Bölükbaşı,12
Genç Parti,gencparti,Diyarbakır,diyarbakir,Diyarbakır,2,Elif Muratakan,12
Genç Parti,gencparti,Diyarbakır,diyarbakir,Diyarbakır,3,Vedat Diri,12
Genç Parti,gencparti,Diyarbakır,diyarbakir,Diyarbakır,4,Furkan Çimen,12
Genç Parti,gencparti,Diyarbakır,diyarbakir,Diyarbakır,5,Ozan Tokcan,12
Genç Parti,gencparti,Diyarbakır,diyarbakir,Diyarbakır,6,Fatma Türkoğlu,12
Genç Parti,gencparti,Diyarbakır,diyarbakir,Diyarbakır,7,Cihat Canlı,12
Genç Parti,gencparti,Diyarbakır,diyarbakir,Diyarbakır,8,Sercan Baykuş,12
Genç Parti,gencparti,Diyarbakır,diyarbakir,Diyarbakır,9,Murat Elmacıoğlu,12
Genç Parti,gencparti,Diyarbakır,diyarbakir,Diyarbakır,10,Akar Sümbül,12
Genç Parti,gencparti,Diyarbakır,diyarbakir,Diyarbakır,11,Erdoğan İlhan Özdemir,12
Genç Parti,gencparti,Diyarbakır,diyarbakir,Diyarbakır,12,Nurcan Sezen,12
HAK-PAR,hakpar,Diyarbakır,diyarbakir,Diyarbakır,1,Düzgün Kaplan,12
HAK-PAR,hakpar,Diyarbakır,diyarbakir,Diyarbakır,2,Cafer Sterk,12
HAK-PAR,hakpar,Diyarbakır,diyarbakir,Diyarbakır,3,Berin Eren,12
HAK-PAR,hakpar,Diyarbakır,diyarbakir,Diyarbakır,4,Salahattin Yalçın,12
HAK-PAR,hakpar,Diyarbakır,diyarbakir,Diyarbakır,5,Hasan Barak,12
HAK-PAR,hakpar,Diyarbakır,diyarbakir,Diyarbakır,6,Vasıf Kahraman,12
HAK-PAR,hakpar,Diyarbakır,diyarbakir,Diyarbakır,7,Heval Yılmaz Temel,12
HAK-PAR,hakpar,Diyarbakır,diyarbakir,Diyarbakır,8,Paşa Akdoğan,12
HAK-PAR,hakpar,Diyarbakır,diyarbakir,Diyarbakır,9,Mustafa Okumuş,12
HAK-PAR,hakpar,Diyarbakır,diyarbakir,Diyarbakır,10,Sidar Karakaş,12
HAK-PAR,hakpar,Diyarbakır,diyarbakir,Diyarbakır,11,Mustafa Vural,12
HAK-PAR,hakpar,Diyarbakır,diyarbakir,Diyarbakır,12,Azize Akçan,12
HKP,hkp,Diyarbakır,diyarbakir,Diyarbakır,1,Durmuş Pala,12
HKP,hkp,Diyarbakır,diyarbakir,Diyarbakır,2,Abdurrahman Kaya,12
HKP,hkp,Diyarbakır,diyarbakir,Diyarbakır,3,Sezer Ferah,12
HKP,hkp,Diyarbakır,diyarbakir,Diyarbakır,4,Sevim Işık,12
HKP,hkp,Diyarbakır,diyarbakir,Diyarbakır,5,Doğan Boyraz,12
HKP,hkp,Diyarbakır,diyarbakir,Diyarbakır,6,İbrahim Yıldız,12
HKP,hkp,Diyarbakır,diyarbakir,Diyarbakır,7,İbrahim Kaya,12
HKP,hkp,Diyarbakır,diyarbakir,Diyarbakır,8,Orhan Göl,12
HKP,hkp,Diyarbakır,diyarbakir,Diyarbakır,9,Mehmet Kaya,12
HKP,hkp,Diyarbakır,diyarbakir,Diyarbakır,10,Efkan Koçaklı,12
HKP,hkp,Diyarbakır,diyarbakir,Diyarbakır,11,Abdullah Deniz,12
HKP,hkp,Diyarbakır,diyarbakir,Diyarbakır,12,Halil Erdoğdu,12
İyi Parti,iyiparti,Diyarbakır,diyarbakir,Diyarbakır,1,Vejdin Ensarioğlu,12
İyi Parti,iyiparti,Diyarbakır,diyarbakir,Diyarbakır,2,Mustafa Şenay Canoruç,12
İyi Parti,iyiparti,Diyarbakır,diyarbakir,Diyarbakır,3,Erdal Yılmaz,12
İyi Parti,iyiparti,Diyarbakır,diyarbakir,Diyarbakır,4,Hüseyin Güran,12
İyi Parti,iyiparti,Diyarbakır,diyarbakir,Diyarbakır,5,Seçil Akin,12
İyi Parti,iyiparti,Diyarbakır,diyarbakir,Diyarbakır,6,Mehmet Emin Ekin,12
İyi Parti,iyiparti,Diyarbakır,diyarbakir,Diyarbakır,7,Ahmet Başari,12
İyi Parti,iyiparti,Diyarbakır,diyarbakir,Diyarbakır,8,Kenan Kaya,12
İyi Parti,iyiparti,Diyarbakır,diyarbakir,Diyarbakır,9,Emrullah Çeri,12
İyi Parti,iyiparti,Diyarbakır,diyarbakir,Diyarbakır,10,Yakup Özkaya,12
İyi Parti,iyiparti,Diyarbakır,diyarbakir,Diyarbakır,11,Nazım Kaya,12
İyi Parti,iyiparti,Diyarbakır,diyarbakir,Diyarbakır,12,Erkan Yılmaz,12
Memleket,memleket,Diyarbakır,diyarbakir,Diyarbakır,1,Atilla Ece,12
Memleket,memleket,Diyarbakır,diyarbakir,Diyarbakır,2,Nacati Günay,12
Memleket,memleket,Diyarbakır,diyarbakir,Diyarbakır,3,Veysi Esen,12
Memleket,memleket,Diyarbakır,diyarbakir,Diyarbakır,4,Mehmet İrfan Seyitoğulları,12
Memleket,memleket,Diyarbakır,diyarbakir,Diyarbakır,5,Muhammed Murat Güloğlu,12
Memleket,memleket,Diyarbakır,diyarbakir,Diyarbakır,6,Zülküf Arda Çoban,12
Memleket,memleket,Diyarbakır,diyarbakir,Diyarbakır,7,Ulaş Alkan,12
Memleket,memleket,Diyarbakır,diyarbakir,Diyarbakır,8,İrem Aykaç,12
Memleket,memleket,Diyarbakır,diyarbakir,Diyarbakır,9,Süleyman Kaplan,12
Memleket,memleket,Diyarbakır,diyarbakir,Diyarbakır,10,Uğur Kabancı,12
Memleket,memleket,Diyarbakır,diyarbakir,Diyarbakır,11,Yonca Yişin,12
Memleket,memleket,Diyarbakır,diyarbakir,Diyarbakır,12,Barış Pamukçu,12
MHP,mhp,Diyarbakır,diyarbakir,Diyarbakır,1,Hasan Özmen,12
MHP,mhp,Diyarbakır,diyarbakir,Diyarbakır,2,Ahmet Güzel,12
MHP,mhp,Diyarbakır,diyarbakir,Diyarbakır,3,Zülküf Arslan,12
MHP,mhp,Diyarbakır,diyarbakir,Diyarbakır,4,Gülşah Suvarioğlu,12
MHP,mhp,Diyarbakır,diyarbakir,Diyarbakır,5,Feyzi Yigitkan,12
MHP,mhp,Diyarbakır,diyarbakir,Diyarbakır,6,İlknur Yılmaz,12
MHP,mhp,Diyarbakır,diyarbakir,Diyarbakır,7,Ahmet Tuncalp,12
MHP,mhp,Diyarbakır,diyarbakir,Diyarbakır,8,Mahsum Yılmaz,12
MHP,mhp,Diyarbakır,diyarbakir,Diyarbakır,9,Abdurrahman Mustafa Uğurlu Köprü,12
MHP,mhp,Diyarbakır,diyarbakir,Diyarbakır,10,Gökalp Kayacan,12
MHP,mhp,Diyarbakır,diyarbakir,Diyarbakır,11,Osman Sağsöz,12
MHP,mhp,Diyarbakır,diyarbakir,Diyarbakır,12,Serkan Alyaprak,12
MİLLET,millet,Diyarbakır,diyarbakir,Diyarbakır,1,Hüseyin Uyar,12
MİLLET,millet,Diyarbakır,diyarbakir,Diyarbakır,2,Mehmet Ateş,12
MİLLET,millet,Diyarbakır,diyarbakir,Diyarbakır,3,Ali Işık,12
MİLLET,millet,Diyarbakır,diyarbakir,Diyarbakır,4,Bahri Altın,12
MİLLET,millet,Diyarbakır,diyarbakir,Diyarbakır,5,Mehmet Diner,12
MİLLET,millet,Diyarbakır,diyarbakir,Diyarbakır,6,Uğur Özdemir,12
MİLLET,millet,Diyarbakır,diyarbakir,Diyarbakır,7,Mehmet Göktekin,12
MİLLET,millet,Diyarbakır,diyarbakir,Diyarbakır,8,Zekeriya Nacar,12
MİLLET,millet,Diyarbakır,diyarbakir,Diyarbakır,9,Necdet Zorlutuna,12
MİLLET,millet,Diyarbakır,diyarbakir,Diyarbakır,10,Nurettin Çakıroğlu,12
MİLLET,millet,Diyarbakır,diyarbakir,Diyarbakır,11,Erdal Çelik,12
MİLLET,millet,Diyarbakır,diyarbakir,Diyarbakır,12,Celal Toklu,12
Milli Yol,milliyol,Diyarbakır,diyarbakir,Diyarbakır,1,Mehmet Ali Kara,12
Milli Yol,milliyol,Diyarbakır,diyarbakir,Diyarbakır,2,Serhat Yılmaz,12
Milli Yol,milliyol,Diyarbakır,diyarbakir,Diyarbakır,3,Nuri Padır,12
Milli Yol,milliyol,Diyarbakır,diyarbakir,Diyarbakır,4,Osman Çavuş,12
Milli Yol,milliyol,Diyarbakır,diyarbakir,Diyarbakır,5,Ramazan Cançelik,12
Milli Yol,milliyol,Diyarbakır,diyarbakir,Diyarbakır,6,Hasan Çavuş,12
Milli Yol,milliyol,Diyarbakır,diyarbakir,Diyarbakır,7,Yusuf Karataş,12
Milli Yol,milliyol,Diyarbakır,diyarbakir,Diyarbakır,8,Ali Çetinkaya,12
Milli Yol,milliyol,Diyarbakır,diyarbakir,Diyarbakır,9,Faysal Göçlü,12
Milli Yol,milliyol,Diyarbakır,diyarbakir,Diyarbakır,10,Şerif Polat,12
Milli Yol,milliyol,Diyarbakır,diyarbakir,Diyarbakır,11,Abdulkadir Furat,12
Milli Yol,milliyol,Diyarbakır,diyarbakir,Diyarbakır,12,Gültekin Atam,12
Sol Parti,solparti,Diyarbakır,diyarbakir,Diyarbakır,1,Mehmet Aydoğan,12
Sol Parti,solparti,Diyarbakır,diyarbakir,Diyarbakır,2,Güldane Pekdoğan,12
Sol Parti,solparti,Diyarbakır,diyarbakir,Diyarbakır,3,Aşkın Kaleci,12
Sol Parti,solparti,Diyarbakır,diyarbakir,Diyarbakır,4,Coşkun Aydın Sucu,12
Sol Parti,solparti,Diyarbakır,diyarbakir,Diyarbakır,5,Ali Boran,12
Sol Parti,solparti,Diyarbakır,diyarbakir,Diyarbakır,6,Naci Demir,12
Sol Parti,solparti,Diyarbakır,diyarbakir,Diyarbakır,7,Mehmet Tetik,12
Sol Parti,solparti,Diyarbakır,diyarbakir,Diyarbakır,8,Mustafa Kömüş,12
Sol Parti,solparti,Diyarbakır,diyarbakir,Diyarbakır,9,İsmail Kamacı,12
Sol Parti,solparti,Diyarbakır,diyarbakir,Diyarbakır,10,Adil Göyce,12
Sol Parti,solparti,Diyarbakır,diyarbakir,Diyarbakır,11,Emrah Tuzci,12
Sol Parti,solparti,Diyarbakır,diyarbakir,Diyarbakır,12,Ender Tuna,12
TKH,tkh,Diyarbakır,diyarbakir,Diyarbakır,1,Gökmen Kılıç,12
TKH,tkh,Diyarbakır,diyarbakir,Diyarbakır,2,Banu Yurttaş,12
TKH,tkh,Diyarbakır,diyarbakir,Diyarbakır,3,Vedat Karahan,12
TKH,tkh,Diyarbakır,diyarbakir,Diyarbakır,4,Nursel Kararlı,12
TKH,tkh,Diyarbakır,diyarbakir,Diyarbakır,5,Bayram İpekçi,12
TKH,tkh,Diyarbakır,diyarbakir,Diyarbakır,6,Fatih Er,12
TKH,tkh,Diyarbakır,diyarbakir,Diyarbakır,7,Mert Yağmur,12
TKH,tkh,Diyarbakır,diyarbakir,Diyarbakır,8,Senem Baydemir,12
TKH,tkh,Diyarbakır,diyarbakir,Diyarbakır,9,Birhat Acar,12
TKH,tkh,Diyarbakır,diyarbakir,Diyarbakır,10,Gülden Bilgili,12
TKH,tkh,Diyarbakır,diyarbakir,Diyarbakır,11,Ramazan Denizhan,12
TKH,tkh,Diyarbakır,diyarbakir,Diyarbakır,12,Ali Avcı,12
TKP,tkp,Diyarbakır,diyarbakir,Diyarbakır,1,Ömer Necmi Hatipoğlu,12
TKP,tkp,Diyarbakır,diyarbakir,Diyarbakır,2,Zülküf Hatunoğlu,12
TKP,tkp,Diyarbakır,diyarbakir,Diyarbakır,3,Zeynep Demirel Hatunoğlu,12
TKP,tkp,Diyarbakır,diyarbakir,Diyarbakır,4,Evindar Türk,12
TKP,tkp,Diyarbakır,diyarbakir,Diyarbakır,5,Helin Kaya,12
TKP,tkp,Diyarbakır,diyarbakir,Diyarbakır,6,Abuzer Görgüç,12
TKP,tkp,Diyarbakır,diyarbakir,Diyarbakır,7,Kaan İnceler,12
TKP,tkp,Diyarbakır,diyarbakir,Diyarbakır,8,Ayşe Bulut,12
TKP,tkp,Diyarbakır,diyarbakir,Diyarbakır,9,Ercan Demir,12
TKP,tkp,Diyarbakır,diyarbakir,Diyarbakır,10,Damla Baytekin,12
TKP,tkp,Diyarbakır,diyarbakir,Diyarbakır,11,Yasin Akincir,12
TKP,tkp,Diyarbakır,diyarbakir,Diyarbakır,12,Leyla Beyaztaş,12
Vatan,vatanpartisi,Diyarbakır,diyarbakir,Diyarbakır,1,Ferdi Tanhan,12
Vatan,vatanpartisi,Diyarbakır,diyarbakir,Diyarbakır,2,Giyasettin Mahmutoğlu,12
Vatan,vatanpartisi,Diyarbakır,diyarbakir,Diyarbakır,3,İbrahim Çağrı Yıldız,12
Vatan,vatanpartisi,Diyarbakır,diyarbakir,Diyarbakır,4,Necmettin Anar,12
Vatan,vatanpartisi,Diyarbakır,diyarbakir,Diyarbakır,5,İbrahim Çoğaşlıoğlu,12
Vatan,vatanpartisi,Diyarbakır,diyarbakir,Diyarbakır,6,Mehmet Haluk Mıhalioğlu,12
Vatan,vatanpartisi,Diyarbakır,diyarbakir,Diyarbakır,7,Mehmet Fırat Kırboğa,12
Vatan,vatanpartisi,Diyarbakır,diyarbakir,Diyarbakır,8,Hamdiye Bayrak,12
Vatan,vatanpartisi,Diyarbakır,diyarbakir,Diyarbakır,9,Mehmet Haştak,12
Vatan,vatanpartisi,Diyarbakır,diyarbakir,Diyarbakır,10,Sabahat Arslan,12
Vatan,vatanpartisi,Diyarbakır,diyarbakir,Diyarbakır,11,Cem Dağlıoğlu,12
Vatan,vatanpartisi,Diyarbakır,diyarbakir,Diyarbakır,12,Rüveyda Mankan,12
Y.Refah,yenidenrefah,Diyarbakır,diyarbakir,Diyarbakır,1,Ali Erdem,12
Y.Refah,yenidenrefah,Diyarbakır,diyarbakir,Diyarbakır,2,Mehmet Ali Ayhan,12
Y.Refah,yenidenrefah,Diyarbakır,diyarbakir,Diyarbakır,3,Mehmet Gümüş,12
Y.Refah,yenidenrefah,Diyarbakır,diyarbakir,Diyarbakır,4,Mehmet Zafer Hatipoğlu,12
Y.Refah,yenidenrefah,Diyarbakır,diyarbakir,Diyarbakır,5,Nezihe Taşkın,12
Y.Refah,yenidenrefah,Diyarbakır,diyarbakir,Diyarbakır,6,Mehmet Akif Babatlı,12
Y.Refah,yenidenrefah,Diyarbakır,diyarbakir,Diyarbakır,7,Şükrü Dinç,12
Y.Refah,yenidenrefah,Diyarbakır,diyarbakir,Diyarbakır,8,Abdurrahman Zengin,12
Y.Refah,yenidenrefah,Diyarbakır,diyarbakir,Diyarbakır,9,Mehmet Aras,12
Y.Refah,yenidenrefah,Diyarbakır,diyarbakir,Diyarbakır,10,Kerem Demir,12
Y.Refah,yenidenrefah,Diyarbakır,diyarbakir,Diyarbakır,11,Yusuf Demirkol,12
Y.Refah,yenidenrefah,Diyarbakır,diyarbakir,Diyarbakır,12,Kadir Aytemür,12
Y.Sol Parti,yesilsolparti,Diyarbakır,diyarbakir,Diyarbakır,1,Berdan Öztürk,12
Y.Sol Parti,yesilsolparti,Diyarbakır,diyarbakir,Diyarbakır,2,Halide Türkoğlu,12
Y.Sol Parti,yesilsolparti,Diyarbakır,diyarbakir,Diyarbakır,3,Osman Cengiz Çandar,12
Y.Sol Parti,yesilsolparti,Diyarbakır,diyarbakir,Diyarbakır,4,Adalet Kaya,12
Y.Sol Parti,yesilsolparti,Diyarbakır,diyarbakir,Diyarbakır,5,Serhat Eren,12
Y.Sol Parti,yesilsolparti,Diyarbakır,diyarbakir,Diyarbakır,6,Sevilay Çelenk Özen,12
Y.Sol Parti,yesilsolparti,Diyarbakır,diyarbakir,Diyarbakır,7,Mehmet Kamaç,12
Y.Sol Parti,yesilsolparti,Diyarbakır,diyarbakir,Diyarbakır,8,Ceylan Akça Cupolo,12
Y.Sol Parti,yesilsolparti,Diyarbakır,diyarbakir,Diyarbakır,9,Mehmet Emin Aktar,12
Y.Sol Parti,yesilsolparti,Diyarbakır,diyarbakir,Diyarbakır,10,Azad Barış,12
Y.Sol Parti,yesilsolparti,Diyarbakır,diyarbakir,Diyarbakır,11,Sorgül Aytek Avşar,12
Y.Sol Parti,yesilsolparti,Diyarbakır,diyarbakir,Diyarbakır,12,Samet Mengüç,12
YP,yp,Diyarbakır,diyarbakir,Diyarbakır,1,Reşat Güngör,12
YP,yp,Diyarbakır,diyarbakir,Diyarbakır,2,Turhan Kaya,12
YP,yp,Diyarbakır,diyarbakir,Diyarbakır,3,Sedat Şimşek,12
YP,yp,Diyarbakır,diyarbakir,Diyarbakır,4,Doğan Kale,12
YP,yp,Diyarbakır,diyarbakir,Diyarbakır,5,Buğra Bal,12
YP,yp,Diyarbakır,diyarbakir,Diyarbakır,6,Ömer Taşar,12
YP,yp,Diyarbakır,diyarbakir,Diyarbakır,7,Kadir Karakaş,12
YP,yp,Diyarbakır,diyarbakir,Diyarbakır,8,Sergen Demir,12
YP,yp,Diyarbakır,diyarbakir,Diyarbakır,9,Recep Güler,12
YP,yp,Diyarbakır,diyarbakir,Diyarbakır,10,Mehmet Halis Çelik,12
YP,yp,Diyarbakır,diyarbakir,Diyarbakır,11,Cengiz Yılmaz,12
YP,yp,Diyarbakır,diyarbakir,Diyarbakır,12,Adem Yıldız,12
AB,ab,Düzce,duzce,Düzce,1,Muhammet Ali Aksoy,3
AB,ab,Düzce,duzce,Düzce,2,Sedat Cirasun,3
AB,ab,Düzce,duzce,Düzce,3,İbrahim Kızılkaya,3
Adalet,ap,Düzce,duzce,Düzce,1,Ali Us,3
Adalet,ap,Düzce,duzce,Düzce,2,Mehmet Kocaman,3
Adalet,ap,Düzce,duzce,Düzce,3,Fetih Emrah Büyükaslan,3
AK Parti,akparti,Düzce,duzce,Düzce,1,Ayşe Keşir,3
AK Parti,akparti,Düzce,duzce,Düzce,2,Ercan Öztürk,3
AK Parti,akparti,Düzce,duzce,Düzce,3,Hakan Kuşçuoğlu,3
ANAP,anap,Düzce,duzce,Düzce,1,Naci Kaplan,3
ANAP,anap,Düzce,duzce,Düzce,2,Berkan Özdemir,3
ANAP,anap,Düzce,duzce,Düzce,3,Zehra Yahşi,3
Bağımsız,bagimsiz,Düzce,duzce,Düzce,1,Mehmet Yıldız,3
Bağımsız,bagimsiz,Düzce,duzce,Düzce,2,İsmail Çelebi,3
BBP,bbp,Düzce,duzce,Düzce,1,Onur Çetin,3
BBP,bbp,Düzce,duzce,Düzce,2,Mustafa Kalender,3
BBP,bbp,Düzce,duzce,Düzce,3,Emre Erdem,3
CHP,chp,Düzce,duzce,Düzce,1,Talih Özcan,3
CHP,chp,Düzce,duzce,Düzce,2,Hatice Aslıhan Akbal Tüysüz,3
CHP,chp,Düzce,duzce,Düzce,3,Jale Uzunhasan,3
GBP,gbp,Düzce,duzce,Düzce,1,Abdullah Yıldırım,3
GBP,gbp,Düzce,duzce,Düzce,2,Mustafa Furkan Bakış,3
GBP,gbp,Düzce,duzce,Düzce,3,İdris Bozkuş,3
Genç Parti,gencparti,Düzce,duzce,Düzce,1,Ceyhun Ertürk,3
Genç Parti,gencparti,Düzce,duzce,Düzce,2,Hakan Çakır,3
Genç Parti,gencparti,Düzce,duzce,Düzce,3,Murat Özdemir,3
HAK-PAR,hakpar,Düzce,duzce,Düzce,1,Faik Kahraman,3
HAK-PAR,hakpar,Düzce,duzce,Düzce,2,Tuncay Alparslan,3
HAK-PAR,hakpar,Düzce,duzce,Düzce,3,Orhan Bozkurt,3
HKP,hkp,Düzce,duzce,Düzce,1,Özge Kasap,3
HKP,hkp,Düzce,duzce,Düzce,2,Ramazan Kap,3
HKP,hkp,Düzce,duzce,Düzce,3,Mehmet Efe,3
Memleket,memleket,Düzce,duzce,Düzce,1,Uğur Soydaş,3
Memleket,memleket,Düzce,duzce,Düzce,2,Basri Can Soylu,3
Memleket,memleket,Düzce,duzce,Düzce,3,Pınar Poyraz,3
MHP,mhp,Düzce,duzce,Düzce,1,Ümit Yılmaz,3
MHP,mhp,Düzce,duzce,Düzce,2,Rümeysa Ataseven,3
MHP,mhp,Düzce,duzce,Düzce,3,Ömer Albayrak,3
MİLLET,millet,Düzce,duzce,Düzce,1,Selami Coşkunsever,3
MİLLET,millet,Düzce,duzce,Düzce,2,Fehamettin Köroğlu,3
MİLLET,millet,Düzce,duzce,Düzce,3,Nazmi Erbatur,3
Milli Yol,milliyol,Düzce,duzce,Düzce,1,Kamil Bayındır,3
Milli Yol,milliyol,Düzce,duzce,Düzce,2,Ercan Keleş,3
Milli Yol,milliyol,Düzce,duzce,Düzce,3,Ali Osman Bacak,3
Sol Parti,solparti,Düzce,duzce,Düzce,1,Songül İstanbullu,3
Sol Parti,solparti,Düzce,duzce,Düzce,2,Dilara Kurtuluş,3
Sol Parti,solparti,Düzce,duzce,Düzce,3,Yusuf Ersoy,3
TİP,tip,Düzce,duzce,Düzce,1,Alev İşler,3
TİP,tip,Düzce,duzce,Düzce,2,Irmak Saçkesen,3
TİP,tip,Düzce,duzce,Düzce,3,Ebru Şen,3
TKH,tkh,Düzce,duzce,Düzce,1,Nurcan Akkaya,3
TKH,tkh,Düzce,duzce,Düzce,2,Meliha Kara,3
TKH,tkh,Düzce,duzce,Düzce,3,Diyar İşcen,3
TKP,tkp,Düzce,duzce,Düzce,1,Feride Dursun,3
TKP,tkp,Düzce,duzce,Düzce,2,Derviş Bilal Karaca,3
TKP,tkp,Düzce,duzce,Düzce,3,Oğuzhan Pekince,3
Vatan,vatanpartisi,Düzce,duzce,Düzce,1,Fethi Sönmez,3
Vatan,vatanpartisi,Düzce,duzce,Düzce,2,Serap Naz Başar,3
Vatan,vatanpartisi,Düzce,duzce,Düzce,3,Gözen Esmer,3
Y.Refah,yenidenrefah,Düzce,duzce,Düzce,1,Nezir Merttürk,3
Y.Refah,yenidenrefah,Düzce,duzce,Düzce,2,Çiğdem Kulalı Seçkin,3
Y.Refah,yenidenrefah,Düzce,duzce,Düzce,3,Mithat Kütükoğlu,3
Y.Sol Parti,yesilsolparti,Düzce,duzce,Düzce,1,Ekim Devrim Çapartaş,3
Y.Sol Parti,yesilsolparti,Düzce,duzce,Düzce,2,Mustafa Aday,3
Y.Sol Parti,yesilsolparti,Düzce,duzce,Düzce,3,Berivan Budakbeyoğlu,3
YP,yp,Düzce,duzce,Düzce,1,Murat Tozkoparan,3
YP,yp,Düzce,duzce,Düzce,2,Bilal Öztürk,3
YP,yp,Düzce,duzce,Düzce,3,Yusuf Ayın,3
Zafer,zaferpartisi,Düzce,duzce,Düzce,1,Alim Ozan,3
Zafer,zaferpartisi,Düzce,duzce,Düzce,2,Hülya Eroğlu,3
Zafer,zaferpartisi,Düzce,duzce,Düzce,3,Aykut Yıkın,3
AB,ab,Edirne,edirne,Edirne,1,Esra Ürpek,4
AB,ab,Edirne,edirne,Edirne,2,Ruhican Kılıç,4
AB,ab,Edirne,edirne,Edirne,3,Ramazan Durmuş,4
AB,ab,Edirne,edirne,Edirne,4,Abdulkadir Yıldırım,4
Adalet,ap,Edirne,edirne,Edirne,1,Sahin Çetin,4
Adalet,ap,Edirne,edirne,Edirne,2,Hüseyin Üre,4
Adalet,ap,Edirne,edirne,Edirne,3,Tolga Bozdoğan,4
Adalet,ap,Edirne,edirne,Edirne,4,Zeynep Sudenur Karahan,4
AK Parti,akparti,Edirne,edirne,Edirne,1,Fatma Aksal,4
AK Parti,akparti,Edirne,edirne,Edirne,2,Tarık Hatipler,4
AK Parti,akparti,Edirne,edirne,Edirne,3,Erdinç Çekiç,4
AK Parti,akparti,Edirne,edirne,Edirne,4,Sevda Nur Kurban,4
ANAP,anap,Edirne,edirne,Edirne,1,Vakkas Demir,4
ANAP,anap,Edirne,edirne,Edirne,2,Mehmet Emin Kantar,4
ANAP,anap,Edirne,edirne,Edirne,3,Yunus Emre Demir,4
ANAP,anap,Edirne,edirne,Edirne,4,Beyza Çinar,4
Bağımsız,bagimsiz,Edirne,edirne,Edirne,1,Ergin Arslan,4
BBP,bbp,Edirne,edirne,Edirne,1,Seyfi Güler,4
BBP,bbp,Edirne,edirne,Edirne,2,Bayram Ali Tiri,4
BBP,bbp,Edirne,edirne,Edirne,3,Cansu Polat,4
BBP,bbp,Edirne,edirne,Edirne,4,Seda Korkusuz,4
CHP,chp,Edirne,edirne,Edirne,1,Ediz Ün,4
CHP,chp,Edirne,edirne,Edirne,2,Ahmet Baran Yazgan,4
CHP,chp,Edirne,edirne,Edirne,3,Ufuk Kanışkan,4
CHP,chp,Edirne,edirne,Edirne,4,Ahmet Erken,4
Genç Parti,gencparti,Edirne,edirne,Edirne,1,Okan Koşar,4
Genç Parti,gencparti,Edirne,edirne,Edirne,2,İlkay Kapuska,4
Genç Parti,gencparti,Edirne,edirne,Edirne,3,Ercan Erzincanlı,4
Genç Parti,gencparti,Edirne,edirne,Edirne,4,Onur Baranak,4
HAK-PAR,hakpar,Edirne,edirne,Edirne,1,Orhan Çetin,4
HAK-PAR,hakpar,Edirne,edirne,Edirne,2,Yıldız Çimen,4
HAK-PAR,hakpar,Edirne,edirne,Edirne,3,Celile Demir,4
HAK-PAR,hakpar,Edirne,edirne,Edirne,4,Zafer Sankur,4
HKP,hkp,Edirne,edirne,Edirne,1,Zeliha Kıran Erdem,4
HKP,hkp,Edirne,edirne,Edirne,2,Erhan Gün,4
HKP,hkp,Edirne,edirne,Edirne,3,Mehriban Dağ,4
HKP,hkp,Edirne,edirne,Edirne,4,Levent Yıldız,4
İyi Parti,iyiparti,Edirne,edirne,Edirne,1,Mehmet Akalın,4
İyi Parti,iyiparti,Edirne,edirne,Edirne,2,Dilek Kırmızı,4
İyi Parti,iyiparti,Edirne,edirne,Edirne,3,Hasan Hakan Şahin,4
İyi Parti,iyiparti,Edirne,edirne,Edirne,4,Hüseyin Erkin,4
Memleket,memleket,Edirne,edirne,Edirne,1,Erdem Bircan,4
Memleket,memleket,Edirne,edirne,Edirne,2,Beste Sineklidir Kayacık,4
Memleket,memleket,Edirne,edirne,Edirne,3,Cemalettin Erken,4
Memleket,memleket,Edirne,edirne,Edirne,4,Dilek Kınık Gayretçi,4
MHP,mhp,Edirne,edirne,Edirne,1,Ali Özer,4
MHP,mhp,Edirne,edirne,Edirne,2,Ayvaz Yalaza,4
MHP,mhp,Edirne,edirne,Edirne,3,Hatice Ser,4
MHP,mhp,Edirne,edirne,Edirne,4,Hülya Balkan,4
MİLLET,millet,Edirne,edirne,Edirne,1,Necmi Yalın,4
MİLLET,millet,Edirne,edirne,Edirne,2,Hüseyin Abdullahoğlu,4
MİLLET,millet,Edirne,edirne,Edirne,3,Nazif Kaya,4
MİLLET,millet,Edirne,edirne,Edirne,4,Mustafa Şimşek,4
Milli Yol,milliyol,Edirne,edirne,Edirne,1,Arif Köroğlu,4
Milli Yol,milliyol,Edirne,edirne,Edirne,2,Gökay İnğ,4
Milli Yol,milliyol,Edirne,edirne,Edirne,3,Volkan Biçer,4
Milli Yol,milliyol,Edirne,edirne,Edirne,4,Erensoy Erol,4
Sol Parti,solparti,Edirne,edirne,Edirne,1,Ramiz Ülker,4
Sol Parti,solparti,Edirne,edirne,Edirne,2,Osman Demir,4
Sol Parti,solparti,Edirne,edirne,Edirne,3,Celalettin Güngör,4
Sol Parti,solparti,Edirne,edirne,Edirne,4,Rafet Gezen,4
TİP,tip,Edirne,edirne,Edirne,1,Güray Muhçu,4
TİP,tip,Edirne,edirne,Edirne,2,Caner Soydal,4
TİP,tip,Edirne,edirne,Edirne,3,Zelal Özcan,4
TİP,tip,Edirne,edirne,Edirne,4,İlhan Bilecik,4
TKH,tkh,Edirne,edirne,Edirne,1,İlhan Tunca,4
TKH,tkh,Edirne,edirne,Edirne,2,Ezgi Oral Ulucan,4
TKH,tkh,Edirne,edirne,Edirne,3,Gülizar Yorgan,4
TKH,tkh,Edirne,edirne,Edirne,4,Ruhi Çanlıoğlu,4
TKP,tkp,Edirne,edirne,Edirne,1,Ayçe İdil Özden,4
TKP,tkp,Edirne,edirne,Edirne,2,Nurhan Akyüz,4
TKP,tkp,Edirne,edirne,Edirne,3,Muammer Alan,4
TKP,tkp,Edirne,edirne,Edirne,4,Mustafa Alan,4
Vatan,vatanpartisi,Edirne,edirne,Edirne,1,Hasan Ateş,4
Vatan,vatanpartisi,Edirne,edirne,Edirne,2,Çetin Alabak,4
Vatan,vatanpartisi,Edirne,edirne,Edirne,3,Yağmur Biçen,4
Vatan,vatanpartisi,Edirne,edirne,Edirne,4,Şükrü Özer,4
Y.Refah,yenidenrefah,Edirne,edirne,Edirne,1,Aykut Güvenç,4
Y.Refah,yenidenrefah,Edirne,edirne,Edirne,2,Hakan Çalışkan,4
Y.Refah,yenidenrefah,Edirne,edirne,Edirne,3,Tugay Sütcan,4
Y.Refah,yenidenrefah,Edirne,edirne,Edirne,4,İsmail Oral,4
Y.Sol Parti,yesilsolparti,Edirne,edirne,Edirne,1,Hanım Güzel,4
Y.Sol Parti,yesilsolparti,Edirne,edirne,Edirne,2,Serdal Zımba,4
Y.Sol Parti,yesilsolparti,Edirne,edirne,Edirne,3,Özlem Özdemir,4
Y.Sol Parti,yesilsolparti,Edirne,edirne,Edirne,4,Erdal Aydemir,4
YP,yp,Edirne,edirne,Edirne,1,Sabri İnanç Çetin,4
YP,yp,Edirne,edirne,Edirne,2,Recep Canbolat,4
YP,yp,Edirne,edirne,Edirne,3,Nuriye Şahin,4
YP,yp,Edirne,edirne,Edirne,4,Salih Dikmen,4
Zafer,zaferpartisi,Edirne,edirne,Edirne,1,Ülfiye Şendal,4
Zafer,zaferpartisi,Edirne,edirne,Edirne,2,Şenol Oruçoğlu,4
Zafer,zaferpartisi,Edirne,edirne,Edirne,3,Yurdal Ermiş,4
Zafer,zaferpartisi,Edirne,edirne,Edirne,4,İsmail Şen,4
AK Parti,akparti,Elazığ,elazig,Elazığ,1,Erol Keleş,5
AK Parti,akparti,Elazığ,elazig,Elazığ,2,Ejder Açıkkapı,5
AK Parti,akparti,Elazığ,elazig,Elazığ,3,Mahmut Rıdvan Nazırlı,5
AK Parti,akparti,Elazığ,elazig,Elazığ,4,Mücahit Yanılmaz,5
AK Parti,akparti,Elazığ,elazig,Elazığ,5,Hasan Murat Öz,5
ANAP,anap,Elazığ,elazig,Elazığ,1,Yılmaz Ekici,5
ANAP,anap,Elazığ,elazig,Elazığ,2,Muttalip Çapkan,5
ANAP,anap,Elazığ,elazig,Elazığ,3,Yunus Yılmaz,5
ANAP,anap,Elazığ,elazig,Elazığ,4,Uğurcan Kuru,5
ANAP,anap,Elazığ,elazig,Elazığ,5,Ezgi Ergüder,5
Bağımsız,bagimsiz,Elazığ,elazig,Elazığ,1,Emrah Okan,5
Bağımsız,bagimsiz,Elazığ,elazig,Elazığ,2,Cengiz Kaymaz,5
Bağımsız,bagimsiz,Elazığ,elazig,Elazığ,3,Bilal Çoban,5
Bağımsız,bagimsiz,Elazığ,elazig,Elazığ,4,Muhammet Haci Güneş,5
Bağımsız,bagimsiz,Elazığ,elazig,Elazığ,5,Yasemin Açık,5
BBP,bbp,Elazığ,elazig,Elazığ,1,Ömer Ertan,5
BBP,bbp,Elazığ,elazig,Elazığ,2,Mustafa Kırat,5
BBP,bbp,Elazığ,elazig,Elazığ,3,Hatice Geyik,5
BBP,bbp,Elazığ,elazig,Elazığ,4,Cahit Topçu,5
BBP,bbp,Elazığ,elazig,Elazığ,5,Zenur Tepe,5
CHP,chp,Elazığ,elazig,Elazığ,1,Gürsel Erol,5
CHP,chp,Elazığ,elazig,Elazığ,2,Abdullah Akın,5
CHP,chp,Elazığ,elazig,Elazığ,3,Ahmet Yıldız,5
CHP,chp,Elazığ,elazig,Elazığ,4,Alım Özdemir,5
CHP,chp,Elazığ,elazig,Elazığ,5,Azat Alınak,5
Genç Parti,gencparti,Elazığ,elazig,Elazığ,1,Yusuf Teymur,5
Genç Parti,gencparti,Elazığ,elazig,Elazığ,2,Mehmet Topcuoğlu,5
Genç Parti,gencparti,Elazığ,elazig,Elazığ,3,Nazife Topcuoğlu,5
Genç Parti,gencparti,Elazığ,elazig,Elazığ,4,Barış Bayat,5
Genç Parti,gencparti,Elazığ,elazig,Elazığ,5,Cihan Kaptan,5
HAK-PAR,hakpar,Elazığ,elazig,Elazığ,1,Siracettin Sarı,5
HAK-PAR,hakpar,Elazığ,elazig,Elazığ,2,Kemal Yıldız,5
HAK-PAR,hakpar,Elazığ,elazig,Elazığ,3,Mehmet Zeki Sarı,5
HAK-PAR,hakpar,Elazığ,elazig,Elazığ,4,Vedat Gedikoğlu,5
HAK-PAR,hakpar,Elazığ,elazig,Elazığ,5,Hüseyin Adıgüzel,5
HKP,hkp,Elazığ,elazig,Elazığ,1,Özcan Ergül,5
HKP,hkp,Elazığ,elazig,Elazığ,2,Hidayet Arslan,5
HKP,hkp,Elazığ,elazig,Elazığ,3,Erdoğan Erez,5
HKP,hkp,Elazığ,elazig,Elazığ,4,Evrim Yıldız,5
HKP,hkp,Elazığ,elazig,Elazığ,5,Hakan Yetgin,5
İyi Parti,iyiparti,Elazığ,elazig,Elazığ,1,İrfan Sönmez,5
İyi Parti,iyiparti,Elazığ,elazig,Elazığ,2,Yüksel Ercan,5
İyi Parti,iyiparti,Elazığ,elazig,Elazığ,3,Abdulkerim Eflatun,5
İyi Parti,iyiparti,Elazığ,elazig,Elazığ,4,Şenay Aladağ Demirel,5
İyi Parti,iyiparti,Elazığ,elazig,Elazığ,5,Nahit Baykara,5
Memleket,memleket,Elazığ,elazig,Elazığ,1,Ömer Kan,5
Memleket,memleket,Elazığ,elazig,Elazığ,2,Kürşad Arslan,5
Memleket,memleket,Elazığ,elazig,Elazığ,3,Enes Faruk Nom,5
Memleket,memleket,Elazığ,elazig,Elazığ,4,Hasan Saltuk Tayanç,5
Memleket,memleket,Elazığ,elazig,Elazığ,5,Özgür Kale,5
MHP,mhp,Elazığ,elazig,Elazığ,1,Semih Işıkver,5
MHP,mhp,Elazığ,elazig,Elazığ,2,Oğuzhan Demir,5
MHP,mhp,Elazığ,elazig,Elazığ,3,Hakan Kuzu,5
MHP,mhp,Elazığ,elazig,Elazığ,4,Yunus Genç,5
MHP,mhp,Elazığ,elazig,Elazığ,5,Fatma Sevinç Oğuzhan,5
MİLLET,millet,Elazığ,elazig,Elazığ,1,Mustafa Korkmaz,5
MİLLET,millet,Elazığ,elazig,Elazığ,2,Hamdi Erdem,5
MİLLET,millet,Elazığ,elazig,Elazığ,3,Dursun Işık,5
MİLLET,millet,Elazığ,elazig,Elazığ,4,Emin Özsoy,5
MİLLET,millet,Elazığ,elazig,Elazığ,5,Ramazan Sevindik,5
Milli Yol,milliyol,Elazığ,elazig,Elazığ,1,Burak Uslu,5
Milli Yol,milliyol,Elazığ,elazig,Elazığ,2,Osman İndibay,5
Milli Yol,milliyol,Elazığ,elazig,Elazığ,3,Mine Karakaş,5
Milli Yol,milliyol,Elazığ,elazig,Elazığ,4,Cengizhan Yurttaş,5
Milli Yol,milliyol,Elazığ,elazig,Elazığ,5,Sebahattin İçen,5
Sol Parti,solparti,Elazığ,elazig,Elazığ,1,Murat Çelikdağ,5
Sol Parti,solparti,Elazığ,elazig,Elazığ,2,Onur Kemal Yenigül,5
Sol Parti,solparti,Elazığ,elazig,Elazığ,3,Selami Akbıyık,5
Sol Parti,solparti,Elazığ,elazig,Elazığ,4,Mehmet Şahin,5
Sol Parti,solparti,Elazığ,elazig,Elazığ,5,Özgün Taner Kara,5
TKH,tkh,Elazığ,elazig,Elazığ,1,Erdinç Demir,5
TKH,tkh,Elazığ,elazig,Elazığ,2,Sevinç Demir,5
TKH,tkh,Elazığ,elazig,Elazığ,3,Deniz Demir,5
TKH,tkh,Elazığ,elazig,Elazığ,4,Ergin Er,5
TKH,tkh,Elazığ,elazig,Elazığ,5,Fatma Gülgen,5
TKP,tkp,Elazığ,elazig,Elazığ,1,Didem Kurtulmaz,5
TKP,tkp,Elazığ,elazig,Elazığ,2,Muammer Can Korkor,5
TKP,tkp,Elazığ,elazig,Elazığ,3,Adnan Atay,5
TKP,tkp,Elazığ,elazig,Elazığ,4,Volkan Emre Çalı,5
TKP,tkp,Elazığ,elazig,Elazığ,5,Mert Şahin,5
Vatan,vatanpartisi,Elazığ,elazig,Elazığ,1,Kahraman Taşkın,5
Vatan,vatanpartisi,Elazığ,elazig,Elazığ,2,Kadir Mum,5
Vatan,vatanpartisi,Elazığ,elazig,Elazığ,3,Atilla Bulut,5
Vatan,vatanpartisi,Elazığ,elazig,Elazığ,4,İsmet Sevim,5
Vatan,vatanpartisi,Elazığ,elazig,Elazığ,5,Kazim Üstün,5
Y.Refah,yenidenrefah,Elazığ,elazig,Elazığ,1,Mehmet Çavaş,5
Y.Refah,yenidenrefah,Elazığ,elazig,Elazığ,2,Melih Yunus Güneş,5
Y.Refah,yenidenrefah,Elazığ,elazig,Elazığ,3,Mehmet Tan,5
Y.Refah,yenidenrefah,Elazığ,elazig,Elazığ,4,Salih Satıcı,5
Y.Refah,yenidenrefah,Elazığ,elazig,Elazığ,5,Hatice Zorbozan,5
Y.Sol Parti,yesilsolparti,Elazığ,elazig,Elazığ,1,Savaş Erdoğan,5
Y.Sol Parti,yesilsolparti,Elazığ,elazig,Elazığ,2,Nurşat Yeşil,5
Y.Sol Parti,yesilsolparti,Elazığ,elazig,Elazığ,3,Ramazan Zırığ,5
Y.Sol Parti,yesilsolparti,Elazığ,elazig,Elazığ,4,Sultan Yaray,5
Y.Sol Parti,yesilsolparti,Elazığ,elazig,Elazığ,5,Hadi Konar,5
YP,yp,Elazığ,elazig,Elazığ,1,Fatma Delioğlu,5
YP,yp,Elazığ,elazig,Elazığ,2,Mehmet Sertkaya,5
YP,yp,Elazığ,elazig,Elazığ,3,Burhan Ergen,5
YP,yp,Elazığ,elazig,Elazığ,4,Melisa Mutlu,5
YP,yp,Elazığ,elazig,Elazığ,5,Şükrü Karagöz,5
Zafer,zaferpartisi,Elazığ,elazig,Elazığ,1,Muhammed Onur Omrak,5
Zafer,zaferpartisi,Elazığ,elazig,Elazığ,2,Eren Öztürkmen,5
Zafer,zaferpartisi,Elazığ,elazig,Elazığ,3,Umay Tatar,5
Zafer,zaferpartisi,Elazığ,elazig,Elazığ,4,Mehmet Çetinkaya,5
Zafer,zaferpartisi,Elazığ,elazig,Elazığ,5,Ümit Kavaklı,5
Adalet,ap,Erzincan,erzincan,Erzincan,1,Gülüzar Gedik,2
Adalet,ap,Erzincan,erzincan,Erzincan,2,Erkan Cerav,2
AK Parti,akparti,Erzincan,erzincan,Erzincan,1,Süleyman Karaman,2
AK Parti,akparti,Erzincan,erzincan,Erzincan,2,Mehmet Cavit Şireci,2
ANAP,anap,Erzincan,erzincan,Erzincan,1,Ali Aydın,2
ANAP,anap,Erzincan,erzincan,Erzincan,2,Narin Arıöz,2
Bağımsız,bagimsiz,Erzincan,erzincan,Erzincan,1,Tolga Altınoluk,2
BBP,bbp,Erzincan,erzincan,Erzincan,1,Murat Kılıvan,2
BBP,bbp,Erzincan,erzincan,Erzincan,2,Yaşar Günnar,2
CHP,chp,Erzincan,erzincan,Erzincan,1,Mustafa Sarıgül,2
CHP,chp,Erzincan,erzincan,Erzincan,2,Ufuk Aktaş,2
GBP,gbp,Erzincan,erzincan,Erzincan,1,Bora Başoğlu,2
GBP,gbp,Erzincan,erzincan,Erzincan,2,Mevlüt Akkafa,2
Genç Parti,gencparti,Erzincan,erzincan,Erzincan,1,Muhammed Erdem Yeşilbaş,2
Genç Parti,gencparti,Erzincan,erzincan,Erzincan,2,Eyyup Gürgün,2
HAK-PAR,hakpar,Erzincan,erzincan,Erzincan,1,Necati Tank,2
HAK-PAR,hakpar,Erzincan,erzincan,Erzincan,2,Nejla Sezer,2
HKP,hkp,Erzincan,erzincan,Erzincan,1,Şule Eroğlu,2
HKP,hkp,Erzincan,erzincan,Erzincan,2,Erdal Özarslan,2
Memleket,memleket,Erzincan,erzincan,Erzincan,1,Miraç Tahsin Yanar,2
Memleket,memleket,Erzincan,erzincan,Erzincan,2,Sabrullah Ekinci,2
MHP,mhp,Erzincan,erzincan,Erzincan,1,Cemil Yavuz Aksu,2
MHP,mhp,Erzincan,erzincan,Erzincan,2,Aziz Gün,2
MİLLET,millet,Erzincan,erzincan,Erzincan,1,İkram Bekir Dengiz,2
MİLLET,millet,Erzincan,erzincan,Erzincan,2,Hüseyin Çügen,2
Sol Parti,solparti,Erzincan,erzincan,Erzincan,1,Fidan Aydın,2
Sol Parti,solparti,Erzincan,erzincan,Erzincan,2,Ali İhsan Uysal,2
TİP,tip,Erzincan,erzincan,Erzincan,1,Müslim Etleç,2
TİP,tip,Erzincan,erzincan,Erzincan,2,Ünal Özçelik,2
TKH,tkh,Erzincan,erzincan,Erzincan,1,Özcan Çataltepe,2
TKH,tkh,Erzincan,erzincan,Erzincan,2,Gürseli Kara,2
TKP,tkp,Erzincan,erzincan,Erzincan,1,Dilek Aydoğdu,2
TKP,tkp,Erzincan,erzincan,Erzincan,2,Kadir Koç,2
Vatan,vatanpartisi,Erzincan,erzincan,Erzincan,1,Nevzat Yıldırım,2
Vatan,vatanpartisi,Erzincan,erzincan,Erzincan,2,Bülent Gündüz,2
Y.Refah,yenidenrefah,Erzincan,erzincan,Erzincan,1,Emrah Bayındır,2
Y.Refah,yenidenrefah,Erzincan,erzincan,Erzincan,2,Ahmet Akdağ,2
Y.Sol Parti,yesilsolparti,Erzincan,erzincan,Erzincan,1,Haydar Polat,2
Y.Sol Parti,yesilsolparti,Erzincan,erzincan,Erzincan,2,Dilber Demir,2
YP,yp,Erzincan,erzincan,Erzincan,1,Cemil Aygün,2
YP,yp,Erzincan,erzincan,Erzincan,2,Mahsun Yaşar,2
Zafer,zaferpartisi,Erzincan,erzincan,Erzincan,1,Cengiz Türk,2
Zafer,zaferpartisi,Erzincan,erzincan,Erzincan,2,Sefa Polat,2
AB,ab,Erzurum,erzurum,Erzurum,1,Elif Kızılkaya,6
AB,ab,Erzurum,erzurum,Erzurum,2,Mustafa Şen,6
AB,ab,Erzurum,erzurum,Erzurum,3,Recep Yılmaz,6
AB,ab,Erzurum,erzurum,Erzurum,4,İbrahim Yılmaz,6
AB,ab,Erzurum,erzurum,Erzurum,5,Sefayi Dağdemir,6
AB,ab,Erzurum,erzurum,Erzurum,6,Oğuzhan Kızılkaya,6
Adalet,ap,Erzurum,erzurum,Erzurum,1,Harun İstek,6
Adalet,ap,Erzurum,erzurum,Erzurum,2,Muhammet Emin Torun,6
Adalet,ap,Erzurum,erzurum,Erzurum,3,Zafer Özçakır,6
Adalet,ap,Erzurum,erzurum,Erzurum,4,Adem Yılmaz,6
Adalet,ap,Erzurum,erzurum,Erzurum,5,Cihan Dursun,6
Adalet,ap,Erzurum,erzurum,Erzurum,6,Mustafa Pehlivan,6
AK Parti,akparti,Erzurum,erzurum,Erzurum,1,Selami Altınok,6
AK Parti,akparti,Erzurum,erzurum,Erzurum,2,Fatma Öncü,6
AK Parti,akparti,Erzurum,erzurum,Erzurum,3,Mehmet Emin Öz,6
AK Parti,akparti,Erzurum,erzurum,Erzurum,4,Abdurrahim Fırat,6
AK Parti,akparti,Erzurum,erzurum,Erzurum,5,Ayşe Deniz Çelik,6
AK Parti,akparti,Erzurum,erzurum,Erzurum,6,Muhammed Gökberk Kocaaliler,6
Bağımsız,bagimsiz,Erzurum,erzurum,Erzurum,1,İslam Yıldırım,6
BBP,bbp,Erzurum,erzurum,Erzurum,1,Şafak Ertan Çomaklı,6
BBP,bbp,Erzurum,erzurum,Erzurum,2,İbrahim Kınık,6
BBP,bbp,Erzurum,erzurum,Erzurum,3,Erdem Alkuş,6
BBP,bbp,Erzurum,erzurum,Erzurum,4,Permin Şenol,6
BBP,bbp,Erzurum,erzurum,Erzurum,5,Yunus Buğra Erdoğan,6
BBP,bbp,Erzurum,erzurum,Erzurum,6,Yakup Demir,6
CHP,chp,Erzurum,erzurum,Erzurum,1,Ayhan Koç,6
CHP,chp,Erzurum,erzurum,Erzurum,2,Murat Ozan,6
CHP,chp,Erzurum,erzurum,Erzurum,3,Celal Zunguldak,6
CHP,chp,Erzurum,erzurum,Erzurum,4,Serhat Can Eş,6
CHP,chp,Erzurum,erzurum,Erzurum,5,Erdinç Okanlı,6
CHP,chp,Erzurum,erzurum,Erzurum,6,İslam Tekmanlı,6
HAK-PAR,hakpar,Erzurum,erzurum,Erzurum,1,İbrahim Polat,6
HAK-PAR,hakpar,Erzurum,erzurum,Erzurum,2,Güler Kokum,6
HAK-PAR,hakpar,Erzurum,erzurum,Erzurum,3,Fatma Buhur,6
HAK-PAR,hakpar,Erzurum,erzurum,Erzurum,4,Ceyhan Yıldırım,6
HAK-PAR,hakpar,Erzurum,erzurum,Erzurum,5,Mehmet Cemal Çetiner,6
HAK-PAR,hakpar,Erzurum,erzurum,Erzurum,6,Alev Polat,6
HKP,hkp,Erzurum,erzurum,Erzurum,1,Sultan Kıran,6
HKP,hkp,Erzurum,erzurum,Erzurum,2,Mevlüt Korkmaz,6
HKP,hkp,Erzurum,erzurum,Erzurum,3,Sabahat Güldemir,6
HKP,hkp,Erzurum,erzurum,Erzurum,4,Selvihan Güler,6
HKP,hkp,Erzurum,erzurum,Erzurum,5,İbrahim Özçelik,6
HKP,hkp,Erzurum,erzurum,Erzurum,6,Nihat Dama,6
İyi Parti,iyiparti,Erzurum,erzurum,Erzurum,1,Zekai Kaya,6
İyi Parti,iyiparti,Erzurum,erzurum,Erzurum,2,Melih Kırkpınar,6
İyi Parti,iyiparti,Erzurum,erzurum,Erzurum,3,Fatma Canan Uçar,6
İyi Parti,iyiparti,Erzurum,erzurum,Erzurum,4,Fatih Aras,6
İyi Parti,iyiparti,Erzurum,erzurum,Erzurum,5,Fatih Karataş,6
İyi Parti,iyiparti,Erzurum,erzurum,Erzurum,6,Ertuğrul Asiltürk,6
Memleket,memleket,Erzurum,erzurum,Erzurum,1,Burak Gönder,6
Memleket,memleket,Erzurum,erzurum,Erzurum,2,Gencebay Ekrem Atalay,6
Memleket,memleket,Erzurum,erzurum,Erzurum,3,Edanur Uludağ Karadaş,6
Memleket,memleket,Erzurum,erzurum,Erzurum,4,Hamza Çepni,6
Memleket,memleket,Erzurum,erzurum,Erzurum,5,Oğuzcan Barın,6
Memleket,memleket,Erzurum,erzurum,Erzurum,6,Umut Orbey,6
MHP,mhp,Erzurum,erzurum,Erzurum,1,Kamil Aydın,6
MHP,mhp,Erzurum,erzurum,Erzurum,2,Muhammet Hanifi Macit,6
MHP,mhp,Erzurum,erzurum,Erzurum,3,Ömer Haluk Pirimoğlu,6
MHP,mhp,Erzurum,erzurum,Erzurum,4,Naim Karataş,6
MHP,mhp,Erzurum,erzurum,Erzurum,5,Mehmet Musa Çakır,6
MHP,mhp,Erzurum,erzurum,Erzurum,6,Sinan Demircioğlu,6
MİLLET,millet,Erzurum,erzurum,Erzurum,1,Ali Ünal,6
MİLLET,millet,Erzurum,erzurum,Erzurum,2,İbrahim Korkmaz,6
MİLLET,millet,Erzurum,erzurum,Erzurum,3,Abdullah Nacır,6
MİLLET,millet,Erzurum,erzurum,Erzurum,4,Bayram Tutar,6
MİLLET,millet,Erzurum,erzurum,Erzurum,5,Yüksel Uçar,6
MİLLET,millet,Erzurum,erzurum,Erzurum,6,Rifat Akbaş,6
Milli Yol,milliyol,Erzurum,erzurum,Erzurum,1,Cavit Babur,6
Milli Yol,milliyol,Erzurum,erzurum,Erzurum,2,Adnan Ayhan,6
Milli Yol,milliyol,Erzurum,erzurum,Erzurum,3,Zafer Kaza,6
Milli Yol,milliyol,Erzurum,erzurum,Erzurum,4,Ahmet Taniş,6
Milli Yol,milliyol,Erzurum,erzurum,Erzurum,5,Naci Kırık,6
Milli Yol,milliyol,Erzurum,erzurum,Erzurum,6,Bünyamin Akbaş,6
Sol Parti,solparti,Erzurum,erzurum,Erzurum,1,Hasan Ateş,6
Sol Parti,solparti,Erzurum,erzurum,Erzurum,2,Ahmet Aydın,6
Sol Parti,solparti,Erzurum,erzurum,Erzurum,3,Olgu Önge,6
Sol Parti,solparti,Erzurum,erzurum,Erzurum,4,Celalettin Şahin,6
Sol Parti,solparti,Erzurum,erzurum,Erzurum,5,Ünal Kartal,6
Sol Parti,solparti,Erzurum,erzurum,Erzurum,6,Eren Çavuşoğlu,6
TKH,tkh,Erzurum,erzurum,Erzurum,1,Ceyda Cimilli Akaydın,6
TKH,tkh,Erzurum,erzurum,Erzurum,2,Serkan Bircan,6
TKH,tkh,Erzurum,erzurum,Erzurum,3,Hüseyin Kılıçaslan,6
TKH,tkh,Erzurum,erzurum,Erzurum,4,Uğur Yıldırım,6
TKH,tkh,Erzurum,erzurum,Erzurum,5,Nuriye Yıldırım,6
TKH,tkh,Erzurum,erzurum,Erzurum,6,Yağmur Balıkçı,6
TKP,tkp,Erzurum,erzurum,Erzurum,1,Engin Kuş,6
TKP,tkp,Erzurum,erzurum,Erzurum,2,Eshat Aydın,6
TKP,tkp,Erzurum,erzurum,Erzurum,3,Lütfi Toprak,6
TKP,tkp,Erzurum,erzurum,Erzurum,4,Eyup Aydın,6
TKP,tkp,Erzurum,erzurum,Erzurum,5,Eylem Özer,6
TKP,tkp,Erzurum,erzurum,Erzurum,6,Kadir Pekgüzel,6
Vatan,vatanpartisi,Erzurum,erzurum,Erzurum,1,Nedim Gültekin,6
Vatan,vatanpartisi,Erzurum,erzurum,Erzurum,2,Mehmet Akif Ceylan,6
Vatan,vatanpartisi,Erzurum,erzurum,Erzurum,3,Oğuz Karlıbel,6
Vatan,vatanpartisi,Erzurum,erzurum,Erzurum,4,Teoman Alver,6
Vatan,vatanpartisi,Erzurum,erzurum,Erzurum,5,Özlem Biçer,6
Vatan,vatanpartisi,Erzurum,erzurum,Erzurum,6,Halil Yiğit Gök,6
Y.Refah,yenidenrefah,Erzurum,erzurum,Erzurum,1,Adnan Bozan,6
Y.Refah,yenidenrefah,Erzurum,erzurum,Erzurum,2,Sadık Çat,6
Y.Refah,yenidenrefah,Erzurum,erzurum,Erzurum,3,Cemal Okan Papuccu,6
Y.Refah,yenidenrefah,Erzurum,erzurum,Erzurum,4,İhsan Baki,6
Y.Refah,yenidenrefah,Erzurum,erzurum,Erzurum,5,Tuğrul Soylu,6
Y.Refah,yenidenrefah,Erzurum,erzurum,Erzurum,6,Mehmet Berk,6
Y.Sol Parti,yesilsolparti,Erzurum,erzurum,Erzurum,1,Meral Danış Beştaş,6
Y.Sol Parti,yesilsolparti,Erzurum,erzurum,Erzurum,2,Abdurrahman Sever,6
Y.Sol Parti,yesilsolparti,Erzurum,erzurum,Erzurum,3,Bahar Göksu,6
Y.Sol Parti,yesilsolparti,Erzurum,erzurum,Erzurum,4,Niyazi Aras,6
Y.Sol Parti,yesilsolparti,Erzurum,erzurum,Erzurum,5,Ayşan Tarlan,6
Y.Sol Parti,yesilsolparti,Erzurum,erzurum,Erzurum,6,Harun Değer,6
YP,yp,Erzurum,erzurum,Erzurum,1,Aykut Yaşar,6
YP,yp,Erzurum,erzurum,Erzurum,2,Emre Sever,6
YP,yp,Erzurum,erzurum,Erzurum,3,Ersan Günel,6
YP,yp,Erzurum,erzurum,Erzurum,4,Hacı Yusuf Altay,6
YP,yp,Erzurum,erzurum,Erzurum,5,Selman Çakır,6
YP,yp,Erzurum,erzurum,Erzurum,6,Serhat Özer,6
Zafer,zaferpartisi,Erzurum,erzurum,Erzurum,1,Fatih Aygün,6
Zafer,zaferpartisi,Erzurum,erzurum,Erzurum,2,Abdulhamit Uzun,6
Zafer,zaferpartisi,Erzurum,erzurum,Erzurum,3,Tuba Uysal,6
Zafer,zaferpartisi,Erzurum,erzurum,Erzurum,4,Yakup Kaya,6
Zafer,zaferpartisi,Erzurum,erzurum,Erzurum,5,Mustafa Dönmez,6
Zafer,zaferpartisi,Erzurum,erzurum,Erzurum,6,Ekrem Budak,6
AK Parti,akparti,Eskişehir,eskisehir,Eskişehir,1,Fatih Dönmez,6
AK Parti,akparti,Eskişehir,eskisehir,Eskişehir,2,Ayşen Gürcan,6
AK Parti,akparti,Eskişehir,eskisehir,Eskişehir,3,Ali Demirel,6
AK Parti,akparti,Eskişehir,eskisehir,Eskişehir,4,Hakan Çizmelioğlu,6
AK Parti,akparti,Eskişehir,eskisehir,Eskişehir,5,Pınar Turhanoğlu Gücüyener,6
AK Parti,akparti,Eskişehir,eskisehir,Eskişehir,6,Derya Çıraklı,6
Bağımsız,bagimsiz,Eskişehir,eskisehir,Eskişehir,1,Güray Kocabaş,6
BBP,bbp,Eskişehir,eskisehir,Eskişehir,1,Kemal Erkan Sarmaşık,6
BBP,bbp,Eskişehir,eskisehir,Eskişehir,2,Salim Acabay,6
BBP,bbp,Eskişehir,eskisehir,Eskişehir,3,Gökhan Ünver,6
BBP,bbp,Eskişehir,eskisehir,Eskişehir,4,Sema İkizoğlu,6
BBP,bbp,Eskişehir,eskisehir,Eskişehir,5,Zafer Harman,6
BBP,bbp,Eskişehir,eskisehir,Eskişehir,6,Murat Şişman,6
CHP,chp,Eskişehir,eskisehir,Eskişehir,1,Utku Çakırözer,6
CHP,chp,Eskişehir,eskisehir,Eskişehir,2,Jale Nur Süllü,6
CHP,chp,Eskişehir,eskisehir,Eskişehir,3,İbrahim Arslan,6
CHP,chp,Eskişehir,eskisehir,Eskişehir,4,Abdülkadir Adar,6
CHP,chp,Eskişehir,eskisehir,Eskişehir,5,İpek Çelik,6
CHP,chp,Eskişehir,eskisehir,Eskişehir,6,Aysu Bahar Gürlek,6
GBP,gbp,Eskişehir,eskisehir,Eskişehir,1,Salih Güven,6
GBP,gbp,Eskişehir,eskisehir,Eskişehir,2,Aytekin Civelek,6
GBP,gbp,Eskişehir,eskisehir,Eskişehir,3,Emre Boyacı,6
GBP,gbp,Eskişehir,eskisehir,Eskişehir,4,Okhay Filik,6
GBP,gbp,Eskişehir,eskisehir,Eskişehir,5,Kemal Yılmaz,6
GBP,gbp,Eskişehir,eskisehir,Eskişehir,6,Mustafa Irmak,6
Genç Parti,gencparti,Eskişehir,eskisehir,Eskişehir,1,Osman Çermek,6
Genç Parti,gencparti,Eskişehir,eskisehir,Eskişehir,2,Sertal Özuçak,6
Genç Parti,gencparti,Eskişehir,eskisehir,Eskişehir,3,Ümran Ayday,6
Genç Parti,gencparti,Eskişehir,eskisehir,Eskişehir,4,Cevat Bekci,6
Genç Parti,gencparti,Eskişehir,eskisehir,Eskişehir,5,Ülkü Koyak,6
Genç Parti,gencparti,Eskişehir,eskisehir,Eskişehir,6,Nesrin Uzunkaya,6
HAK-PAR,hakpar,Eskişehir,eskisehir,Eskişehir,1,Ayten Argış,6
HAK-PAR,hakpar,Eskişehir,eskisehir,Eskişehir,2,Sadettin Etdöğer,6
HAK-PAR,hakpar,Eskişehir,eskisehir,Eskişehir,3,Devran Kahraman,6
HAK-PAR,hakpar,Eskişehir,eskisehir,Eskişehir,4,Düzgün Ali Korucu,6
HAK-PAR,hakpar,Eskişehir,eskisehir,Eskişehir,5,Arif Altek,6
HAK-PAR,hakpar,Eskişehir,eskisehir,Eskişehir,6,Esra Duran,6
HKP,hkp,Eskişehir,eskisehir,Eskişehir,1,Adnan Okur,6
HKP,hkp,Eskişehir,eskisehir,Eskişehir,2,Doğanay Hızal,6
HKP,hkp,Eskişehir,eskisehir,Eskişehir,3,Oğuz Can,6
HKP,hkp,Eskişehir,eskisehir,Eskişehir,4,Mustafa Dikmen,6
HKP,hkp,Eskişehir,eskisehir,Eskişehir,5,Mert Taşdemir,6
HKP,hkp,Eskişehir,eskisehir,Eskişehir,6,Hüseyin Ceylan,6
İyi Parti,iyiparti,Eskişehir,eskisehir,Eskişehir,1,İdris Nebi Hatipoğlu,6
İyi Parti,iyiparti,Eskişehir,eskisehir,Eskişehir,2,Özlem Ayrancı,6
İyi Parti,iyiparti,Eskişehir,eskisehir,Eskişehir,3,Melih Aydın,6
İyi Parti,iyiparti,Eskişehir,eskisehir,Eskişehir,4,Bülent Öndeş,6
İyi Parti,iyiparti,Eskişehir,eskisehir,Eskişehir,5,Hakan Kaymak,6
İyi Parti,iyiparti,Eskişehir,eskisehir,Eskişehir,6,Yağmur Gürsöğüt,6
Memleket,memleket,Eskişehir,eskisehir,Eskişehir,1,İlhan Düzyürek,6
Memleket,memleket,Eskişehir,eskisehir,Eskişehir,2,İsmail Ceyhan,6
Memleket,memleket,Eskişehir,eskisehir,Eskişehir,3,Neslihan Boztepe Demirbilek,6
Memleket,memleket,Eskişehir,eskisehir,Eskişehir,4,Salih Eskici,6
Memleket,memleket,Eskişehir,eskisehir,Eskişehir,5,Dorukhan Demirel,6
Memleket,memleket,Eskişehir,eskisehir,Eskişehir,6,Enes Erdönmez,6
MHP,mhp,Eskişehir,eskisehir,Eskişehir,1,Bülent Maşaoğlu,6
MHP,mhp,Eskişehir,eskisehir,Eskişehir,2,Leman Sivri,6
MHP,mhp,Eskişehir,eskisehir,Eskişehir,3,Muhammet Bahadır Ayas,6
MHP,mhp,Eskişehir,eskisehir,Eskişehir,4,Mustafa Enes Süzen,6
MHP,mhp,Eskişehir,eskisehir,Eskişehir,5,Emre Karabacak,6
MHP,mhp,Eskişehir,eskisehir,Eskişehir,6,Oğuzhan Ünal,6
MİLLET,millet,Eskişehir,eskisehir,Eskişehir,1,Mehmed Emin Özdemir,6
MİLLET,millet,Eskişehir,eskisehir,Eskişehir,2,İbrahim Çelik,6
MİLLET,millet,Eskişehir,eskisehir,Eskişehir,3,Mustafa Has,6
MİLLET,millet,Eskişehir,eskisehir,Eskişehir,4,Ahmet Pınarcı,6
MİLLET,millet,Eskişehir,eskisehir,Eskişehir,5,Davut Uygun,6
MİLLET,millet,Eskişehir,eskisehir,Eskişehir,6,Şevket Bingöl,6
Milli Yol,milliyol,Eskişehir,eskisehir,Eskişehir,1,Kadir Kılınçal,6
Milli Yol,milliyol,Eskişehir,eskisehir,Eskişehir,2,Kazım Uzan,6
Milli Yol,milliyol,Eskişehir,eskisehir,Eskişehir,3,Mefaret Noğan,6
Milli Yol,milliyol,Eskişehir,eskisehir,Eskişehir,4,Atilla Toraman,6
Milli Yol,milliyol,Eskişehir,eskisehir,Eskişehir,5,Yasemin Ekiz,6
Milli Yol,milliyol,Eskişehir,eskisehir,Eskişehir,6,Züleyha Yalçın,6
Sol Parti,solparti,Eskişehir,eskisehir,Eskişehir,1,Ali Paşa Şanlı,6
Sol Parti,solparti,Eskişehir,eskisehir,Eskişehir,2,Hüseyin Öztürk,6
Sol Parti,solparti,Eskişehir,eskisehir,Eskişehir,3,Mert Bulut,6
Sol Parti,solparti,Eskişehir,eskisehir,Eskişehir,4,Nazire Çakmak,6
Sol Parti,solparti,Eskişehir,eskisehir,Eskişehir,5,Özlem Bahçeci,6
Sol Parti,solparti,Eskişehir,eskisehir,Eskişehir,6,Zekiye Öztürk,6
TİP,tip,Eskişehir,eskisehir,Eskişehir,1,Gökay Başar,6
TİP,tip,Eskişehir,eskisehir,Eskişehir,2,Fatma Girgin,6
TİP,tip,Eskişehir,eskisehir,Eskişehir,3,Ayhan Kaya,6
TİP,tip,Eskişehir,eskisehir,Eskişehir,4,Aslıhan Tere,6
TİP,tip,Eskişehir,eskisehir,Eskişehir,5,Bedi Uygar Uğurlu,6
TİP,tip,Eskişehir,eskisehir,Eskişehir,6,Yalçın Komşu,6
TKH,tkh,Eskişehir,eskisehir,Eskişehir,1,Ekim Orhan İsmi,6
TKH,tkh,Eskişehir,eskisehir,Eskişehir,2,Deniz Kurt,6
TKH,tkh,Eskişehir,eskisehir,Eskişehir,3,Murat Ünal,6
TKH,tkh,Eskişehir,eskisehir,Eskişehir,4,Sakine Yorgan,6
TKH,tkh,Eskişehir,eskisehir,Eskişehir,5,Atakan Akaslan,6
TKH,tkh,Eskişehir,eskisehir,Eskişehir,6,Buket Ünal,6
TKP,tkp,Eskişehir,eskisehir,Eskişehir,1,Celal Öngel,6
TKP,tkp,Eskişehir,eskisehir,Eskişehir,2,Dursun Alkan,6
TKP,tkp,Eskişehir,eskisehir,Eskişehir,3,Taylan Ferhat Adıgüzel,6
TKP,tkp,Eskişehir,eskisehir,Eskişehir,4,Berkan Kaplan,6
TKP,tkp,Eskişehir,eskisehir,Eskişehir,5,Muhammed Mustafa Yazgan,6
TKP,tkp,Eskişehir,eskisehir,Eskişehir,6,Mübeccel Keser,6
Vatan,vatanpartisi,Eskişehir,eskisehir,Eskişehir,1,Temel Aras,6
Vatan,vatanpartisi,Eskişehir,eskisehir,Eskişehir,2,Raif Eşkinat,6
Vatan,vatanpartisi,Eskişehir,eskisehir,Eskişehir,3,Mesut Tuna,6
Vatan,vatanpartisi,Eskişehir,eskisehir,Eskişehir,4,Hilal Aydın,6
Vatan,vatanpartisi,Eskişehir,eskisehir,Eskişehir,5,İsmail Bayraktar,6
Vatan,vatanpartisi,Eskişehir,eskisehir,Eskişehir,6,Mustafa Erdönmez,6
Y.Refah,yenidenrefah,Eskişehir,eskisehir,Eskişehir,1,Osman Mandacı,6
Y.Refah,yenidenrefah,Eskişehir,eskisehir,Eskişehir,2,Emrah Altun,6
Y.Refah,yenidenrefah,Eskişehir,eskisehir,Eskişehir,3,Dinç Biçer,6
Y.Refah,yenidenrefah,Eskişehir,eskisehir,Eskişehir,4,Defne Arslan,6
Y.Refah,yenidenrefah,Eskişehir,eskisehir,Eskişehir,5,Ramazan Uylaş,6
Y.Refah,yenidenrefah,Eskişehir,eskisehir,Eskişehir,6,Aydan Ay,6
Y.Sol Parti,yesilsolparti,Eskişehir,eskisehir,Eskişehir,1,Ali İhsan Gezer,6
Y.Sol Parti,yesilsolparti,Eskişehir,eskisehir,Eskişehir,2,Felek Aksoy,6
Y.Sol Parti,yesilsolparti,Eskişehir,eskisehir,Eskişehir,3,Muslum Koyun,6
Y.Sol Parti,yesilsolparti,Eskişehir,eskisehir,Eskişehir,4,Fadime Pulat,6
Y.Sol Parti,yesilsolparti,Eskişehir,eskisehir,Eskişehir,5,Dilaver Aslan,6
Y.Sol Parti,yesilsolparti,Eskişehir,eskisehir,Eskişehir,6,Aleyna Ceren Kökoğlu,6
YP,yp,Eskişehir,eskisehir,Eskişehir,1,Serkan Ortatepe,6
YP,yp,Eskişehir,eskisehir,Eskişehir,2,Selçuk Aslan,6
YP,yp,Eskişehir,eskisehir,Eskişehir,3,Arda Özdilek,6
YP,yp,Eskişehir,eskisehir,Eskişehir,4,Nurseli Ortatepe,6
YP,yp,Eskişehir,eskisehir,Eskişehir,5,Mücahit Karabektaş,6
YP,yp,Eskişehir,eskisehir,Eskişehir,6,Osmancan Taşkan,6
Zafer,zaferpartisi,Eskişehir,eskisehir,Eskişehir,1,Erdinç Örencik,6
Zafer,zaferpartisi,Eskişehir,eskisehir,Eskişehir,2,Sadi Uyar,6
Zafer,zaferpartisi,Eskişehir,eskisehir,Eskişehir,3,Bahtiyar Yürük,6
Zafer,zaferpartisi,Eskişehir,eskisehir,Eskişehir,4,Ece Oguz,6
Zafer,zaferpartisi,Eskişehir,eskisehir,Eskişehir,5,Şenol Uztimür,6
Zafer,zaferpartisi,Eskişehir,eskisehir,Eskişehir,6,Murat İçeli,6
AB,ab,Gaziantep,gaziantep,Gaziantep,1,Hasan Erdoğan,14
AB,ab,Gaziantep,gaziantep,Gaziantep,2,Zeynep Erkahraman,14
AB,ab,Gaziantep,gaziantep,Gaziantep,3,Hüsamettin Kılınç,14
AB,ab,Gaziantep,gaziantep,Gaziantep,4,Muhammet Emir Kılınç,14
AB,ab,Gaziantep,gaziantep,Gaziantep,5,Cuma Cançelik,14
AB,ab,Gaziantep,gaziantep,Gaziantep,6,Mihriban Kanat,14
AB,ab,Gaziantep,gaziantep,Gaziantep,7,Ömer Kılınç,14
AB,ab,Gaziantep,gaziantep,Gaziantep,8,Beyzanur Özdil,14
AB,ab,Gaziantep,gaziantep,Gaziantep,9,Ahmet Turan Erdoğan,14
AB,ab,Gaziantep,gaziantep,Gaziantep,10,Turgut Ergün,14
AB,ab,Gaziantep,gaziantep,Gaziantep,11,Sema Nur Erkahraman,14
AB,ab,Gaziantep,gaziantep,Gaziantep,12,Yusuf Doğan,14
AB,ab,Gaziantep,gaziantep,Gaziantep,13,Emine İlhan,14
AB,ab,Gaziantep,gaziantep,Gaziantep,14,Orhan Beyazoğlu,14
Adalet,ap,Gaziantep,gaziantep,Gaziantep,1,Coşkun Güler,14
Adalet,ap,Gaziantep,gaziantep,Gaziantep,2,Muhiddin Öztürkmen,14
Adalet,ap,Gaziantep,gaziantep,Gaziantep,3,Zerafettin Yıldırım,14
Adalet,ap,Gaziantep,gaziantep,Gaziantep,4,İhsan Kaya,14
Adalet,ap,Gaziantep,gaziantep,Gaziantep,5,Mehmet Kemal Taşkın,14
Adalet,ap,Gaziantep,gaziantep,Gaziantep,6,Halil Eker,14
Adalet,ap,Gaziantep,gaziantep,Gaziantep,7,Coşkun Can Güler,14
Adalet,ap,Gaziantep,gaziantep,Gaziantep,8,Ökkeş Güler,14
Adalet,ap,Gaziantep,gaziantep,Gaziantep,9,Murat Alpaydın,14
Adalet,ap,Gaziantep,gaziantep,Gaziantep,10,Gülten Öztürkmen,14
Adalet,ap,Gaziantep,gaziantep,Gaziantep,11,Adalet Çiçek,14
Adalet,ap,Gaziantep,gaziantep,Gaziantep,12,Hasan Hüseyin Özçelik,14
Adalet,ap,Gaziantep,gaziantep,Gaziantep,13,Esra Eker,14
Adalet,ap,Gaziantep,gaziantep,Gaziantep,14,Abdulkadir Akpolat,14
AK Parti,akparti,Gaziantep,gaziantep,Gaziantep,1,Abdulhamit Gül,14
AK Parti,akparti,Gaziantep,gaziantep,Gaziantep,2,Mehmet Eyup Özkeçeci,14
AK Parti,akparti,Gaziantep,gaziantep,Gaziantep,3,Ali Şahin,14
AK Parti,akparti,Gaziantep,gaziantep,Gaziantep,4,Derya Bakbak,14
AK Parti,akparti,Gaziantep,gaziantep,Gaziantep,5,Mesut Bozatlı,14
AK Parti,akparti,Gaziantep,gaziantep,Gaziantep,6,Şahzade Demir,14
AK Parti,akparti,Gaziantep,gaziantep,Gaziantep,7,İrfan Çelikaslan,14
AK Parti,akparti,Gaziantep,gaziantep,Gaziantep,8,Bünyamin Bozgeyik,14
AK Parti,akparti,Gaziantep,gaziantep,Gaziantep,9,Feray Yılmaz,14
AK Parti,akparti,Gaziantep,gaziantep,Gaziantep,10,Muhammed Hakan Tanrıöver,14
AK Parti,akparti,Gaziantep,gaziantep,Gaziantep,11,Hasan Teke,14
AK Parti,akparti,Gaziantep,gaziantep,Gaziantep,12,Abdullah Durdu,14
AK Parti,akparti,Gaziantep,gaziantep,Gaziantep,13,Cuma Reyhan,14
AK Parti,akparti,Gaziantep,gaziantep,Gaziantep,14,Abdullah Korkmaz,14
ANAP,anap,Gaziantep,gaziantep,Gaziantep,1,Vakıf Demir,14
ANAP,anap,Gaziantep,gaziantep,Gaziantep,2,Mustafa Yunus İyiyapıcı,14
ANAP,anap,Gaziantep,gaziantep,Gaziantep,3,İsmail Mesut Kara,14
ANAP,anap,Gaziantep,gaziantep,Gaziantep,4,İhsan Yılmaz,14
ANAP,anap,Gaziantep,gaziantep,Gaziantep,5,Mehmet Öztürk,14
ANAP,anap,Gaziantep,gaziantep,Gaziantep,6,Mustafa Büyükuncu,14
ANAP,anap,Gaziantep,gaziantep,Gaziantep,7,Mustafa Kaplan,14
ANAP,anap,Gaziantep,gaziantep,Gaziantep,8,Selim Erikçi,14
ANAP,anap,Gaziantep,gaziantep,Gaziantep,9,Hasan Tosun,14
ANAP,anap,Gaziantep,gaziantep,Gaziantep,10,Mehmet Dalgacı,14
ANAP,anap,Gaziantep,gaziantep,Gaziantep,11,Ayşe Deniz Oktay,14
ANAP,anap,Gaziantep,gaziantep,Gaziantep,12,İsmail Barak,14
ANAP,anap,Gaziantep,gaziantep,Gaziantep,13,Aydın Yılmaz,14
ANAP,anap,Gaziantep,gaziantep,Gaziantep,14,Celal Demirpençe,14
Bağımsız,bagimsiz,Gaziantep,gaziantep,Gaziantep,1,Mehmet Karayılan,14
Bağımsız,bagimsiz,Gaziantep,gaziantep,Gaziantep,2,Ali Aksoy,14
Bağımsız,bagimsiz,Gaziantep,gaziantep,Gaziantep,3,Ömer Keskin,14
BBP,bbp,Gaziantep,gaziantep,Gaziantep,1,Orhan Kızılaslan,14
BBP,bbp,Gaziantep,gaziantep,Gaziantep,2,Metin Demirçubuk,14
BBP,bbp,Gaziantep,gaziantep,Gaziantep,3,Recep Tuncer,14
BBP,bbp,Gaziantep,gaziantep,Gaziantep,4,Elvan Arkan,14
BBP,bbp,Gaziantep,gaziantep,Gaziantep,5,Ahmet Uğur Baloğlu,14
BBP,bbp,Gaziantep,gaziantep,Gaziantep,6,Hamza Elbeyli,14
BBP,bbp,Gaziantep,gaziantep,Gaziantep,7,Muzaffer Bozgeyik,14
BBP,bbp,Gaziantep,gaziantep,Gaziantep,8,Faruk Gökbulut,14
BBP,bbp,Gaziantep,gaziantep,Gaziantep,9,Ömer Doğan,14
BBP,bbp,Gaziantep,gaziantep,Gaziantep,10,Mustafa Yalçınkaya,14
BBP,bbp,Gaziantep,gaziantep,Gaziantep,11,Burhan Çakabeyli,14
BBP,bbp,Gaziantep,gaziantep,Gaziantep,12,Ali Bekir Ekiz,14
BBP,bbp,Gaziantep,gaziantep,Gaziantep,13,Murat Gülgün,14
BBP,bbp,Gaziantep,gaziantep,Gaziantep,14,Yunus Emre Kaya,14
CHP,chp,Gaziantep,gaziantep,Gaziantep,1,Hasan Öztürkmen,14
CHP,chp,Gaziantep,gaziantep,Gaziantep,2,Melih Meriç,14
CHP,chp,Gaziantep,gaziantep,Gaziantep,3,Ertuğrul Kaya,14
CHP,chp,Gaziantep,gaziantep,Gaziantep,4,Reis Reisoğlu,14
CHP,chp,Gaziantep,gaziantep,Gaziantep,5,Adile Merve Altınbaş Yılmaz,14
CHP,chp,Gaziantep,gaziantep,Gaziantep,6,Erdal Geçit,14
CHP,chp,Gaziantep,gaziantep,Gaziantep,7,Selim Karahan,14
CHP,chp,Gaziantep,gaziantep,Gaziantep,8,Müslüm Şahinsoy,14
CHP,chp,Gaziantep,gaziantep,Gaziantep,9,Hasan Gür,14
CHP,chp,Gaziantep,gaziantep,Gaziantep,10,Mehmet İslam,14
CHP,chp,Gaziantep,gaziantep,Gaziantep,11,Ahmet İdris İnal,14
CHP,chp,Gaziantep,gaziantep,Gaziantep,12,Fatma Müge Düşün,14
CHP,chp,Gaziantep,gaziantep,Gaziantep,13,Gökhan Çeliktürk,14
CHP,chp,Gaziantep,gaziantep,Gaziantep,14,Vijdan Aktaş,14
GBP,gbp,Gaziantep,gaziantep,Gaziantep,1,Kadir Yıldırım,14
GBP,gbp,Gaziantep,gaziantep,Gaziantep,2,Abdulkadir Erdil,14
GBP,gbp,Gaziantep,gaziantep,Gaziantep,3,İbrahim Küçükkoç,14
GBP,gbp,Gaziantep,gaziantep,Gaziantep,4,Hüseyin Akdoğan,14
GBP,gbp,Gaziantep,gaziantep,Gaziantep,5,Seda Durna,14
GBP,gbp,Gaziantep,gaziantep,Gaziantep,6,Ramazan Kalli,14
GBP,gbp,Gaziantep,gaziantep,Gaziantep,7,Muhammed Sabri Taşdirek,14
GBP,gbp,Gaziantep,gaziantep,Gaziantep,8,Emirhan Kanat,14
GBP,gbp,Gaziantep,gaziantep,Gaziantep,9,Tekin Yıldırım,14
GBP,gbp,Gaziantep,gaziantep,Gaziantep,10,Şeyhmus Canpolat,14
GBP,gbp,Gaziantep,gaziantep,Gaziantep,11,Ahmet Yıldırım,14
GBP,gbp,Gaziantep,gaziantep,Gaziantep,12,Bekir Yıldırım,14
GBP,gbp,Gaziantep,gaziantep,Gaziantep,13,Veli Keskin,14
GBP,gbp,Gaziantep,gaziantep,Gaziantep,14,Murat Yıldırım,14
HAK-PAR,hakpar,Gaziantep,gaziantep,Gaziantep,1,Sait Duran,14
HAK-PAR,hakpar,Gaziantep,gaziantep,Gaziantep,2,Mahmut Gören,14
HAK-PAR,hakpar,Gaziantep,gaziantep,Gaziantep,3,Mehmet Duran,14
HAK-PAR,hakpar,Gaziantep,gaziantep,Gaziantep,4,Gülşen Cankara,14
HAK-PAR,hakpar,Gaziantep,gaziantep,Gaziantep,5,İsmail Cankara,14
HAK-PAR,hakpar,Gaziantep,gaziantep,Gaziantep,6,Vakkas Cankara,14
HAK-PAR,hakpar,Gaziantep,gaziantep,Gaziantep,7,Müslüm Barış,14
HAK-PAR,hakpar,Gaziantep,gaziantep,Gaziantep,8,Fatma Yener,14
HAK-PAR,hakpar,Gaziantep,gaziantep,Gaziantep,9,Baran Korucu,14
HAK-PAR,hakpar,Gaziantep,gaziantep,Gaziantep,10,İbrahim Kapkara,14
HAK-PAR,hakpar,Gaziantep,gaziantep,Gaziantep,11,Abdullah Altıparmak,14
HAK-PAR,hakpar,Gaziantep,gaziantep,Gaziantep,12,Mustafa Karaman,14
HAK-PAR,hakpar,Gaziantep,gaziantep,Gaziantep,13,Sultan İlaslan,14
HAK-PAR,hakpar,Gaziantep,gaziantep,Gaziantep,14,Murat Köksal,14
HKP,hkp,Gaziantep,gaziantep,Gaziantep,1,Deniz Korkmaz,14
HKP,hkp,Gaziantep,gaziantep,Gaziantep,2,Veli Taşkın,14
HKP,hkp,Gaziantep,gaziantep,Gaziantep,3,Hatice Gül Esmer,14
HKP,hkp,Gaziantep,gaziantep,Gaziantep,4,Dilek Korkmaz,14
HKP,hkp,Gaziantep,gaziantep,Gaziantep,5,Mesut Küçükosmanoğlu,14
HKP,hkp,Gaziantep,gaziantep,Gaziantep,6,Ramazan Demircan,14
HKP,hkp,Gaziantep,gaziantep,Gaziantep,7,Mehmet Yüce,14
HKP,hkp,Gaziantep,gaziantep,Gaziantep,8,Yılmaz Avcı,14
HKP,hkp,Gaziantep,gaziantep,Gaziantep,9,Mehmet Erlale,14
HKP,hkp,Gaziantep,gaziantep,Gaziantep,10,Halil Maşa,14
HKP,hkp,Gaziantep,gaziantep,Gaziantep,11,Zeki Yıldırım,14
HKP,hkp,Gaziantep,gaziantep,Gaziantep,12,Ali Demir,14
HKP,hkp,Gaziantep,gaziantep,Gaziantep,13,Hurşit Türkkan,14
HKP,hkp,Gaziantep,gaziantep,Gaziantep,14,Erkan Sarıoğlu,14
İyi Parti,iyiparti,Gaziantep,gaziantep,Gaziantep,1,Mehmet Mustafa Gürban,14
İyi Parti,iyiparti,Gaziantep,gaziantep,Gaziantep,2,Mehmet Ay,14
İyi Parti,iyiparti,Gaziantep,gaziantep,Gaziantep,3,Mehmet Özberk,14
İyi Parti,iyiparti,Gaziantep,gaziantep,Gaziantep,4,Medine İlay Yıldırım,14
İyi Parti,iyiparti,Gaziantep,gaziantep,Gaziantep,5,Halil Kılınç,14
İyi Parti,iyiparti,Gaziantep,gaziantep,Gaziantep,6,Mehmet Murat Yaprak,14
İyi Parti,iyiparti,Gaziantep,gaziantep,Gaziantep,7,Mesut Niziplioğlu,14
İyi Parti,iyiparti,Gaziantep,gaziantep,Gaziantep,8,Sema Albayram,14
İyi Parti,iyiparti,Gaziantep,gaziantep,Gaziantep,9,Mehmet Ali Yıldırım,14
İyi Parti,iyiparti,Gaziantep,gaziantep,Gaziantep,10,Tibet Ekinci,14
İyi Parti,iyiparti,Gaziantep,gaziantep,Gaziantep,11,Oktay İyisaraç,14
İyi Parti,iyiparti,Gaziantep,gaziantep,Gaziantep,12,Nermin Tuzcu,14
İyi Parti,iyiparti,Gaziantep,gaziantep,Gaziantep,13,Hasan Alpdoğan,14
İyi Parti,iyiparti,Gaziantep,gaziantep,Gaziantep,14,Abubekir Tek,14
Memleket,memleket,Gaziantep,gaziantep,Gaziantep,1,Koray Kurt,14
Memleket,memleket,Gaziantep,gaziantep,Gaziantep,2,Cevdet Güdücü,14
Memleket,memleket,Gaziantep,gaziantep,Gaziantep,3,Gülcan Özdemir,14
Memleket,memleket,Gaziantep,gaziantep,Gaziantep,4,Alican Doğan,14
Memleket,memleket,Gaziantep,gaziantep,Gaziantep,5,İlknur Kırbaç,14
Memleket,memleket,Gaziantep,gaziantep,Gaziantep,6,Mehmet İlker Orak,14
Memleket,memleket,Gaziantep,gaziantep,Gaziantep,7,Eda Akçalı,14
Memleket,memleket,Gaziantep,gaziantep,Gaziantep,8,Onur Yetim,14
Memleket,memleket,Gaziantep,gaziantep,Gaziantep,9,Şahin Koçak,14
Memleket,memleket,Gaziantep,gaziantep,Gaziantep,10,Sergen Şahin,14
Memleket,memleket,Gaziantep,gaziantep,Gaziantep,11,İbrahim Yemez,14
Memleket,memleket,Gaziantep,gaziantep,Gaziantep,12,Muhammet Alper Eser,14
Memleket,memleket,Gaziantep,gaziantep,Gaziantep,13,Ahmet Yunusoğlu,14
Memleket,memleket,Gaziantep,gaziantep,Gaziantep,14,Oktay Kızıldağ,14
MHP,mhp,Gaziantep,gaziantep,Gaziantep,1,Sermet Atay,14
MHP,mhp,Gaziantep,gaziantep,Gaziantep,2,Mustafa Bozgeyik,14
MHP,mhp,Gaziantep,gaziantep,Gaziantep,3,Ali Muhittin Taşdoğan,14
MHP,mhp,Gaziantep,gaziantep,Gaziantep,4,Mahmut Cüneyt Göz,14
MHP,mhp,Gaziantep,gaziantep,Gaziantep,5,Abdullah Şaşuşağı,14
MHP,mhp,Gaziantep,gaziantep,Gaziantep,6,Elif Aslı Ercihan,14
MHP,mhp,Gaziantep,gaziantep,Gaziantep,7,Ayşegül Köroğlu,14
MHP,mhp,Gaziantep,gaziantep,Gaziantep,8,Ender Özkarslıgil,14
MHP,mhp,Gaziantep,gaziantep,Gaziantep,9,Ramazan Yıldız,14
MHP,mhp,Gaziantep,gaziantep,Gaziantep,10,Fatih Yunus,14
MHP,mhp,Gaziantep,gaziantep,Gaziantep,11,Fahri Çevik,14
MHP,mhp,Gaziantep,gaziantep,Gaziantep,12,Gürkan Kıraç,14
MHP,mhp,Gaziantep,gaziantep,Gaziantep,13,Ahmet Durmuş Yılmaz,14
MHP,mhp,Gaziantep,gaziantep,Gaziantep,14,Alpaslan Savaş,14
MİLLET,millet,Gaziantep,gaziantep,Gaziantep,1,Cuma Nacar,14
MİLLET,millet,Gaziantep,gaziantep,Gaziantep,2,Mehmet Çetiner,14
MİLLET,millet,Gaziantep,gaziantep,Gaziantep,3,Ali Galip Emrullah,14
MİLLET,millet,Gaziantep,gaziantep,Gaziantep,4,Sıddık Çakıroğlu,14
MİLLET,millet,Gaziantep,gaziantep,Gaziantep,5,Leyla Karakaya,14
MİLLET,millet,Gaziantep,gaziantep,Gaziantep,6,Muhammet Bekir İncearık,14
MİLLET,millet,Gaziantep,gaziantep,Gaziantep,7,Ömer Yıldırım,14
MİLLET,millet,Gaziantep,gaziantep,Gaziantep,8,Mehmet Şenol Köylü,14
MİLLET,millet,Gaziantep,gaziantep,Gaziantep,9,Hamza Topuz,14
MİLLET,millet,Gaziantep,gaziantep,Gaziantep,10,Halil Çıldır,14
MİLLET,millet,Gaziantep,gaziantep,Gaziantep,11,Asım Barık,14
MİLLET,millet,Gaziantep,gaziantep,Gaziantep,12,Şıh Tahir Taşdelen,14
MİLLET,millet,Gaziantep,gaziantep,Gaziantep,13,Sabahaddin Karakuş,14
MİLLET,millet,Gaziantep,gaziantep,Gaziantep,14,Ayşe Demir,14
Milli Yol,milliyol,Gaziantep,gaziantep,Gaziantep,1,Ahmet Çavuş,14
Milli Yol,milliyol,Gaziantep,gaziantep,Gaziantep,2,Aydın Orhan,14
Milli Yol,milliyol,Gaziantep,gaziantep,Gaziantep,3,Mehmet Emin Sever,14
Milli Yol,milliyol,Gaziantep,gaziantep,Gaziantep,4,Adnan Bozkıroğlu,14
Milli Yol,milliyol,Gaziantep,gaziantep,Gaziantep,5,Ayşe Kaya,14
Milli Yol,milliyol,Gaziantep,gaziantep,Gaziantep,6,İlayda Bilir,14
Milli Yol,milliyol,Gaziantep,gaziantep,Gaziantep,7,Vakıf Orhan,14
Milli Yol,milliyol,Gaziantep,gaziantep,Gaziantep,8,Buse Çavuş,14
Milli Yol,milliyol,Gaziantep,gaziantep,Gaziantep,9,Aydın Taşkesen,14
Milli Yol,milliyol,Gaziantep,gaziantep,Gaziantep,10,Ahmet Fazıl Uğur,14
Milli Yol,milliyol,Gaziantep,gaziantep,Gaziantep,11,Mehmet Levent Öztürk,14
Milli Yol,milliyol,Gaziantep,gaziantep,Gaziantep,12,Mikail Pürçek,14
Milli Yol,milliyol,Gaziantep,gaziantep,Gaziantep,13,Mehmet Ali Coşgun,14
Milli Yol,milliyol,Gaziantep,gaziantep,Gaziantep,14,İclal Tatar,14
Sol Parti,solparti,Gaziantep,gaziantep,Gaziantep,1,Hüseyin Kavak,14
Sol Parti,solparti,Gaziantep,gaziantep,Gaziantep,2,Mehmet Balkaya,14
Sol Parti,solparti,Gaziantep,gaziantep,Gaziantep,3,Ahmet Günler,14
Sol Parti,solparti,Gaziantep,gaziantep,Gaziantep,4,Yaren Kaylan,14
Sol Parti,solparti,Gaziantep,gaziantep,Gaziantep,5,Önder İnal,14
Sol Parti,solparti,Gaziantep,gaziantep,Gaziantep,6,Mahmut Derman Tutar,14
Sol Parti,solparti,Gaziantep,gaziantep,Gaziantep,7,Ali Eren Karadağ,14
Sol Parti,solparti,Gaziantep,gaziantep,Gaziantep,8,Hulki Umut Demir,14
Sol Parti,solparti,Gaziantep,gaziantep,Gaziantep,9,Hasan Duman,14
Sol Parti,solparti,Gaziantep,gaziantep,Gaziantep,10,Eren Hasöz,14
Sol Parti,solparti,Gaziantep,gaziantep,Gaziantep,11,Mahmut Yaynık,14
Sol Parti,solparti,Gaziantep,gaziantep,Gaziantep,12,Sinan Çurman,14
Sol Parti,solparti,Gaziantep,gaziantep,Gaziantep,13,Oğuzhan Davarcı,14
Sol Parti,solparti,Gaziantep,gaziantep,Gaziantep,14,Nevzat Özbey,14
TKH,tkh,Gaziantep,gaziantep,Gaziantep,1,Sibel Altıntaş,14
TKH,tkh,Gaziantep,gaziantep,Gaziantep,2,Mehmet Altıntaş,14
TKH,tkh,Gaziantep,gaziantep,Gaziantep,3,Ali Tutuş,14
TKH,tkh,Gaziantep,gaziantep,Gaziantep,4,Sinem Kotan,14
TKH,tkh,Gaziantep,gaziantep,Gaziantep,5,Hüseyin Kaan Erdoğan,14
TKH,tkh,Gaziantep,gaziantep,Gaziantep,6,Mehmet Eynallı,14
TKH,tkh,Gaziantep,gaziantep,Gaziantep,7,Ahmet Karabıyık,14
TKH,tkh,Gaziantep,gaziantep,Gaziantep,8,Hünerment Boral,14
TKH,tkh,Gaziantep,gaziantep,Gaziantep,9,Renas Demir,14
TKH,tkh,Gaziantep,gaziantep,Gaziantep,10,Mirhat Boral,14
TKH,tkh,Gaziantep,gaziantep,Gaziantep,11,Pembe Türken,14
TKH,tkh,Gaziantep,gaziantep,Gaziantep,12,Mehmet Göktepe,14
TKH,tkh,Gaziantep,gaziantep,Gaziantep,13,Ozan Ovalı,14
TKH,tkh,Gaziantep,gaziantep,Gaziantep,14,Deniz Canpolat,14
TKP,tkp,Gaziantep,gaziantep,Gaziantep,1,Suat Ayaz,14
TKP,tkp,Gaziantep,gaziantep,Gaziantep,2,Barış Fırat,14
TKP,tkp,Gaziantep,gaziantep,Gaziantep,3,Hayri Kırıcı,14
TKP,tkp,Gaziantep,gaziantep,Gaziantep,4,Aysel Kahraman,14
TKP,tkp,Gaziantep,gaziantep,Gaziantep,5,Deniz Kahraman,14
TKP,tkp,Gaziantep,gaziantep,Gaziantep,6,Eren Ladikli,14
TKP,tkp,Gaziantep,gaziantep,Gaziantep,7,Hafize Kazcı,14
TKP,tkp,Gaziantep,gaziantep,Gaziantep,8,Ahmet Kaya,14
TKP,tkp,Gaziantep,gaziantep,Gaziantep,9,Serhan Erkanlı,14
TKP,tkp,Gaziantep,gaziantep,Gaziantep,10,Ali Kadir Oğuz,14
TKP,tkp,Gaziantep,gaziantep,Gaziantep,11,Selda Özdemir,14
TKP,tkp,Gaziantep,gaziantep,Gaziantep,12,Alper Solak,14
TKP,tkp,Gaziantep,gaziantep,Gaziantep,13,Özlem Olgeç,14
TKP,tkp,Gaziantep,gaziantep,Gaziantep,14,Nadir Yavuzkan,14
Vatan,vatanpartisi,Gaziantep,gaziantep,Gaziantep,1,Fatma Binay Abacı,14
Vatan,vatanpartisi,Gaziantep,gaziantep,Gaziantep,2,Yusuf Gören,14
Vatan,vatanpartisi,Gaziantep,gaziantep,Gaziantep,3,Sinan Büyükhatipoğlu,14
Vatan,vatanpartisi,Gaziantep,gaziantep,Gaziantep,4,Ayşe Bakışgan,14
Vatan,vatanpartisi,Gaziantep,gaziantep,Gaziantep,5,Cuma Dal,14
Vatan,vatanpartisi,Gaziantep,gaziantep,Gaziantep,6,Mustafa Gökçayır,14
Vatan,vatanpartisi,Gaziantep,gaziantep,Gaziantep,7,Hüseyin Kozan,14
Vatan,vatanpartisi,Gaziantep,gaziantep,Gaziantep,8,Mustafa Asefler,14
Vatan,vatanpartisi,Gaziantep,gaziantep,Gaziantep,9,Işıkgün Akfırat,14
Vatan,vatanpartisi,Gaziantep,gaziantep,Gaziantep,10,Oğuz Polatbilek,14
Vatan,vatanpartisi,Gaziantep,gaziantep,Gaziantep,11,İlknur Yıldırım,14
Vatan,vatanpartisi,Gaziantep,gaziantep,Gaziantep,12,Adnan Çelik,14
Vatan,vatanpartisi,Gaziantep,gaziantep,Gaziantep,13,Şaban Can Girgin,14
Vatan,vatanpartisi,Gaziantep,gaziantep,Gaziantep,14,Kubilay Çelik,14
Y.Refah,yenidenrefah,Gaziantep,gaziantep,Gaziantep,1,Şükrü Yılmaz,14
Y.Refah,yenidenrefah,Gaziantep,gaziantep,Gaziantep,2,Nurettin Özkaya,14
Y.Refah,yenidenrefah,Gaziantep,gaziantep,Gaziantep,3,Sedat Yıldız,14
Y.Refah,yenidenrefah,Gaziantep,gaziantep,Gaziantep,4,Esra Alati,14
Y.Refah,yenidenrefah,Gaziantep,gaziantep,Gaziantep,5,Mehmet Ös,14
Y.Refah,yenidenrefah,Gaziantep,gaziantep,Gaziantep,6,Mehmet Akgül,14
Y.Refah,yenidenrefah,Gaziantep,gaziantep,Gaziantep,7,Mehmet Fatih Borsöken,14
Y.Refah,yenidenrefah,Gaziantep,gaziantep,Gaziantep,8,Mükerrem Mustafa Bilici,14
Y.Refah,yenidenrefah,Gaziantep,gaziantep,Gaziantep,9,Faruk Soner Ataş,14
Y.Refah,yenidenrefah,Gaziantep,gaziantep,Gaziantep,10,İrfan Demirhan,14
Y.Refah,yenidenrefah,Gaziantep,gaziantep,Gaziantep,11,Suat Bozkurt,14
Y.Refah,yenidenrefah,Gaziantep,gaziantep,Gaziantep,12,Erkan Süzerer,14
Y.Refah,yenidenrefah,Gaziantep,gaziantep,Gaziantep,13,Ömer Atılğan,14
Y.Refah,yenidenrefah,Gaziantep,gaziantep,Gaziantep,14,Mehmet Coşkun Kaya,14
Y.Sol Parti,yesilsolparti,Gaziantep,gaziantep,Gaziantep,1,Sevda Karaca Demir,14
Y.Sol Parti,yesilsolparti,Gaziantep,gaziantep,Gaziantep,2,Murat Sarısaç,14
Y.Sol Parti,yesilsolparti,Gaziantep,gaziantep,Gaziantep,3,Songül Koçdağ,14
Y.Sol Parti,yesilsolparti,Gaziantep,gaziantep,Gaziantep,4,Musa Aydın,14
Y.Sol Parti,yesilsolparti,Gaziantep,gaziantep,Gaziantep,5,Dilan Güler,14
Y.Sol Parti,yesilsolparti,Gaziantep,gaziantep,Gaziantep,6,Kahraman Çiçek,14
Y.Sol Parti,yesilsolparti,Gaziantep,gaziantep,Gaziantep,7,Fatma Bayındır Özgür,14
Y.Sol Parti,yesilsolparti,Gaziantep,gaziantep,Gaziantep,8,Abdullah Gözen,14
Y.Sol Parti,yesilsolparti,Gaziantep,gaziantep,Gaziantep,9,Aysima Mihriban Mehtap Arslan,14
Y.Sol Parti,yesilsolparti,Gaziantep,gaziantep,Gaziantep,10,Edhem Ünal,14
Y.Sol Parti,yesilsolparti,Gaziantep,gaziantep,Gaziantep,11,Elif Yalçın,14
Y.Sol Parti,yesilsolparti,Gaziantep,gaziantep,Gaziantep,12,Yılmaz Açan,14
Y.Sol Parti,yesilsolparti,Gaziantep,gaziantep,Gaziantep,13,Sinem Erener Ballan,14
Y.Sol Parti,yesilsolparti,Gaziantep,gaziantep,Gaziantep,14,Muhammed Said Görgün,14
YP,yp,Gaziantep,gaziantep,Gaziantep,1,Cevdet Solmaz,14
YP,yp,Gaziantep,gaziantep,Gaziantep,2,Eray Yıldırım,14
YP,yp,Gaziantep,gaziantep,Gaziantep,3,Filiz Günay,14
YP,yp,Gaziantep,gaziantep,Gaziantep,4,Mehmet Hanifi Öztoprak,14
YP,yp,Gaziantep,gaziantep,Gaziantep,5,Hüseyin Bulut,14
YP,yp,Gaziantep,gaziantep,Gaziantep,6,Sevinç Karacabağ,14
YP,yp,Gaziantep,gaziantep,Gaziantep,7,Osman Arslan,14
YP,yp,Gaziantep,gaziantep,Gaziantep,8,Hilmi Yıldırım,14
YP,yp,Gaziantep,gaziantep,Gaziantep,9,Mehmet Çevik,14
YP,yp,Gaziantep,gaziantep,Gaziantep,10,Şükrü Karadana,14
YP,yp,Gaziantep,gaziantep,Gaziantep,11,Sevcan Polat,14
YP,yp,Gaziantep,gaziantep,Gaziantep,12,Hakan Özdemir,14
YP,yp,Gaziantep,gaziantep,Gaziantep,13,Fazlı Kaplan,14
YP,yp,Gaziantep,gaziantep,Gaziantep,14,Duran Tokdemir,14
Zafer,zaferpartisi,Gaziantep,gaziantep,Gaziantep,1,Ümit Özdağ,14
Zafer,zaferpartisi,Gaziantep,gaziantep,Gaziantep,2,Mehmet Pamuk,14
Zafer,zaferpartisi,Gaziantep,gaziantep,Gaziantep,3,Alp Kaya,14
Zafer,zaferpartisi,Gaziantep,gaziantep,Gaziantep,4,Alaittin Çakmak,14
Zafer,zaferpartisi,Gaziantep,gaziantep,Gaziantep,5,Gizem Büşra Bilgiç,14
Zafer,zaferpartisi,Gaziantep,gaziantep,Gaziantep,6,Alev Akdemir Bekem,14
Zafer,zaferpartisi,Gaziantep,gaziantep,Gaziantep,7,Erman Ebçem,14
Zafer,zaferpartisi,Gaziantep,gaziantep,Gaziantep,8,Erhan Sucu,14
Zafer,zaferpartisi,Gaziantep,gaziantep,Gaziantep,9,Rabia Seçkin,14
Zafer,zaferpartisi,Gaziantep,gaziantep,Gaziantep,10,İbrahim Avcı,14
Zafer,zaferpartisi,Gaziantep,gaziantep,Gaziantep,11,Ömer Buğra Bakır,14
Zafer,zaferpartisi,Gaziantep,gaziantep,Gaziantep,12,Murat Karakurt,14
Zafer,zaferpartisi,Gaziantep,gaziantep,Gaziantep,13,Erol Türk,14
Zafer,zaferpartisi,Gaziantep,gaziantep,Gaziantep,14,Uğur Akgül,14
Adalet,ap,Giresun,giresun,Giresun,1,Mehmet Karaman,4
Adalet,ap,Giresun,giresun,Giresun,2,Mustafa Akdağ,4
Adalet,ap,Giresun,giresun,Giresun,3,Pınar Aksu,4
Adalet,ap,Giresun,giresun,Giresun,4,Mehmet Mertep,4
AK Parti,akparti,Giresun,giresun,Giresun,1,Nazım Elmas,4
AK Parti,akparti,Giresun,giresun,Giresun,2,Ali Temür,4
AK Parti,akparti,Giresun,giresun,Giresun,3,Tolga Erener,4
AK Parti,akparti,Giresun,giresun,Giresun,4,Berrin Aydın,4
Bağımsız,bagimsiz,Giresun,giresun,Giresun,1,Arif Sarı,4
BBP,bbp,Giresun,giresun,Giresun,1,Fatih Çolakoğlu,4
BBP,bbp,Giresun,giresun,Giresun,2,Tufan Geçer,4
BBP,bbp,Giresun,giresun,Giresun,3,Taygun Karaman,4
BBP,bbp,Giresun,giresun,Giresun,4,Dilek Turan,4
CHP,chp,Giresun,giresun,Giresun,1,Elvan Işık Gezmiş,4
CHP,chp,Giresun,giresun,Giresun,2,Reşat Nuri Özdemir,4
CHP,chp,Giresun,giresun,Giresun,3,Fikri Bilge,4
CHP,chp,Giresun,giresun,Giresun,4,Hakan Adanır,4
GBP,gbp,Giresun,giresun,Giresun,1,Hanife Yavru,4
GBP,gbp,Giresun,giresun,Giresun,2,Seçkin İnam,4
GBP,gbp,Giresun,giresun,Giresun,3,Tahsin Murat Aktaş,4
GBP,gbp,Giresun,giresun,Giresun,4,Mahmut Cura,4
HAK-PAR,hakpar,Giresun,giresun,Giresun,1,Sultan Gökçe,4
HAK-PAR,hakpar,Giresun,giresun,Giresun,2,Cemil Cem Kahraman,4
HAK-PAR,hakpar,Giresun,giresun,Giresun,3,Ramazan Demir,4
HAK-PAR,hakpar,Giresun,giresun,Giresun,4,Lezgin Kahraman,4
HKP,hkp,Giresun,giresun,Giresun,1,Nazife Erdemci,4
HKP,hkp,Giresun,giresun,Giresun,2,Muharrem Can,4
HKP,hkp,Giresun,giresun,Giresun,3,Alper Haluk Dede,4
HKP,hkp,Giresun,giresun,Giresun,4,İbrahim Gençer,4
İyi Parti,iyiparti,Giresun,giresun,Giresun,1,Ünzile Yüksel,4
İyi Parti,iyiparti,Giresun,giresun,Giresun,2,Hakan Bektaş,4
İyi Parti,iyiparti,Giresun,giresun,Giresun,3,Kaya Yıldız,4
İyi Parti,iyiparti,Giresun,giresun,Giresun,4,Mustafa Dizdar,4
Memleket,memleket,Giresun,giresun,Giresun,1,Vehbi Güven,4
Memleket,memleket,Giresun,giresun,Giresun,2,Yunis Türk,4
Memleket,memleket,Giresun,giresun,Giresun,3,Erkan Şenel,4
Memleket,memleket,Giresun,giresun,Giresun,4,Hira Tunahan,4
MHP,mhp,Giresun,giresun,Giresun,1,Ertuğrul Gazi Konal,4
MHP,mhp,Giresun,giresun,Giresun,2,Fatih Meşe,4
MHP,mhp,Giresun,giresun,Giresun,3,Hami Pekdemir,4
MHP,mhp,Giresun,giresun,Giresun,4,Salih Türk,4
MİLLET,millet,Giresun,giresun,Giresun,1,Yaşar Çakır,4
MİLLET,millet,Giresun,giresun,Giresun,2,Mustafa İncekara,4
MİLLET,millet,Giresun,giresun,Giresun,3,Abdullah Sarı,4
MİLLET,millet,Giresun,giresun,Giresun,4,Davut Durmaz,4
Milli Yol,milliyol,Giresun,giresun,Giresun,1,Hakan Turan,4
Milli Yol,milliyol,Giresun,giresun,Giresun,2,Uğurcan Pala,4
Milli Yol,milliyol,Giresun,giresun,Giresun,3,Ahmet Bayrakdar,4
Milli Yol,milliyol,Giresun,giresun,Giresun,4,Fatih Aksu,4
Sol Parti,solparti,Giresun,giresun,Giresun,1,Ömür Mutlu,4
Sol Parti,solparti,Giresun,giresun,Giresun,2,Süleyman Topal,4
Sol Parti,solparti,Giresun,giresun,Giresun,3,Aslan Karaca,4
Sol Parti,solparti,Giresun,giresun,Giresun,4,Kasım Dizdar,4
TİP,tip,Giresun,giresun,Giresun,1,Nihal Memiş Dizdar,4
TİP,tip,Giresun,giresun,Giresun,2,Ömür Hakyemez,4
TİP,tip,Giresun,giresun,Giresun,3,Fırat Kurtal,4
TİP,tip,Giresun,giresun,Giresun,4,Neslihan Özal,4
TKH,tkh,Giresun,giresun,Giresun,1,Akın Güçlü,4
TKH,tkh,Giresun,giresun,Giresun,2,Mehmet Ali Basa,4
TKH,tkh,Giresun,giresun,Giresun,3,Memnune Serpil Yaman,4
TKH,tkh,Giresun,giresun,Giresun,4,Yeşim Çakar,4
TKP,tkp,Giresun,giresun,Giresun,1,Ali Hamdi Savaş,4
TKP,tkp,Giresun,giresun,Giresun,2,Günay Başkan,4
TKP,tkp,Giresun,giresun,Giresun,3,Muzaffer Eren Öz,4
TKP,tkp,Giresun,giresun,Giresun,4,Arzu Yeşil,4
Vatan,vatanpartisi,Giresun,giresun,Giresun,1,Hüseyin Özgürel,4
Vatan,vatanpartisi,Giresun,giresun,Giresun,2,Ayşe Çobanoğlu,4
Vatan,vatanpartisi,Giresun,giresun,Giresun,3,Ahmet Gürsoy Kayaalp,4
Vatan,vatanpartisi,Giresun,giresun,Giresun,4,İzzet Anıl Işık,4
Y.Refah,yenidenrefah,Giresun,giresun,Giresun,1,Kahraman Öztürk,4
Y.Refah,yenidenrefah,Giresun,giresun,Giresun,2,Serkan Oktay,4
Y.Refah,yenidenrefah,Giresun,giresun,Giresun,3,Eşref Bekdemir,4
Y.Refah,yenidenrefah,Giresun,giresun,Giresun,4,Akif Altun,4
Y.Sol Parti,yesilsolparti,Giresun,giresun,Giresun,1,Ramazan Doğru,4
Y.Sol Parti,yesilsolparti,Giresun,giresun,Giresun,2,Bekir Yılmaz,4
Y.Sol Parti,yesilsolparti,Giresun,giresun,Giresun,3,Sanem Deniz Kural,4
Y.Sol Parti,yesilsolparti,Giresun,giresun,Giresun,4,Bülent Uzun,4
YP,yp,Giresun,giresun,Giresun,1,Mete Köroğlu,4
YP,yp,Giresun,giresun,Giresun,2,Hüseyin Er,4
YP,yp,Giresun,giresun,Giresun,3,Sercan Yıldız,4
YP,yp,Giresun,giresun,Giresun,4,Aleyna Şık,4
Zafer,zaferpartisi,Giresun,giresun,Giresun,1,Sezai Uzal,4
Zafer,zaferpartisi,Giresun,giresun,Giresun,2,Çiğdem Aksu,4
Zafer,zaferpartisi,Giresun,giresun,Giresun,3,Onur Şahin,4
Zafer,zaferpartisi,Giresun,giresun,Giresun,4,Murat Bayrak,4
AB,ab,Gümüşhane,gumushane,Gümüşhane,1,Ümit Öztürk,2
AB,ab,Gümüşhane,gumushane,Gümüşhane,2,Hakan Arslan,2
Adalet,ap,Gümüşhane,gumushane,Gümüşhane,1,Zeynel Abidin Çorlu,2
Adalet,ap,Gümüşhane,gumushane,Gümüşhane,2,Hakan Aydoğan,2
AK Parti,akparti,Gümüşhane,gumushane,Gümüşhane,1,Celalettin Köse,2
AK Parti,akparti,Gümüşhane,gumushane,Gümüşhane,2,Ünal Yılmaz,2
ANAP,anap,Gümüşhane,gumushane,Gümüşhane,1,Burak Zengin,2
ANAP,anap,Gümüşhane,gumushane,Gümüşhane,2,Zeynep Dağkuş,2
Bağımsız,bagimsiz,Gümüşhane,gumushane,Gümüşhane,1,Ufuk Arslan,2
BBP,bbp,Gümüşhane,gumushane,Gümüşhane,1,Kemal Üçüncü,2
BBP,bbp,Gümüşhane,gumushane,Gümüşhane,2,Buket Kaya,2
GBP,gbp,Gümüşhane,gumushane,Gümüşhane,1,Gülay Ekren,2
GBP,gbp,Gümüşhane,gumushane,Gümüşhane,2,Serdar Bozkuş,2
HAK-PAR,hakpar,Gümüşhane,gumushane,Gümüşhane,1,Nüsrettin Çetin,2
HAK-PAR,hakpar,Gümüşhane,gumushane,Gümüşhane,2,Nevzat Aslan,2
HKP,hkp,Gümüşhane,gumushane,Gümüşhane,1,Yeşilay Akarsu,2
HKP,hkp,Gümüşhane,gumushane,Gümüşhane,2,Mehmet Şükrü Eroğlu,2
İyi Parti,iyiparti,Gümüşhane,gumushane,Gümüşhane,1,Muzaffer Altıparmak,2
İyi Parti,iyiparti,Gümüşhane,gumushane,Gümüşhane,2,Bedri Ağaç,2
Memleket,memleket,Gümüşhane,gumushane,Gümüşhane,1,Hikmet Can Akdağ,2
Memleket,memleket,Gümüşhane,gumushane,Gümüşhane,2,Adem Koç,2
MHP,mhp,Gümüşhane,gumushane,Gümüşhane,1,Musa Küçük,2
MHP,mhp,Gümüşhane,gumushane,Gümüşhane,2,Birol Tuğlu,2
MİLLET,millet,Gümüşhane,gumushane,Gümüşhane,1,Fevzi Ülker,2
MİLLET,millet,Gümüşhane,gumushane,Gümüşhane,2,Yaşar Zengin,2
Milli Yol,milliyol,Gümüşhane,gumushane,Gümüşhane,1,Abdulkadir Demir,2
Milli Yol,milliyol,Gümüşhane,gumushane,Gümüşhane,2,Selahattin Tarkan,2
Sol Parti,solparti,Gümüşhane,gumushane,Gümüşhane,1,Vildan Zuhal Kılınçoğlu,2
Sol Parti,solparti,Gümüşhane,gumushane,Gümüşhane,2,Gökay Gümüş,2
TİP,tip,Gümüşhane,gumushane,Gümüşhane,1,Bahadır Yavuz,2
TİP,tip,Gümüşhane,gumushane,Gümüşhane,2,Özlem Doğan,2
TKH,tkh,Gümüşhane,gumushane,Gümüşhane,1,Alev Doğan,2
TKH,tkh,Gümüşhane,gumushane,Gümüşhane,2,Erdal Yaşa,2
TKP,tkp,Gümüşhane,gumushane,Gümüşhane,1,Rabia Sultan Çelikbaş,2
TKP,tkp,Gümüşhane,gumushane,Gümüşhane,2,Necip Karataş,2
Vatan,vatanpartisi,Gümüşhane,gumushane,Gümüşhane,1,Mustafa Erdoğan,2
Vatan,vatanpartisi,Gümüşhane,gumushane,Gümüşhane,2,Ebru Gül Müezzinoğlu,2
Y.Refah,yenidenrefah,Gümüşhane,gumushane,Gümüşhane,1,Ziya Nas,2
Y.Refah,yenidenrefah,Gümüşhane,gumushane,Gümüşhane,2,Adem Utku,2
Y.Sol Parti,yesilsolparti,Gümüşhane,gumushane,Gümüşhane,1,Elif Çiftçi,2
Y.Sol Parti,yesilsolparti,Gümüşhane,gumushane,Gümüşhane,2,Nehir Sevim,2
YP,yp,Gümüşhane,gumushane,Gümüşhane,1,Yusuf Kaban,2
YP,yp,Gümüşhane,gumushane,Gümüşhane,2,İbrahim Vural,2
Zafer,zaferpartisi,Gümüşhane,gumushane,Gümüşhane,1,Şehmus Kozanoğlu,2
Zafer,zaferpartisi,Gümüşhane,gumushane,Gümüşhane,2,Berkant Doğan,2
Adalet,ap,Hakkari,hakkari,Hakkari,1,Emrah Çiçek,3
Adalet,ap,Hakkari,hakkari,Hakkari,2,Ahmet Cemil Eken,3
Adalet,ap,Hakkari,hakkari,Hakkari,3,Vedat Çobanoğlu,3
AK Parti,akparti,Hakkari,hakkari,Hakkari,1,Abdulmuttalip Özbek,3
AK Parti,akparti,Hakkari,hakkari,Hakkari,2,Mehmet Budak,3
AK Parti,akparti,Hakkari,hakkari,Hakkari,3,Hikmet Yaşar,3
ANAP,anap,Hakkari,hakkari,Hakkari,1,Yunus Demir,3
ANAP,anap,Hakkari,hakkari,Hakkari,2,Nezaket Demir,3
ANAP,anap,Hakkari,hakkari,Hakkari,3,Esen Bilin,3
Bağımsız,bagimsiz,Hakkari,hakkari,Hakkari,1,Esat Canan,3
BBP,bbp,Hakkari,hakkari,Hakkari,1,Yaşar Aktaş,3
BBP,bbp,Hakkari,hakkari,Hakkari,2,Ahmet Kanat,3
BBP,bbp,Hakkari,hakkari,Hakkari,3,Atilla Ağacanoğlu,3
CHP,chp,Hakkari,hakkari,Hakkari,1,Nazım Demir,3
CHP,chp,Hakkari,hakkari,Hakkari,2,Adnan Hatipoğlu,3
CHP,chp,Hakkari,hakkari,Hakkari,3,Sabır Diri,3
GBP,gbp,Hakkari,hakkari,Hakkari,1,İsmail Efnan,3
GBP,gbp,Hakkari,hakkari,Hakkari,2,Serdar Yıldırım,3
GBP,gbp,Hakkari,hakkari,Hakkari,3,Harun Filik,3
HAK-PAR,hakpar,Hakkari,hakkari,Hakkari,1,Medeni Tokuş,3
HAK-PAR,hakpar,Hakkari,hakkari,Hakkari,2,Mustafa Demirdaş,3
HAK-PAR,hakpar,Hakkari,hakkari,Hakkari,3,Naciye Doğan,3
HKP,hkp,Hakkari,hakkari,Hakkari,1,Songül Şimşek,3
HKP,hkp,Hakkari,hakkari,Hakkari,2,Zeynep Koç,3
HKP,hkp,Hakkari,hakkari,Hakkari,3,Mahsun Delek,3
Memleket,memleket,Hakkari,hakkari,Hakkari,1,Çergez Mermit,3
Memleket,memleket,Hakkari,hakkari,Hakkari,2,Hetem Çağlın,3
Memleket,memleket,Hakkari,hakkari,Hakkari,3,Oktay Kepez,3
MHP,mhp,Hakkari,hakkari,Hakkari,1,Fatih Özbek,3
MHP,mhp,Hakkari,hakkari,Hakkari,2,Murat Taşyürek,3
MHP,mhp,Hakkari,hakkari,Hakkari,3,Ulaş Albayrak,3
MİLLET,millet,Hakkari,hakkari,Hakkari,1,Muhittin Eser,3
MİLLET,millet,Hakkari,hakkari,Hakkari,2,Özcan Şentürk,3
MİLLET,millet,Hakkari,hakkari,Hakkari,3,Ömer Ereğiz,3
Sol Parti,solparti,Hakkari,hakkari,Hakkari,1,Mehmet Soğancı,3
Sol Parti,solparti,Hakkari,hakkari,Hakkari,2,Boran Karadeli,3
Sol Parti,solparti,Hakkari,hakkari,Hakkari,3,Cengiz Serin,3
TKH,tkh,Hakkari,hakkari,Hakkari,1,Volkan Mahir,3
TKH,tkh,Hakkari,hakkari,Hakkari,2,Yayla Gülşen,3
TKH,tkh,Hakkari,hakkari,Hakkari,3,Hatice Mestanoğlu,3
TKP,tkp,Hakkari,hakkari,Hakkari,1,Baykurt Olgeç,3
TKP,tkp,Hakkari,hakkari,Hakkari,2,Damla Akyüz,3
TKP,tkp,Hakkari,hakkari,Hakkari,3,Aydemir Sertbarut,3
Vatan,vatanpartisi,Hakkari,hakkari,Hakkari,1,Bilal Gürbüz,3
Vatan,vatanpartisi,Hakkari,hakkari,Hakkari,2,Nihal Gündoğan,3
Vatan,vatanpartisi,Hakkari,hakkari,Hakkari,3,Cemre Nilsu Çatakoğlu,3
Y.Refah,yenidenrefah,Hakkari,hakkari,Hakkari,1,Ali Özer,3
Y.Refah,yenidenrefah,Hakkari,hakkari,Hakkari,2,Adnan Kaplan,3
Y.Refah,yenidenrefah,Hakkari,hakkari,Hakkari,3,Murat Karadeniz,3
Y.Sol Parti,yesilsolparti,Hakkari,hakkari,Hakkari,1,Vezir Coşkun Parlak,3
Y.Sol Parti,yesilsolparti,Hakkari,hakkari,Hakkari,2,Öznur Bartin,3
Y.Sol Parti,yesilsolparti,Hakkari,hakkari,Hakkari,3,Onur Düşünmez,3
YP,yp,Hakkari,hakkari,Hakkari,1,Bülent İlci,3
YP,yp,Hakkari,hakkari,Hakkari,2,Alaettin Çiçek,3
YP,yp,Hakkari,hakkari,Hakkari,3,Mehmet Bozkurt,3
AK Parti,akparti,Hatay,hatay,Hatay,1,Adem Yeşildal,11
AK Parti,akparti,Hatay,hatay,Hatay,2,Abdulkadir Özel,11
AK Parti,akparti,Hatay,hatay,Hatay,3,Hüseyin Yayman,11
AK Parti,akparti,Hatay,hatay,Hatay,4,Kemal Karahan,11
AK Parti,akparti,Hatay,hatay,Hatay,5,Zehra Eren,11
AK Parti,akparti,Hatay,hatay,Hatay,6,Cengiz Yıldız,11
AK Parti,akparti,Hatay,hatay,Hatay,7,Filiz Özçörekçi,11
AK Parti,akparti,Hatay,hatay,Hatay,8,Ahmet Alper Soylu,11
AK Parti,akparti,Hatay,hatay,Hatay,9,Mehmet Hakan Yılmaz,11
AK Parti,akparti,Hatay,hatay,Hatay,10,Halil Ersen Doğan,11
AK Parti,akparti,Hatay,hatay,Hatay,11,Necmiddin Çito,11
Bağımsız,bagimsiz,Hatay,hatay,Hatay,1,Ahmet Dolğun,11
Bağımsız,bagimsiz,Hatay,hatay,Hatay,2,Necat Orhan,11
Bağımsız,bagimsiz,Hatay,hatay,Hatay,3,Cahit Aşkar,11
BBP,bbp,Hatay,hatay,Hatay,1,Ahmet Şanverdi,11
BBP,bbp,Hatay,hatay,Hatay,2,Ahmet Kuşak,11
BBP,bbp,Hatay,hatay,Hatay,3,Nazmi Kıymacı,11
BBP,bbp,Hatay,hatay,Hatay,4,Mehmet Kurtul,11
BBP,bbp,Hatay,hatay,Hatay,5,Ali Kemal Güder,11
BBP,bbp,Hatay,hatay,Hatay,6,Atnan Yetiş,11
BBP,bbp,Hatay,hatay,Hatay,7,Cemil Karabacak,11
BBP,bbp,Hatay,hatay,Hatay,8,Mustafa Dolgun,11
BBP,bbp,Hatay,hatay,Hatay,9,Mahmut Gök,11
BBP,bbp,Hatay,hatay,Hatay,10,Mehmet Demir,11
BBP,bbp,Hatay,hatay,Hatay,11,Mehmet Tugay Tanın,11
CHP,chp,Hatay,hatay,Hatay,1,Mehmet Güzelmansur,11
CHP,chp,Hatay,hatay,Hatay,2,Nermin Yıldırım Kara,11
CHP,chp,Hatay,hatay,Hatay,3,Servet Mullaoğlu,11
CHP,chp,Hatay,hatay,Hatay,4,Necmettin Çalışkan,11
CHP,chp,Hatay,hatay,Hatay,5,Hikmet Hatunoğlu,11
CHP,chp,Hatay,hatay,Hatay,6,Mustafa,11
CHP,chp,Hatay,hatay,Hatay,7,Gökhan Özer,11
CHP,chp,Hatay,hatay,Hatay,8,Bekir Atahan,11
CHP,chp,Hatay,hatay,Hatay,9,Cemiyet Kışlıoğlu,11
CHP,chp,Hatay,hatay,Hatay,10,Tamer Apiş,11
CHP,chp,Hatay,hatay,Hatay,11,Filiz Haksöz,11
GBP,gbp,Hatay,hatay,Hatay,1,İbrahim Ateşer,11
GBP,gbp,Hatay,hatay,Hatay,2,Nur Seda Aslan,11
GBP,gbp,Hatay,hatay,Hatay,3,Mustafa Ateşer,11
GBP,gbp,Hatay,hatay,Hatay,4,İdris Türkmen,11
GBP,gbp,Hatay,hatay,Hatay,5,Melisanur Ateşer,11
GBP,gbp,Hatay,hatay,Hatay,6,Sevide Aroğlu,11
GBP,gbp,Hatay,hatay,Hatay,7,Köksal Akkaya,11
GBP,gbp,Hatay,hatay,Hatay,8,Melih Karabali,11
GBP,gbp,Hatay,hatay,Hatay,9,Murat Şilkan,11
GBP,gbp,Hatay,hatay,Hatay,10,Ercan Kesen,11
GBP,gbp,Hatay,hatay,Hatay,11,Abdurrahman Komi,11
Genç Parti,gencparti,Hatay,hatay,Hatay,1,Adnan Çevik,11
Genç Parti,gencparti,Hatay,hatay,Hatay,2,Mehmet Uçgan,11
Genç Parti,gencparti,Hatay,hatay,Hatay,3,Yahya Aydın,11
Genç Parti,gencparti,Hatay,hatay,Hatay,4,Adıgüzel Özer,11
Genç Parti,gencparti,Hatay,hatay,Hatay,5,Murat Reyhanioğlu,11
Genç Parti,gencparti,Hatay,hatay,Hatay,6,Ayhan Yaralı,11
Genç Parti,gencparti,Hatay,hatay,Hatay,7,Umut Baturalp,11
Genç Parti,gencparti,Hatay,hatay,Hatay,8,Ali Canlı,11
Genç Parti,gencparti,Hatay,hatay,Hatay,9,Yunus Karasoy,11
Genç Parti,gencparti,Hatay,hatay,Hatay,10,Mehmet Yusuf Rudvanoğulları,11
Genç Parti,gencparti,Hatay,hatay,Hatay,11,Anıl Sakaroğlu,11
HAK-PAR,hakpar,Hatay,hatay,Hatay,1,Fazilet Çulha,11
HAK-PAR,hakpar,Hatay,hatay,Hatay,2,Rıdvan Arancak,11
HAK-PAR,hakpar,Hatay,hatay,Hatay,3,Mustafa Çelik,11
HAK-PAR,hakpar,Hatay,hatay,Hatay,4,Mehmet Tokacı,11
HAK-PAR,hakpar,Hatay,hatay,Hatay,5,Abdullah Basut,11
HAK-PAR,hakpar,Hatay,hatay,Hatay,6,Kemal Doğan,11
HAK-PAR,hakpar,Hatay,hatay,Hatay,7,Fuat Kara,11
HAK-PAR,hakpar,Hatay,hatay,Hatay,8,Adnan Karagöz,11
HAK-PAR,hakpar,Hatay,hatay,Hatay,9,Berivan Kart,11
HAK-PAR,hakpar,Hatay,hatay,Hatay,10,Mehmet Aydemir,11
HAK-PAR,hakpar,Hatay,hatay,Hatay,11,Adalet Çiçek,11
HKP,hkp,Hatay,hatay,Hatay,1,Bedi Genç,11
HKP,hkp,Hatay,hatay,Hatay,2,Sahinaz Aktaş,11
HKP,hkp,Hatay,hatay,Hatay,3,Metin Bakımcı,11
HKP,hkp,Hatay,hatay,Hatay,4,Selma Gümüş,11
HKP,hkp,Hatay,hatay,Hatay,5,Sezgin Reyhanoğlu,11
HKP,hkp,Hatay,hatay,Hatay,6,Mahmut Gümüş,11
HKP,hkp,Hatay,hatay,Hatay,7,Türkay Aktaş,11
HKP,hkp,Hatay,hatay,Hatay,8,Ünal Tertemiz,11
HKP,hkp,Hatay,hatay,Hatay,9,İsmail Orhan,11
HKP,hkp,Hatay,hatay,Hatay,10,Salih Arslan,11
HKP,hkp,Hatay,hatay,Hatay,11,Devrim Satı,11
İyi Parti,iyiparti,Hatay,hatay,Hatay,1,Adnan Şefik Çirkin,11
İyi Parti,iyiparti,Hatay,hatay,Hatay,2,Gökhan Zan,11
İyi Parti,iyiparti,Hatay,hatay,Hatay,3,Gülümser Ceylan Köle,11
İyi Parti,iyiparti,Hatay,hatay,Hatay,4,Sarper Davut,11
İyi Parti,iyiparti,Hatay,hatay,Hatay,5,İlyas Uygur,11
İyi Parti,iyiparti,Hatay,hatay,Hatay,6,Mehmet Oğuz Turan,11
İyi Parti,iyiparti,Hatay,hatay,Hatay,7,Aylin Anıl Arslan,11
İyi Parti,iyiparti,Hatay,hatay,Hatay,8,Osman Ağca,11
İyi Parti,iyiparti,Hatay,hatay,Hatay,9,Çağatay Karamanoğlu,11
İyi Parti,iyiparti,Hatay,hatay,Hatay,10,Muhammet Mustafa Balcı,11
İyi Parti,iyiparti,Hatay,hatay,Hatay,11,Tuna Ebru Özdemir,11
Memleket,memleket,Hatay,hatay,Hatay,1,Mehmet Sorar,11
Memleket,memleket,Hatay,hatay,Hatay,2,Hüseyin Ata Kaşgöz,11
Memleket,memleket,Hatay,hatay,Hatay,3,Serdal Alkan,11
Memleket,memleket,Hatay,hatay,Hatay,4,Bilgin Fırıncıoğulları,11
Memleket,memleket,Hatay,hatay,Hatay,5,Münir Cem Dolapçıoğlu,11
Memleket,memleket,Hatay,hatay,Hatay,6,Ali Özgür Öksüzaşıkı,11
Memleket,memleket,Hatay,hatay,Hatay,7,Reşit Miçooğulları,11
Memleket,memleket,Hatay,hatay,Hatay,8,Enes Aysan Dadıcı,11
Memleket,memleket,Hatay,hatay,Hatay,9,Osman Köğçe,11
Memleket,memleket,Hatay,hatay,Hatay,10,Ahmet Birtan Dönmez,11
Memleket,memleket,Hatay,hatay,Hatay,11,Hamza Tecimen,11
MHP,mhp,Hatay,hatay,Hatay,1,Lütfi Kaşıkçı,11
MHP,mhp,Hatay,hatay,Hatay,2,İsmail Başar,11
MHP,mhp,Hatay,hatay,Hatay,3,Mehmet Bilgili,11
MHP,mhp,Hatay,hatay,Hatay,4,Hüseyin Zaroğlu,11
MHP,mhp,Hatay,hatay,Hatay,5,Hüseyin Akgöl,11
MHP,mhp,Hatay,hatay,Hatay,6,Ahmet Gedik,11
MHP,mhp,Hatay,hatay,Hatay,7,Nigar Özer,11
MHP,mhp,Hatay,hatay,Hatay,8,Uygar Polat,11
MHP,mhp,Hatay,hatay,Hatay,9,Hasan Kendir,11
MHP,mhp,Hatay,hatay,Hatay,10,Yunus Türk,11
MHP,mhp,Hatay,hatay,Hatay,11,Mehmet Özgür Yıldırım,11
MİLLET,millet,Hatay,hatay,Hatay,1,Süleyman Başar,11
MİLLET,millet,Hatay,hatay,Hatay,2,Mehmet Şen,11
MİLLET,millet,Hatay,hatay,Hatay,3,Zekiye Nacar,11
MİLLET,millet,Hatay,hatay,Hatay,4,Havane Yüksel,11
MİLLET,millet,Hatay,hatay,Hatay,5,Ayşe İnce,11
MİLLET,millet,Hatay,hatay,Hatay,6,Mustafa Yıldız,11
MİLLET,millet,Hatay,hatay,Hatay,7,Kudret Özdemir,11
MİLLET,millet,Hatay,hatay,Hatay,8,Salih Kara,11
MİLLET,millet,Hatay,hatay,Hatay,9,Hikmet Candan,11
MİLLET,millet,Hatay,hatay,Hatay,10,Perihan Mısral,11
MİLLET,millet,Hatay,hatay,Hatay,11,Hasan Talas,11
Sol Parti,solparti,Hatay,hatay,Hatay,1,Feray Aytekin Aydoğan,11
Sol Parti,solparti,Hatay,hatay,Hatay,2,Serbay Mansuroğlu,11
Sol Parti,solparti,Hatay,hatay,Hatay,3,Ahmet Güneş,11
Sol Parti,solparti,Hatay,hatay,Hatay,4,Miray Payaslı,11
Sol Parti,solparti,Hatay,hatay,Hatay,5,Ali İhsan Köse,11
Sol Parti,solparti,Hatay,hatay,Hatay,6,Aşkın Devrim Dönmezer,11
Sol Parti,solparti,Hatay,hatay,Hatay,7,Muhammed Doğuhan,11
Sol Parti,solparti,Hatay,hatay,Hatay,8,Can Çiçek,11
Sol Parti,solparti,Hatay,hatay,Hatay,9,Ali Kara,11
Sol Parti,solparti,Hatay,hatay,Hatay,10,Deniz Bulunmaz,11
Sol Parti,solparti,Hatay,hatay,Hatay,11,Levent Hekim,11
TİP,tip,Hatay,hatay,Hatay,1,Şerafettin Can Atalay,11
TİP,tip,Hatay,hatay,Hatay,2,Aylin Açıkgöz,11
TİP,tip,Hatay,hatay,Hatay,3,Mehmet Ali Gümüş,11
TİP,tip,Hatay,hatay,Hatay,4,Emrah Karaçay,11
TİP,tip,Hatay,hatay,Hatay,5,Hasan Aşkar,11
TİP,tip,Hatay,hatay,Hatay,6,Nurcan Ördek,11
TİP,tip,Hatay,hatay,Hatay,7,Cansu Daloğlu,11
TİP,tip,Hatay,hatay,Hatay,8,Barış Dağ,11
TİP,tip,Hatay,hatay,Hatay,9,Abdulhamit Yayar,11
TİP,tip,Hatay,hatay,Hatay,10,Hüseyin Akgöl,11
TİP,tip,Hatay,hatay,Hatay,11,Özlem Parlak,11
TKH,tkh,Hatay,hatay,Hatay,1,Nuray Yenil,11
TKH,tkh,Hatay,hatay,Hatay,2,Ali Öztutan,11
TKH,tkh,Hatay,hatay,Hatay,3,Tilbe Su Aslanpay,11
TKH,tkh,Hatay,hatay,Hatay,4,Abdullah Tutuş,11
TKH,tkh,Hatay,hatay,Hatay,5,Uğur Ertaş,11
TKH,tkh,Hatay,hatay,Hatay,6,Serdar Doğan,11
TKH,tkh,Hatay,hatay,Hatay,7,Ahmet Yorgan,11
TKH,tkh,Hatay,hatay,Hatay,8,Maksut Kamit,11
TKH,tkh,Hatay,hatay,Hatay,9,Meryem İpek Ertaş,11
TKH,tkh,Hatay,hatay,Hatay,10,Cumhur Tamer Taşcı,11
TKH,tkh,Hatay,hatay,Hatay,11,Süleyman Keskin,11
TKP,tkp,Hatay,hatay,Hatay,1,İsmail Tektaş,11
TKP,tkp,Hatay,hatay,Hatay,2,Mehmet Alvanoğlu,11
TKP,tkp,Hatay,hatay,Hatay,3,İsmail Nergüz,11
TKP,tkp,Hatay,hatay,Hatay,4,Ali Kiracı,11
TKP,tkp,Hatay,hatay,Hatay,5,Mehmet Öztürk,11
TKP,tkp,Hatay,hatay,Hatay,6,Belgin Alkan,11
TKP,tkp,Hatay,hatay,Hatay,7,Hasan Şirin,11
TKP,tkp,Hatay,hatay,Hatay,8,Melisa Yeniocak,11
TKP,tkp,Hatay,hatay,Hatay,9,Deniz Mengüllüoğlu,11
TKP,tkp,Hatay,hatay,Hatay,10,Ali Özenir,11
TKP,tkp,Hatay,hatay,Hatay,11,Özge Baştürk,11
Vatan,vatanpartisi,Hatay,hatay,Hatay,1,Zerrin Öztürk,11
Vatan,vatanpartisi,Hatay,hatay,Hatay,2,Sadık Karakaş,11
Vatan,vatanpartisi,Hatay,hatay,Hatay,3,Ali Erdem Köz,11
Vatan,vatanpartisi,Hatay,hatay,Hatay,4,Ali Başkut,11
Vatan,vatanpartisi,Hatay,hatay,Hatay,5,Gönül Gökkan Kurtul,11
Vatan,vatanpartisi,Hatay,hatay,Hatay,6,Alikan Uçar,11
Vatan,vatanpartisi,Hatay,hatay,Hatay,7,Beşir Baysoy,11
Vatan,vatanpartisi,Hatay,hatay,Hatay,8,Mustafa Bebek,11
Vatan,vatanpartisi,Hatay,hatay,Hatay,9,Şebnem Dilşen,11
Vatan,vatanpartisi,Hatay,hatay,Hatay,10,İsmail Hıfzı Coşkuner,11
Vatan,vatanpartisi,Hatay,hatay,Hatay,11,İlhan Dilşen,11
Y.Refah,yenidenrefah,Hatay,hatay,Hatay,1,Yusuf Metin,11
Y.Refah,yenidenrefah,Hatay,hatay,Hatay,2,Latif Çelik,11
Y.Refah,yenidenrefah,Hatay,hatay,Hatay,3,Abdullah Yıldız,11
Y.Refah,yenidenrefah,Hatay,hatay,Hatay,4,Mustafa Açıcı,11
Y.Refah,yenidenrefah,Hatay,hatay,Hatay,5,Mehmet Dinçer,11
Y.Refah,yenidenrefah,Hatay,hatay,Hatay,6,Mehmet Ezer,11
Y.Refah,yenidenrefah,Hatay,hatay,Hatay,7,Cumali Helvacı,11
Y.Refah,yenidenrefah,Hatay,hatay,Hatay,8,Yakup Doğru,11
Y.Refah,yenidenrefah,Hatay,hatay,Hatay,9,Enis Hacıosmanoğlu,11
Y.Refah,yenidenrefah,Hatay,hatay,Hatay,10,Ömer Yiğit,11
Y.Refah,yenidenrefah,Hatay,hatay,Hatay,11,Gürkan Akbaş,11
Y.Sol Parti,yesilsolparti,Hatay,hatay,Hatay,1,Kerem Nalbant,11
Y.Sol Parti,yesilsolparti,Hatay,hatay,Hatay,2,Şirin Nur Vural,11
Y.Sol Parti,yesilsolparti,Hatay,hatay,Hatay,3,Nihat Eraslan,11
Y.Sol Parti,yesilsolparti,Hatay,hatay,Hatay,4,Mehtap Sert,11
Y.Sol Parti,yesilsolparti,Hatay,hatay,Hatay,5,Yusuf Kimyon,11
Y.Sol Parti,yesilsolparti,Hatay,hatay,Hatay,6,Mediha Öncel Muhamad,11
Y.Sol Parti,yesilsolparti,Hatay,hatay,Hatay,7,Semih Aksakal,11
Y.Sol Parti,yesilsolparti,Hatay,hatay,Hatay,8,Özgür Yaldız,11
Y.Sol Parti,yesilsolparti,Hatay,hatay,Hatay,9,Mevlüt Bulgur,11
Y.Sol Parti,yesilsolparti,Hatay,hatay,Hatay,10,Ercüment Kimyon,11
Y.Sol Parti,yesilsolparti,Hatay,hatay,Hatay,11,Herdem Acar,11
YP,yp,Hatay,hatay,Hatay,1,Hüseyin Yunus Yükler,11
YP,yp,Hatay,hatay,Hatay,2,Süleyman Çam,11
YP,yp,Hatay,hatay,Hatay,3,Halil İbrahim İnanç,11
YP,yp,Hatay,hatay,Hatay,4,Sedat Özcan,11
YP,yp,Hatay,hatay,Hatay,5,Ayşe Solmaz,11
YP,yp,Hatay,hatay,Hatay,6,Melih Burhan Yaldıran,11
YP,yp,Hatay,hatay,Hatay,7,Yusuf İçmen,11
YP,yp,Hatay,hatay,Hatay,8,Yusuf Solmaz,11
YP,yp,Hatay,hatay,Hatay,9,İbrahim Kurucudal,11
YP,yp,Hatay,hatay,Hatay,10,Erol Sarıkaya,11
YP,yp,Hatay,hatay,Hatay,11,Kezban Yıldırım,11
Zafer,zaferpartisi,Hatay,hatay,Hatay,1,Ali Atvur,11
Zafer,zaferpartisi,Hatay,hatay,Hatay,2,Suphi Yıldız,11
Zafer,zaferpartisi,Hatay,hatay,Hatay,3,Soner Güney,11
Zafer,zaferpartisi,Hatay,hatay,Hatay,4,Minehan Akcan,11
Zafer,zaferpartisi,Hatay,hatay,Hatay,5,Şevval Gökşin Atataş,11
Zafer,zaferpartisi,Hatay,hatay,Hatay,6,Ayhan Bekler,11
Zafer,zaferpartisi,Hatay,hatay,Hatay,7,Süleyman Savaşır,11
Zafer,zaferpartisi,Hatay,hatay,Hatay,8,Mehmet Fatih Hanoğlu,11
Zafer,zaferpartisi,Hatay,hatay,Hatay,9,Fatih Şengül,11
Zafer,zaferpartisi,Hatay,hatay,Hatay,10,Mehmet Gökhan Türkmenoğlu,11
Zafer,zaferpartisi,Hatay,hatay,Hatay,11,Ayten Semerci,11
AB,ab,Iğdır,igdir,Iğdır,1,Güven Yıldız,2
AB,ab,Iğdır,igdir,Iğdır,2,Samet Batur,2
Adalet,ap,Iğdır,igdir,Iğdır,1,İbrahim Emre Akyol,2
Adalet,ap,Iğdır,igdir,Iğdır,2,Volkan Yalçın,2
AK Parti,akparti,Iğdır,igdir,Iğdır,1,Cantürk Alagöz,2
AK Parti,akparti,Iğdır,igdir,Iğdır,2,Ahmet Tutulmaz,2
ANAP,anap,Iğdır,igdir,Iğdır,1,Başak Durum,2
ANAP,anap,Iğdır,igdir,Iğdır,2,Seyhan Selin Çelebi,2
Bağımsız,bagimsiz,Iğdır,igdir,Iğdır,1,Ayhan Aydın,2
Bağımsız,bagimsiz,Iğdır,igdir,Iğdır,2,Savaş Kaya,2
BBP,bbp,Iğdır,igdir,Iğdır,1,Ali Bozyiğit,2
BBP,bbp,Iğdır,igdir,Iğdır,2,Nursel Eyüboğlu,2
CHP,chp,Iğdır,igdir,Iğdır,1,Yusuf Aslan,2
CHP,chp,Iğdır,igdir,Iğdır,2,İsmail Sarıboğa,2
GBP,gbp,Iğdır,igdir,Iğdır,1,Aliye Yüksel,2
GBP,gbp,Iğdır,igdir,Iğdır,2,Doğan Yüksel,2
Genç Parti,gencparti,Iğdır,igdir,Iğdır,1,Ömer Arabacı,2
Genç Parti,gencparti,Iğdır,igdir,Iğdır,2,Oğuzhan Turgut,2
HAK-PAR,hakpar,Iğdır,igdir,Iğdır,1,Şahin Atmaca,2
HAK-PAR,hakpar,Iğdır,igdir,Iğdır,2,Metin Erden,2
HKP,hkp,Iğdır,igdir,Iğdır,1,Tuba Dalar,2
HKP,hkp,Iğdır,igdir,Iğdır,2,Galip Akay,2
İyi Parti,iyiparti,Iğdır,igdir,Iğdır,1,Kerem Karabulut,2
İyi Parti,iyiparti,Iğdır,igdir,Iğdır,2,Taner Başaran,2
Memleket,memleket,Iğdır,igdir,Iğdır,1,Leyla Uygur,2
Memleket,memleket,Iğdır,igdir,Iğdır,2,Muzaffer Ademi,2
MHP,mhp,Iğdır,igdir,Iğdır,1,Yaşar Karadağ,2
MHP,mhp,Iğdır,igdir,Iğdır,2,İbrahim Dizman,2
MİLLET,millet,Iğdır,igdir,Iğdır,1,Sevdenur Dilara Ötgün,2
MİLLET,millet,Iğdır,igdir,Iğdır,2,Mustafa Karakoyunlu,2
Milli Yol,milliyol,Iğdır,igdir,Iğdır,1,Ayşe Demet Karakaş,2
Milli Yol,milliyol,Iğdır,igdir,Iğdır,2,Ellez Aras,2
Sol Parti,solparti,Iğdır,igdir,Iğdır,1,Derya Hekim,2
Sol Parti,solparti,Iğdır,igdir,Iğdır,2,Uğur Çepe,2
TKH,tkh,Iğdır,igdir,Iğdır,1,Erkan Pınarbaşı,2
TKH,tkh,Iğdır,igdir,Iğdır,2,Müjgan Kılıç,2
TKP,tkp,Iğdır,igdir,Iğdır,1,Mehmet Börekci,2
TKP,tkp,Iğdır,igdir,Iğdır,2,Ecem Küçükdere,2
Vatan,vatanpartisi,Iğdır,igdir,Iğdır,1,Uğur Bıçaklıoğlu,2
Vatan,vatanpartisi,Iğdır,igdir,Iğdır,2,Kibele Su Taşci,2
Y.Refah,yenidenrefah,Iğdır,igdir,Iğdır,1,İbrahim Onay,2
Y.Refah,yenidenrefah,Iğdır,igdir,Iğdır,2,Gökhan Uyandık,2
Y.Sol Parti,yesilsolparti,Iğdır,igdir,Iğdır,1,Yılmaz Hun,2
Y.Sol Parti,yesilsolparti,Iğdır,igdir,Iğdır,2,Aysel Aras,2
YP,yp,Iğdır,igdir,Iğdır,1,Yaşar Temir,2
YP,yp,Iğdır,igdir,Iğdır,2,Serhan Koray Çifci,2
Adalet,ap,Isparta,isparta,Isparta,1,Uğur Girginer,4
Adalet,ap,Isparta,isparta,Isparta,2,Hüseyin Yener,4
Adalet,ap,Isparta,isparta,Isparta,3,Emel Ecevit,4
Adalet,ap,Isparta,isparta,Isparta,4,Metin Akgün,4
AK Parti,akparti,Isparta,isparta,Isparta,1,Mehmet Uğur Gökgöz,4
AK Parti,akparti,Isparta,isparta,Isparta,2,Osman Zabun,4
AK Parti,akparti,Isparta,isparta,Isparta,3,Yakup Kütük,4
AK Parti,akparti,Isparta,isparta,Isparta,4,Nesrin Semiz,4
ANAP,anap,Isparta,isparta,Isparta,1,Şahin Kantar,4
ANAP,anap,Isparta,isparta,Isparta,2,Eren Gülerim,4
ANAP,anap,Isparta,isparta,Isparta,3,Ahmet Karababa,4
ANAP,anap,Isparta,isparta,Isparta,4,Nazlı Kanlıoğlu,4
Bağımsız,bagimsiz,Isparta,isparta,Isparta,1,Ali İhsan Ulusal,4
Bağımsız,bagimsiz,Isparta,isparta,Isparta,2,Mustafa Aydemir,4
BBP,bbp,Isparta,isparta,Isparta,1,Kuddusi Karataş,4
BBP,bbp,Isparta,isparta,Isparta,2,Fatma Özlem Toptaş,4
BBP,bbp,Isparta,isparta,Isparta,3,Ferhat Pediz,4
BBP,bbp,Isparta,isparta,Isparta,4,Ferdi Aytekin,4
CHP,chp,Isparta,isparta,Isparta,1,Hikmet Yalım Halıcı,4
CHP,chp,Isparta,isparta,Isparta,2,Mehmet Tamer Cantekin,4
CHP,chp,Isparta,isparta,Isparta,3,Hüseyin Yıldızhan,4
CHP,chp,Isparta,isparta,Isparta,4,Hatice Yıldız,4
Genç Parti,gencparti,Isparta,isparta,Isparta,1,Levent Ateş,4
Genç Parti,gencparti,Isparta,isparta,Isparta,2,Özkan Cumhur Altıntaş,4
Genç Parti,gencparti,Isparta,isparta,Isparta,3,Olcay Gökyer,4
Genç Parti,gencparti,Isparta,isparta,Isparta,4,Ahmet Demiroğlu,4
HAK-PAR,hakpar,Isparta,isparta,Isparta,1,Nazenin Güneş,4
HAK-PAR,hakpar,Isparta,isparta,Isparta,2,Naciye Çiçek,4
HAK-PAR,hakpar,Isparta,isparta,Isparta,3,Abdullah Kızıldağ,4
HAK-PAR,hakpar,Isparta,isparta,Isparta,4,Celal Şimşek,4
HKP,hkp,Isparta,isparta,Isparta,1,Özten Gülay,4
HKP,hkp,Isparta,isparta,Isparta,2,Hamza Pehlivan,4
HKP,hkp,Isparta,isparta,Isparta,3,Ali Dede,4
HKP,hkp,Isparta,isparta,Isparta,4,Kutay Gülay,4
İyi Parti,iyiparti,Isparta,isparta,Isparta,1,Aylin Cesur,4
İyi Parti,iyiparti,Isparta,isparta,Isparta,2,Timuçin Kodaman,4
İyi Parti,iyiparti,Isparta,isparta,Isparta,3,İsmet Yılmaz,4
İyi Parti,iyiparti,Isparta,isparta,Isparta,4,Faruk Torun,4
Memleket,memleket,Isparta,isparta,Isparta,1,Harun Hakeri,4
Memleket,memleket,Isparta,isparta,Isparta,2,Mehmet Güngör,4
Memleket,memleket,Isparta,isparta,Isparta,3,Sabri Kocabaş,4
Memleket,memleket,Isparta,isparta,Isparta,4,Cihan Kadıkıran,4
MHP,mhp,Isparta,isparta,Isparta,1,Hasan Basri Sönmez,4
MHP,mhp,Isparta,isparta,Isparta,2,Selim Öncel,4
MHP,mhp,Isparta,isparta,Isparta,3,Ahmet Kaya,4
MHP,mhp,Isparta,isparta,Isparta,4,Cennet Toker,4
MİLLET,millet,Isparta,isparta,Isparta,1,Celil Aydın,4
MİLLET,millet,Isparta,isparta,Isparta,2,Muhammet Soydal,4
MİLLET,millet,Isparta,isparta,Isparta,3,Mustan Çelik,4
MİLLET,millet,Isparta,isparta,Isparta,4,Hatice Ertuğrul,4
Milli Yol,milliyol,Isparta,isparta,Isparta,1,Hasan Heybeli,4
Milli Yol,milliyol,Isparta,isparta,Isparta,2,Mehmet Işık,4
Milli Yol,milliyol,Isparta,isparta,Isparta,3,Yunus Yılmaztürk,4
Milli Yol,milliyol,Isparta,isparta,Isparta,4,Hakan Gömük,4
Sol Parti,solparti,Isparta,isparta,Isparta,1,Sinem Yakıcı,4
Sol Parti,solparti,Isparta,isparta,Isparta,2,Nihat Gür,4
Sol Parti,solparti,Isparta,isparta,Isparta,3,Hüseyin Buldan,4
Sol Parti,solparti,Isparta,isparta,Isparta,4,Emre Güner,4
TİP,tip,Isparta,isparta,Isparta,1,Zübeyde Arslan,4
TİP,tip,Isparta,isparta,Isparta,2,Cafer Yelsalı,4
TİP,tip,Isparta,isparta,Isparta,3,Ali Nur Dönmez,4
TİP,tip,Isparta,isparta,Isparta,4,Oylun Ercan,4
TKH,tkh,Isparta,isparta,Isparta,1,Bürol Yıldız,4
TKH,tkh,Isparta,isparta,Isparta,2,Koray Kaya,4
TKH,tkh,Isparta,isparta,Isparta,3,Ayşe Gümüş,4
TKH,tkh,Isparta,isparta,Isparta,4,Ulaş Cengiz Kumanlı,4
TKP,tkp,Isparta,isparta,Isparta,1,Hasan Erol Eroğlu,4
TKP,tkp,Isparta,isparta,Isparta,2,Munzur Baba Taşkıran,4
TKP,tkp,Isparta,isparta,Isparta,3,Özkan Baran Oktay,4
TKP,tkp,Isparta,isparta,Isparta,4,Ulaş Ümit Ural,4
Vatan,vatanpartisi,Isparta,isparta,Isparta,1,Melahat Köse,4
Vatan,vatanpartisi,Isparta,isparta,Isparta,2,Necmi Alkan,4
Vatan,vatanpartisi,Isparta,isparta,Isparta,3,Turan Canıtez,4
Vatan,vatanpartisi,Isparta,isparta,Isparta,4,Musa Yeşiltaş,4
Y.Refah,yenidenrefah,Isparta,isparta,Isparta,1,İsmail Kıvrak,4
Y.Refah,yenidenrefah,Isparta,isparta,Isparta,2,Samet Tonay,4
Y.Refah,yenidenrefah,Isparta,isparta,Isparta,3,Ramazan Özdamar,4
Y.Refah,yenidenrefah,Isparta,isparta,Isparta,4,Süleyman Aydoğdu,4
Y.Sol Parti,yesilsolparti,Isparta,isparta,Isparta,1,Cüneyt Laloğlu,4
Y.Sol Parti,yesilsolparti,Isparta,isparta,Isparta,2,Nazlı Tabak,4
Y.Sol Parti,yesilsolparti,Isparta,isparta,Isparta,3,Mehmet Taşçı,4
Y.Sol Parti,yesilsolparti,Isparta,isparta,Isparta,4,Nurten Karagöz,4
YP,yp,Isparta,isparta,Isparta,1,Seher Arıdaş,4
YP,yp,Isparta,isparta,Isparta,2,Mustafa Turan,4
YP,yp,Isparta,isparta,Isparta,3,Ahmet İdris Berat Eren,4
YP,yp,Isparta,isparta,Isparta,4,Deniz Bulak,4
Zafer,zaferpartisi,Isparta,isparta,Isparta,1,Orhan Erdal,4
Zafer,zaferpartisi,Isparta,isparta,Isparta,2,Faruk Baştan,4
Zafer,zaferpartisi,Isparta,isparta,Isparta,3,Hüseyin Yalçın,4
Zafer,zaferpartisi,Isparta,isparta,Isparta,4,Ömür Ezgi Taşkan,4
AB,ab,İstanbul,istanbul,İstanbul 1. Bölge,1,Nejla Güveli Piliççi,35
AB,ab,İstanbul,istanbul,İstanbul 1. Bölge,2,Ethem Gökhan Bilik,35
AB,ab,İstanbul,istanbul,İstanbul 1. Bölge,3,Zeynep Güveli,35
AB,ab,İstanbul,istanbul,İstanbul 1. Bölge,4,Sedef Özgen,35
AB,ab,İstanbul,istanbul,İstanbul 1. Bölge,5,Furkan Turgut,35
AB,ab,İstanbul,istanbul,İstanbul 1. Bölge,6,Reyhan Çetin,35
AB,ab,İstanbul,istanbul,İstanbul 1. Bölge,7,Mehmet Bayrak,35
AB,ab,İstanbul,istanbul,İstanbul 1. Bölge,8,Nisa Aksoy,35
AB,ab,İstanbul,istanbul,İstanbul 1. Bölge,9,Önder Tanrıkut,35
AB,ab,İstanbul,istanbul,İstanbul 1. Bölge,10,Sedanur Sunduvaç,35
AB,ab,İstanbul,istanbul,İstanbul 1. Bölge,11,Kerem Tefekli,35
AB,ab,İstanbul,istanbul,İstanbul 1. Bölge,12,Behzat Tuncil,35
AB,ab,İstanbul,istanbul,İstanbul 1. Bölge,13,Cuma Bağatur,35
AB,ab,İstanbul,istanbul,İstanbul 1. Bölge,14,Ensar Dalğıç,35
AB,ab,İstanbul,istanbul,İstanbul 1. Bölge,15,Gül Tekin Doğan,35
AB,ab,İstanbul,istanbul,İstanbul 1. Bölge,16,Havva Sena Güveli,35
AB,ab,İstanbul,istanbul,İstanbul 1. Bölge,17,Hilal Yüksel,35
AB,ab,İstanbul,istanbul,İstanbul 1. Bölge,18,Mehmet Aksoy,35
AB,ab,İstanbul,istanbul,İstanbul 1. Bölge,19,Meltem Dursun,35
AB,ab,İstanbul,istanbul,İstanbul 1. Bölge,20,Gözde Doğan Özbilgiç,35
AB,ab,İstanbul,istanbul,İstanbul 1. Bölge,21,Okay Çetin,35
AB,ab,İstanbul,istanbul,İstanbul 1. Bölge,22,Ozan Kılınç,35
AB,ab,İstanbul,istanbul,İstanbul 1. Bölge,23,Ece Kök,35
AB,ab,İstanbul,istanbul,İstanbul 1. Bölge,24,Simge Güngör,35
AB,ab,İstanbul,istanbul,İstanbul 1. Bölge,25,Susa Demirel,35
AB,ab,İstanbul,istanbul,İstanbul 1. Bölge,26,Serkan Yasak,35
AB,ab,İstanbul,istanbul,İstanbul 1. Bölge,27,Nurcan Laçin,35
AB,ab,İstanbul,istanbul,İstanbul 1. Bölge,28,Kader Polat,35
AB,ab,İstanbul,istanbul,İstanbul 1. Bölge,29,Orhan Koral,35
AB,ab,İstanbul,istanbul,İstanbul 1. Bölge,30,Onur Özden,35
AB,ab,İstanbul,istanbul,İstanbul 1. Bölge,31,Hüseyin Çalo,35
AB,ab,İstanbul,istanbul,İstanbul 1. Bölge,32,Bilalcan Demirdaş,35
AB,ab,İstanbul,istanbul,İstanbul 1. Bölge,33,Tahsin Toplu,35
AB,ab,İstanbul,istanbul,İstanbul 1. Bölge,34,Murat Ercan,35
AB,ab,İstanbul,istanbul,İstanbul 1. Bölge,35,İsa Büyükaydın,35
AB,ab,İstanbul,istanbul,İstanbul 2. Bölge,1,Zeki Demir,27
AB,ab,İstanbul,istanbul,İstanbul 2. Bölge,2,Mustafa Şükür Aycı,27
AB,ab,İstanbul,istanbul,İstanbul 2. Bölge,3,Turusan Bağcı,27
AB,ab,İstanbul,istanbul,İstanbul 2. Bölge,4,Muharrem Mutlu,27
AB,ab,İstanbul,istanbul,İstanbul 2. Bölge,5,Gülten Parlar,27
AB,ab,İstanbul,istanbul,İstanbul 2. Bölge,6,Yağmur Özşirin,27
AB,ab,İstanbul,istanbul,İstanbul 2. Bölge,7,Burak Güneş,27
AB,ab,İstanbul,istanbul,İstanbul 2. Bölge,8,Rojin Anli,27
AB,ab,İstanbul,istanbul,İstanbul 2. Bölge,9,Yunus Odabaş,27
AB,ab,İstanbul,istanbul,İstanbul 2. Bölge,10,Fatma Pirol,27
AB,ab,İstanbul,istanbul,İstanbul 2. Bölge,11,Muhammet Bay,27
AB,ab,İstanbul,istanbul,İstanbul 2. Bölge,12,Sıla Ergül,27
AB,ab,İstanbul,istanbul,İstanbul 2. Bölge,13,Sezai Hallaç,27
AB,ab,İstanbul,istanbul,İstanbul 2. Bölge,14,Selma Okatar,27
AB,ab,İstanbul,istanbul,İstanbul 2. Bölge,15,Tuğba Köse,27
AB,ab,İstanbul,istanbul,İstanbul 2. Bölge,16,Coşkun Aydemir,27
AB,ab,İstanbul,istanbul,İstanbul 2. Bölge,17,Halil Çapçıoğlu,27
AB,ab,İstanbul,istanbul,İstanbul 2. Bölge,18,Hüseyin Duman,27
AB,ab,İstanbul,istanbul,İstanbul 2. Bölge,19,Mehmet Sakin Ayhan,27
AB,ab,İstanbul,istanbul,İstanbul 2. Bölge,20,Murat Memiş,27
AB,ab,İstanbul,istanbul,İstanbul 2. Bölge,21,Mustafa Kızılcan,27
AB,ab,İstanbul,istanbul,İstanbul 2. Bölge,22,Veysel Uzun,27
AB,ab,İstanbul,istanbul,İstanbul 2. Bölge,23,Haydar Aksu,27
AB,ab,İstanbul,istanbul,İstanbul 2. Bölge,24,Serkan Demir,27
AB,ab,İstanbul,istanbul,İstanbul 2. Bölge,25,Mert Yırgan,27
AB,ab,İstanbul,istanbul,İstanbul 2. Bölge,26,Vedat Oran,27
AB,ab,İstanbul,istanbul,İstanbul 2. Bölge,27,Gizem Süslü,27
AB,ab,İstanbul,istanbul,İstanbul 3. Bölge,1,İrfan Uzun,36
AB,ab,İstanbul,istanbul,İstanbul 3. Bölge,2,Bilal Yalçın,36
AB,ab,İstanbul,istanbul,İstanbul 3. Bölge,3,Selen Fidancı,36
AB,ab,İstanbul,istanbul,İstanbul 3. Bölge,4,Duygu Gündoğdu,36
AB,ab,İstanbul,istanbul,İstanbul 3. Bölge,5,Serhat Can,36
AB,ab,İstanbul,istanbul,İstanbul 3. Bölge,6,Ramazan Ergin,36
AB,ab,İstanbul,istanbul,İstanbul 3. Bölge,7,Bilal Bektaş,36
AB,ab,İstanbul,istanbul,İstanbul 3. Bölge,8,Hatice İlknur Uzun,36
AB,ab,İstanbul,istanbul,İstanbul 3. Bölge,9,Nesrullah Pirol,36
AB,ab,İstanbul,istanbul,İstanbul 3. Bölge,10,Mahir Varlı,36
AB,ab,İstanbul,istanbul,İstanbul 3. Bölge,11,Aydın Keleş,36
AB,ab,İstanbul,istanbul,İstanbul 3. Bölge,12,Ahmet Topal,36
AB,ab,İstanbul,istanbul,İstanbul 3. Bölge,13,Tuncay Kaplan,36
AB,ab,İstanbul,istanbul,İstanbul 3. Bölge,14,Hüdaver Kurt,36
AB,ab,İstanbul,istanbul,İstanbul 3. Bölge,15,Ozan Efe Baş,36
AB,ab,İstanbul,istanbul,İstanbul 3. Bölge,16,Murat Alpaslan,36
AB,ab,İstanbul,istanbul,İstanbul 3. Bölge,17,Gülsüm Gökgöz,36
AB,ab,İstanbul,istanbul,İstanbul 3. Bölge,18,Abdulkadir Bayram,36
AB,ab,İstanbul,istanbul,İstanbul 3. Bölge,19,Edanur Sunduvaç,36
AB,ab,İstanbul,istanbul,İstanbul 3. Bölge,20,Ezgi Uludağ,36
AB,ab,İstanbul,istanbul,İstanbul 3. Bölge,21,Resul Tepeli,36
AB,ab,İstanbul,istanbul,İstanbul 3. Bölge,22,Feray Özerol,36
AB,ab,İstanbul,istanbul,İstanbul 3. Bölge,23,Fettullah Çiftçi,36
AB,ab,İstanbul,istanbul,İstanbul 3. Bölge,24,Kader Efek Özdemir,36
AB,ab,İstanbul,istanbul,İstanbul 3. Bölge,25,Fatma Keskin,36
AB,ab,İstanbul,istanbul,İstanbul 3. Bölge,26,Ahmet Kılınç,36
AB,ab,İstanbul,istanbul,İstanbul 3. Bölge,27,Muhammet Alper Abul,36
AB,ab,İstanbul,istanbul,İstanbul 3. Bölge,28,Mustafa Ergin,36
AB,ab,İstanbul,istanbul,İstanbul 3. Bölge,29,Okan Kaptaş,36
AB,ab,İstanbul,istanbul,İstanbul 3. Bölge,30,Nuri Kandemir,36
AB,ab,İstanbul,istanbul,İstanbul 3. Bölge,31,Oğuzhan Özer,36
AB,ab,İstanbul,istanbul,İstanbul 3. Bölge,32,Alirıza Acar,36
AB,ab,İstanbul,istanbul,İstanbul 3. Bölge,33,Erol Boyacı,36
AB,ab,İstanbul,istanbul,İstanbul 3. Bölge,34,Ayşe Şahin,36
AB,ab,İstanbul,istanbul,İstanbul 3. Bölge,35,Mustafa Poyraz,36
AB,ab,İstanbul,istanbul,İstanbul 3. Bölge,36,Ayhan Aksoy,36
Adalet,ap,İstanbul,istanbul,İstanbul 1. Bölge,1,Ferhat Beran,35
Adalet,ap,İstanbul,istanbul,İstanbul 1. Bölge,2,Mehmet Salih Akgün,35
Adalet,ap,İstanbul,istanbul,İstanbul 1. Bölge,3,Ramazan Sarı,35
Adalet,ap,İstanbul,istanbul,İstanbul 1. Bölge,4,Yeşim Demircan Laçın,35
Adalet,ap,İstanbul,istanbul,İstanbul 1. Bölge,5,Hazel Canpolat,35
Adalet,ap,İstanbul,istanbul,İstanbul 1. Bölge,6,Sedat Gür,35
Adalet,ap,İstanbul,istanbul,İstanbul 1. Bölge,7,Muzaffer Karakoç,35
Adalet,ap,İstanbul,istanbul,İstanbul 1. Bölge,8,Turhan Gedik,35
Adalet,ap,İstanbul,istanbul,İstanbul 1. Bölge,9,Kamil Efe Sungar,35
Adalet,ap,İstanbul,istanbul,İstanbul 1. Bölge,10,Zeynep Özlük,35
Adalet,ap,İstanbul,istanbul,İstanbul 1. Bölge,11,Yalçın Durmaz,35
Adalet,ap,İstanbul,istanbul,İstanbul 1. Bölge,12,Mehmet Köse,35
Adalet,ap,İstanbul,istanbul,İstanbul 1. Bölge,13,Dilek Pör,35
Adalet,ap,İstanbul,istanbul,İstanbul 1. Bölge,14,Sevgi Çılğın,35
Adalet,ap,İstanbul,istanbul,İstanbul 1. Bölge,15,Yağmur Alper,35
Adalet,ap,İstanbul,istanbul,İstanbul 1. Bölge,16,Aslıhan Özçelik,35
Adalet,ap,İstanbul,istanbul,İstanbul 1. Bölge,17,Gönül Efiloğlu,35
Adalet,ap,İstanbul,istanbul,İstanbul 1. Bölge,18,Aslı Morgil,35
Adalet,ap,İstanbul,istanbul,İstanbul 1. Bölge,19,Şerafettin Ekrem Yardımcı,35
Adalet,ap,İstanbul,istanbul,İstanbul 1. Bölge,20,Tuana Solmaz,35
Adalet,ap,İstanbul,istanbul,İstanbul 1. Bölge,21,Ufuk Üründü,35
Adalet,ap,İstanbul,istanbul,İstanbul 1. Bölge,22,Zekai Topal,35
Adalet,ap,İstanbul,istanbul,İstanbul 1. Bölge,23,İlhan Can,35
Adalet,ap,İstanbul,istanbul,İstanbul 1. Bölge,24,Zeki Topal,35
Adalet,ap,İstanbul,istanbul,İstanbul 1. Bölge,25,Aydın Demirci,35
Adalet,ap,İstanbul,istanbul,İstanbul 1. Bölge,26,Dilan Tanrıverdi,35
Adalet,ap,İstanbul,istanbul,İstanbul 1. Bölge,27,Necip Aslan,35
Adalet,ap,İstanbul,istanbul,İstanbul 1. Bölge,28,Hızır Erdoğdu,35
Adalet,ap,İstanbul,istanbul,İstanbul 1. Bölge,29,Mehtap Aydın,35
Adalet,ap,İstanbul,istanbul,İstanbul 1. Bölge,30,Ahmet Çiplak,35
Adalet,ap,İstanbul,istanbul,İstanbul 1. Bölge,31,Ömer Yazıcı,35
Adalet,ap,İstanbul,istanbul,İstanbul 1. Bölge,32,Metehan Mete,35
Adalet,ap,İstanbul,istanbul,İstanbul 1. Bölge,33,Mümin Özbay,35
Adalet,ap,İstanbul,istanbul,İstanbul 1. Bölge,34,Derya Deniz Arslan,35
Adalet,ap,İstanbul,istanbul,İstanbul 1. Bölge,35,İbrahim Kutluer,35
Adalet,ap,İstanbul,istanbul,İstanbul 2. Bölge,1,Sahavet Filiz Erdoğdu,27
Adalet,ap,İstanbul,istanbul,İstanbul 2. Bölge,2,Neslihan Çakmak,27
Adalet,ap,İstanbul,istanbul,İstanbul 2. Bölge,3,Yasemin Özbay,27
Adalet,ap,İstanbul,istanbul,İstanbul 2. Bölge,4,Emine Yasemin Sancar,27
Adalet,ap,İstanbul,istanbul,İstanbul 2. Bölge,5,Samet Güçlü,27
Adalet,ap,İstanbul,istanbul,İstanbul 2. Bölge,6,Müge Boncukçu,27
Adalet,ap,İstanbul,istanbul,İstanbul 2. Bölge,7,Ufuk Özdağ,27
Adalet,ap,İstanbul,istanbul,İstanbul 2. Bölge,8,Ali Efe,27
Adalet,ap,İstanbul,istanbul,İstanbul 2. Bölge,9,Hüseyin Nişan,27
Adalet,ap,İstanbul,istanbul,İstanbul 2. Bölge,10,Mehmethan Taşkıran,27
Adalet,ap,İstanbul,istanbul,İstanbul 2. Bölge,11,Ergün Sezer,27
Adalet,ap,İstanbul,istanbul,İstanbul 2. Bölge,12,Muhammet Albayrak,27
Adalet,ap,İstanbul,istanbul,İstanbul 2. Bölge,13,Elif Şanlı,27
Adalet,ap,İstanbul,istanbul,İstanbul 2. Bölge,14,Kaan Özçelik,27
Adalet,ap,İstanbul,istanbul,İstanbul 2. Bölge,15,Atakan Kırtay,27
Adalet,ap,İstanbul,istanbul,İstanbul 2. Bölge,16,Buşra Atılgan,27
Adalet,ap,İstanbul,istanbul,İstanbul 2. Bölge,17,Sinem Kılıç,27
Adalet,ap,İstanbul,istanbul,İstanbul 2. Bölge,18,Merve Gündoğdu,27
Adalet,ap,İstanbul,istanbul,İstanbul 2. Bölge,19,Zeliha Kılıç,27
Adalet,ap,İstanbul,istanbul,İstanbul 2. Bölge,20,Salim Boncukçu,27
Adalet,ap,İstanbul,istanbul,İstanbul 2. Bölge,21,Aşkın Tüfenkci,27
Adalet,ap,İstanbul,istanbul,İstanbul 2. Bölge,22,Nevzat Denizhan,27
Adalet,ap,İstanbul,istanbul,İstanbul 2. Bölge,23,Cumali Özgünay,27
Adalet,ap,İstanbul,istanbul,İstanbul 2. Bölge,24,Adil Lafçı,27
Adalet,ap,İstanbul,istanbul,İstanbul 2. Bölge,25,Musa Temel,27
Adalet,ap,İstanbul,istanbul,İstanbul 2. Bölge,26,Hacı Can,27
Adalet,ap,İstanbul,istanbul,İstanbul 2. Bölge,27,Filiz Çakmak,27
AK Parti,akparti,İstanbul,istanbul,İstanbul 1. Bölge,1,Murat Kurum,35
AK Parti,akparti,İstanbul,istanbul,İstanbul 1. Bölge,2,Erkan Kandemir,35
AK Parti,akparti,İstanbul,istanbul,İstanbul 1. Bölge,3,Hasan Turan,35
AK Parti,akparti,İstanbul,istanbul,İstanbul 1. Bölge,4,Müşerref Pervin Tuba Durgut,35
AK Parti,akparti,İstanbul,istanbul,İstanbul 1. Bölge,5,Hulusi Şentürk,35
AK Parti,akparti,İstanbul,istanbul,İstanbul 1. Bölge,6,Mustafa Hulki Cevizoğlu,35
AK Parti,akparti,İstanbul,istanbul,İstanbul 1. Bölge,7,Tuğba Işık Ercan,35
AK Parti,akparti,İstanbul,istanbul,İstanbul 1. Bölge,8,İsmail Erdem,35
AK Parti,akparti,İstanbul,istanbul,İstanbul 1. Bölge,9,Yahya Çelik,35
AK Parti,akparti,İstanbul,istanbul,İstanbul 1. Bölge,10,Behiye Eker,35
AK Parti,akparti,İstanbul,istanbul,İstanbul 1. Bölge,11,Serkan Bayram,35
AK Parti,akparti,İstanbul,istanbul,İstanbul 1. Bölge,12,Ümmügülşen Öztürk,35
AK Parti,akparti,İstanbul,istanbul,İstanbul 1. Bölge,13,Azmi Ekinci,35
AK Parti,akparti,İstanbul,istanbul,İstanbul 1. Bölge,14,Nurettin Alan,35
AK Parti,akparti,İstanbul,istanbul,İstanbul 1. Bölge,15,Fatih Süleyman Denizolgun,35
AK Parti,akparti,İstanbul,istanbul,İstanbul 1. Bölge,16,Leman Yenigün,35
AK Parti,akparti,İstanbul,istanbul,İstanbul 1. Bölge,17,Esma Ersin,35
AK Parti,akparti,İstanbul,istanbul,İstanbul 1. Bölge,18,Umut Arman Sonay,35
AK Parti,akparti,İstanbul,istanbul,İstanbul 1. Bölge,19,Ali Sevinç,35
AK Parti,akparti,İstanbul,istanbul,İstanbul 1. Bölge,20,Mahmut Eminmollaoğlu,35
AK Parti,akparti,İstanbul,istanbul,İstanbul 1. Bölge,21,Rüstem Kabil,35
AK Parti,akparti,İstanbul,istanbul,İstanbul 1. Bölge,22,Ali Yazlı,35
AK Parti,akparti,İstanbul,istanbul,İstanbul 1. Bölge,23,Aydoğan Ahıakın,35
AK Parti,akparti,İstanbul,istanbul,İstanbul 1. Bölge,24,Zeynettin Aydın,35
AK Parti,akparti,İstanbul,istanbul,İstanbul 1. Bölge,25,Cemal Donat,35
AK Parti,akparti,İstanbul,istanbul,İstanbul 1. Bölge,26,Ebru Saracoğlu,35
AK Parti,akparti,İstanbul,istanbul,İstanbul 1. Bölge,27,Ayşegül Esra Atik,35
AK Parti,akparti,İstanbul,istanbul,İstanbul 1. Bölge,28,Fatih Ögün,35
AK Parti,akparti,İstanbul,istanbul,İstanbul 1. Bölge,29,Zeynep Bayır,35
AK Parti,akparti,İstanbul,istanbul,İstanbul 1. Bölge,30,Murat Açık,35
AK Parti,akparti,İstanbul,istanbul,İstanbul 1. Bölge,31,Veli Arslan,35
AK Parti,akparti,İstanbul,istanbul,İstanbul 1. Bölge,32,Yunus Fırat Aydın,35
AK Parti,akparti,İstanbul,istanbul,İstanbul 1. Bölge,33,Muhammet Enes Savaş,35
AK Parti,akparti,İstanbul,istanbul,İstanbul 1. Bölge,34,Furkan Gökgöz,35
AK Parti,akparti,İstanbul,istanbul,İstanbul 1. Bölge,35,Nurettin Alagöz,35
AK Parti,akparti,İstanbul,istanbul,İstanbul 2. Bölge,1,Süleyman Soylu,27
AK Parti,akparti,İstanbul,istanbul,İstanbul 2. Bölge,2,Halit Yerebakan,27
AK Parti,akparti,İstanbul,istanbul,İstanbul 2. Bölge,3,Rabia İlhan,27
AK Parti,akparti,İstanbul,istanbul,İstanbul 2. Bölge,4,Mehmet Önder Aksakal,27
AK Parti,akparti,İstanbul,istanbul,İstanbul 2. Bölge,5,Mustafa Demir,27
AK Parti,akparti,İstanbul,istanbul,İstanbul 2. Bölge,6,İsmail Emrah Karayel,27
AK Parti,akparti,İstanbul,istanbul,İstanbul 2. Bölge,7,Zafer Sırakaya,27
AK Parti,akparti,İstanbul,istanbul,İstanbul 2. Bölge,8,Büşra Paker,27
AK Parti,akparti,İstanbul,istanbul,İstanbul 2. Bölge,9,Sevan Sıvacıoğlu,27
AK Parti,akparti,İstanbul,istanbul,İstanbul 2. Bölge,10,Derya Ayaydın,27
AK Parti,akparti,İstanbul,istanbul,İstanbul 2. Bölge,11,Adem Yıldırım,27
AK Parti,akparti,İstanbul,istanbul,İstanbul 2. Bölge,12,Sena Nur Çelik,27
AK Parti,akparti,İstanbul,istanbul,İstanbul 2. Bölge,13,Ahmet Bilal Kıymaz,27
AK Parti,akparti,İstanbul,istanbul,İstanbul 2. Bölge,14,Hüseyin Eroğlu,27
AK Parti,akparti,İstanbul,istanbul,İstanbul 2. Bölge,15,Enes Eminoğlu,27
AK Parti,akparti,İstanbul,istanbul,İstanbul 2. Bölge,16,Ahmet Hamdi Çamlı,27
AK Parti,akparti,İstanbul,istanbul,İstanbul 2. Bölge,17,Emre Ustaosmanoğlu,27
AK Parti,akparti,İstanbul,istanbul,İstanbul 2. Bölge,18,Şevki Şar,27
AK Parti,akparti,İstanbul,istanbul,İstanbul 2. Bölge,19,Cahit Altunay,27
AK Parti,akparti,İstanbul,istanbul,İstanbul 2. Bölge,20,Ömer Fuat Günday,27
AK Parti,akparti,İstanbul,istanbul,İstanbul 2. Bölge,21,Orhan Narin,27
AK Parti,akparti,İstanbul,istanbul,İstanbul 2. Bölge,22,Selçuk Kar,27
AK Parti,akparti,İstanbul,istanbul,İstanbul 2. Bölge,23,Kemal Oğuz Kıdil,27
AK Parti,akparti,İstanbul,istanbul,İstanbul 2. Bölge,24,Ferşat Yıldırım,27
AK Parti,akparti,İstanbul,istanbul,İstanbul 2. Bölge,25,Ecrin Nazlı İnan,27
AK Parti,akparti,İstanbul,istanbul,İstanbul 2. Bölge,26,Nazif Barış Çiftçioğlu,27
AK Parti,akparti,İstanbul,istanbul,İstanbul 2. Bölge,27,Beşir Açıkça,27
AK Parti,akparti,İstanbul,istanbul,İstanbul 3. Bölge,1,Numan Kurtulmuş,36
AK Parti,akparti,İstanbul,istanbul,İstanbul 3. Bölge,2,Özlem Zengin,36
AK Parti,akparti,İstanbul,istanbul,İstanbul 3. Bölge,3,Cüneyt Yüksel,36
AK Parti,akparti,İstanbul,istanbul,İstanbul 3. Bölge,4,Zekeriya Yapıcıoğlu,36
AK Parti,akparti,İstanbul,istanbul,İstanbul 3. Bölge,5,Halis Dalkılıç,36
AK Parti,akparti,İstanbul,istanbul,İstanbul 3. Bölge,6,Rümeysa Kadak,36
AK Parti,akparti,İstanbul,istanbul,İstanbul 3. Bölge,7,Oğuz Üçüncü,36
AK Parti,akparti,İstanbul,istanbul,İstanbul 3. Bölge,8,Bayram Şenocak,36
AK Parti,akparti,İstanbul,istanbul,İstanbul 3. Bölge,9,Şamil Ayrım,36
AK Parti,akparti,İstanbul,istanbul,İstanbul 3. Bölge,10,Seda Gören Bölük,36
AK Parti,akparti,İstanbul,istanbul,İstanbul 3. Bölge,11,Nilhan Ayan,36
AK Parti,akparti,İstanbul,istanbul,İstanbul 3. Bölge,12,Yıldız Konal Süslü,36
AK Parti,akparti,İstanbul,istanbul,İstanbul 3. Bölge,13,Şengül Karslı,36
AK Parti,akparti,İstanbul,istanbul,İstanbul 3. Bölge,14,Yücel Arzen Hacıoğulları,36
AK Parti,akparti,İstanbul,istanbul,İstanbul 3. Bölge,15,Halime Kökce,36
AK Parti,akparti,İstanbul,istanbul,İstanbul 3. Bölge,16,Mehmet Sarı,36
AK Parti,akparti,İstanbul,istanbul,İstanbul 3. Bölge,17,Nevzat Şatıroğlu,36
AK Parti,akparti,İstanbul,istanbul,İstanbul 3. Bölge,18,Ekrem Görçeker,36
AK Parti,akparti,İstanbul,istanbul,İstanbul 3. Bölge,19,Necati Karagöz,36
AK Parti,akparti,İstanbul,istanbul,İstanbul 3. Bölge,20,Rasim Erdoğmuş,36
AK Parti,akparti,İstanbul,istanbul,İstanbul 3. Bölge,21,Yusuf Aslan,36
AK Parti,akparti,İstanbul,istanbul,İstanbul 3. Bölge,22,Mustafa Korkut,36
AK Parti,akparti,İstanbul,istanbul,İstanbul 3. Bölge,23,Mutlu Bozoğlu,36
AK Parti,akparti,İstanbul,istanbul,İstanbul 3. Bölge,24,Feti Ahmet Balın,36
AK Parti,akparti,İstanbul,istanbul,İstanbul 3. Bölge,25,Oktay Şamdanlı,36
AK Parti,akparti,İstanbul,istanbul,İstanbul 3. Bölge,26,Mehmet Yıldız,36
AK Parti,akparti,İstanbul,istanbul,İstanbul 3. Bölge,27,Yılmaz Durmuş,36
AK Parti,akparti,İstanbul,istanbul,İstanbul 3. Bölge,28,Nevin Mine Vural,36
AK Parti,akparti,İstanbul,istanbul,İstanbul 3. Bölge,29,Memet Yalçın,36
AK Parti,akparti,İstanbul,istanbul,İstanbul 3. Bölge,30,Nazif Çetin,36
AK Parti,akparti,İstanbul,istanbul,İstanbul 3. Bölge,31,Ramazan Arkan,36
AK Parti,akparti,İstanbul,istanbul,İstanbul 3. Bölge,32,Harun Çelik,36
AK Parti,akparti,İstanbul,istanbul,İstanbul 3. Bölge,33,Rasim Yağar,36
AK Parti,akparti,İstanbul,istanbul,İstanbul 3. Bölge,34,Cemal Toptancı,36
AK Parti,akparti,İstanbul,istanbul,İstanbul 3. Bölge,35,Recep Seyyar,36
AK Parti,akparti,İstanbul,istanbul,İstanbul 3. Bölge,36,Ali Çiçek,36
ANAP,anap,İstanbul,istanbul,İstanbul 1. Bölge,1,Bülent Yıldız,35
ANAP,anap,İstanbul,istanbul,İstanbul 1. Bölge,2,Erdinç Kılıç,35
ANAP,anap,İstanbul,istanbul,İstanbul 1. Bölge,3,İsmail Tekin Özbelli,35
ANAP,anap,İstanbul,istanbul,İstanbul 1. Bölge,4,Bahtiyar Yüksel,35
ANAP,anap,İstanbul,istanbul,İstanbul 1. Bölge,5,Özlem Şengül,35
ANAP,anap,İstanbul,istanbul,İstanbul 1. Bölge,6,Sinan Bozay,35
ANAP,anap,İstanbul,istanbul,İstanbul 1. Bölge,7,Semih Bakır,35
ANAP,anap,İstanbul,istanbul,İstanbul 1. Bölge,8,Serhat Aydemir,35
ANAP,anap,İstanbul,istanbul,İstanbul 1. Bölge,9,Adem Güler,35
ANAP,anap,İstanbul,istanbul,İstanbul 1. Bölge,10,Gökhan Şahin,35
ANAP,anap,İstanbul,istanbul,İstanbul 1. Bölge,11,Elif Şahin,35
ANAP,anap,İstanbul,istanbul,İstanbul 1. Bölge,12,Mustafa Yeşilkaya,35
ANAP,anap,İstanbul,istanbul,İstanbul 1. Bölge,13,Ozan Yayla,35
ANAP,anap,İstanbul,istanbul,İstanbul 1. Bölge,14,Cemal Şenaslan,35
ANAP,anap,İstanbul,istanbul,İstanbul 1. Bölge,15,İsmail Sağır,35
ANAP,anap,İstanbul,istanbul,İstanbul 1. Bölge,16,Yeşim İçelli,35
ANAP,anap,İstanbul,istanbul,İstanbul 1. Bölge,17,Cüneyt Aydın,35
ANAP,anap,İstanbul,istanbul,İstanbul 1. Bölge,18,Gülşah Şirin,35
ANAP,anap,İstanbul,istanbul,İstanbul 1. Bölge,19,Halil İbrahim Uzun,35
ANAP,anap,İstanbul,istanbul,İstanbul 1. Bölge,20,Baran İbrahim Görmez,35
ANAP,anap,İstanbul,istanbul,İstanbul 1. Bölge,21,Nazan Çiçek,35
ANAP,anap,İstanbul,istanbul,İstanbul 1. Bölge,22,Barış Keskin,35
ANAP,anap,İstanbul,istanbul,İstanbul 1. Bölge,23,Emre Şirin,35
ANAP,anap,İstanbul,istanbul,İstanbul 1. Bölge,24,Selam Akçay,35
ANAP,anap,İstanbul,istanbul,İstanbul 1. Bölge,25,Suat Bingöl,35
ANAP,anap,İstanbul,istanbul,İstanbul 1. Bölge,26,Baha Eymen Türker,35
ANAP,anap,İstanbul,istanbul,İstanbul 1. Bölge,27,Muhammed Enes Ekin,35
ANAP,anap,İstanbul,istanbul,İstanbul 1. Bölge,28,Ömer Doğan,35
ANAP,anap,İstanbul,istanbul,İstanbul 1. Bölge,29,Halis Eren Çiçek,35
ANAP,anap,İstanbul,istanbul,İstanbul 1. Bölge,30,Muhammed Yusuf Koçtürk,35
ANAP,anap,İstanbul,istanbul,İstanbul 1. Bölge,31,Ahmet Bozkurt,35
ANAP,anap,İstanbul,istanbul,İstanbul 1. Bölge,32,Ali Geçit,35
ANAP,anap,İstanbul,istanbul,İstanbul 1. Bölge,33,Kadir Güzel,35
ANAP,anap,İstanbul,istanbul,İstanbul 1. Bölge,34,Çağla Koca,35
ANAP,anap,İstanbul,istanbul,İstanbul 1. Bölge,35,Serhat Öner,35
ANAP,anap,İstanbul,istanbul,İstanbul 2. Bölge,1,Yalçın Şengül,27
ANAP,anap,İstanbul,istanbul,İstanbul 2. Bölge,2,Ali Gök,27
ANAP,anap,İstanbul,istanbul,İstanbul 2. Bölge,3,Tuğba Mayalık,27
ANAP,anap,İstanbul,istanbul,İstanbul 2. Bölge,4,Cenk Fatih Yılmaz,27
ANAP,anap,İstanbul,istanbul,İstanbul 2. Bölge,5,Ayşe Gül Tolu Küçük,27
ANAP,anap,İstanbul,istanbul,İstanbul 2. Bölge,6,Aydın Keyf,27
ANAP,anap,İstanbul,istanbul,İstanbul 2. Bölge,7,Burak Ali Kuvar,27
ANAP,anap,İstanbul,istanbul,İstanbul 2. Bölge,8,Harun Akbaş,27
ANAP,anap,İstanbul,istanbul,İstanbul 2. Bölge,9,Salih Arabacı,27
ANAP,anap,İstanbul,istanbul,İstanbul 2. Bölge,10,Alaaddin Aközdoğan,27
ANAP,anap,İstanbul,istanbul,İstanbul 2. Bölge,11,Hakan Türkoğlu,27
ANAP,anap,İstanbul,istanbul,İstanbul 2. Bölge,12,Mustafa Nazilli,27
ANAP,anap,İstanbul,istanbul,İstanbul 2. Bölge,13,Sami Özen,27
ANAP,anap,İstanbul,istanbul,İstanbul 2. Bölge,14,Abdullah Kıldacı,27
ANAP,anap,İstanbul,istanbul,İstanbul 2. Bölge,15,Seher Serap Akın,27
ANAP,anap,İstanbul,istanbul,İstanbul 2. Bölge,16,Hasan Bera Uzduran,27
ANAP,anap,İstanbul,istanbul,İstanbul 2. Bölge,17,Burak Yardımcı,27
ANAP,anap,İstanbul,istanbul,İstanbul 2. Bölge,18,Şenol Yılmaz,27
ANAP,anap,İstanbul,istanbul,İstanbul 2. Bölge,19,Yahya Örs,27
ANAP,anap,İstanbul,istanbul,İstanbul 2. Bölge,20,Ramazan Güvenç,27
ANAP,anap,İstanbul,istanbul,İstanbul 2. Bölge,21,Özcan Duyar,27
ANAP,anap,İstanbul,istanbul,İstanbul 2. Bölge,22,Mustafa Kayar,27
ANAP,anap,İstanbul,istanbul,İstanbul 2. Bölge,23,Emine Yılmaz,27
ANAP,anap,İstanbul,istanbul,İstanbul 2. Bölge,24,Hilmi Keskin,27
ANAP,anap,İstanbul,istanbul,İstanbul 2. Bölge,25,Bahyettin Ari,27
ANAP,anap,İstanbul,istanbul,İstanbul 2. Bölge,26,Enver Akın,27
ANAP,anap,İstanbul,istanbul,İstanbul 2. Bölge,27,Burak Serdar Vardar,27
ANAP,anap,İstanbul,istanbul,İstanbul 3. Bölge,1,Mustafa Onur Aydın,36
ANAP,anap,İstanbul,istanbul,İstanbul 3. Bölge,2,Nihat Özsunar,36
ANAP,anap,İstanbul,istanbul,İstanbul 3. Bölge,3,Cenk Yılmaz,36
ANAP,anap,İstanbul,istanbul,İstanbul 3. Bölge,4,Ali Ünal Yılmaz,36
ANAP,anap,İstanbul,istanbul,İstanbul 3. Bölge,5,Furkan Uzun,36
ANAP,anap,İstanbul,istanbul,İstanbul 3. Bölge,6,Aysun Akça,36
ANAP,anap,İstanbul,istanbul,İstanbul 3. Bölge,7,Ziya Erdoğan,36
ANAP,anap,İstanbul,istanbul,İstanbul 3. Bölge,8,Kenan Taylan,36
ANAP,anap,İstanbul,istanbul,İstanbul 3. Bölge,9,Ersin Yılmaz,36
ANAP,anap,İstanbul,istanbul,İstanbul 3. Bölge,10,Samet Kılıç,36
ANAP,anap,İstanbul,istanbul,İstanbul 3. Bölge,11,Yakup Karakaya,36
ANAP,anap,İstanbul,istanbul,İstanbul 3. Bölge,12,İdris Aydın,36
ANAP,anap,İstanbul,istanbul,İstanbul 3. Bölge,13,Yelcen Yeşilyurt,36
ANAP,anap,İstanbul,istanbul,İstanbul 3. Bölge,14,Abdulkerim Selman,36
ANAP,anap,İstanbul,istanbul,İstanbul 3. Bölge,15,Ahmet Kerim Aksoy,36
ANAP,anap,İstanbul,istanbul,İstanbul 3. Bölge,16,Mustafa Akgün,36
ANAP,anap,İstanbul,istanbul,İstanbul 3. Bölge,17,Yağmur Baycan,36
ANAP,anap,İstanbul,istanbul,İstanbul 3. Bölge,18,Gamze Kaya,36
ANAP,anap,İstanbul,istanbul,İstanbul 3. Bölge,19,Temel Yahya,36
ANAP,anap,İstanbul,istanbul,İstanbul 3. Bölge,20,Yakup Özdemir,36
ANAP,anap,İstanbul,istanbul,İstanbul 3. Bölge,21,Ahmet Alağaş,36
ANAP,anap,İstanbul,istanbul,İstanbul 3. Bölge,22,Sezai Yıldırım,36
ANAP,anap,İstanbul,istanbul,İstanbul 3. Bölge,23,Cem Aslan Asiltürk,36
ANAP,anap,İstanbul,istanbul,İstanbul 3. Bölge,24,Mustafa Keyf,36
ANAP,anap,İstanbul,istanbul,İstanbul 3. Bölge,25,Diyar Sönmeztürk,36
ANAP,anap,İstanbul,istanbul,İstanbul 3. Bölge,26,İsmail Özbek,36
ANAP,anap,İstanbul,istanbul,İstanbul 3. Bölge,27,Murat Ayvalıtaş,36
ANAP,anap,İstanbul,istanbul,İstanbul 3. Bölge,28,Mustafa Ünal,36
ANAP,anap,İstanbul,istanbul,İstanbul 3. Bölge,29,Yeliz Kocabey,36
ANAP,anap,İstanbul,istanbul,İstanbul 3. Bölge,30,Derya İlknur Albayrak,36
ANAP,anap,İstanbul,istanbul,İstanbul 3. Bölge,31,Cahit Özkaya,36
ANAP,anap,İstanbul,istanbul,İstanbul 3. Bölge,32,Bulut Soyal,36
ANAP,anap,İstanbul,istanbul,İstanbul 3. Bölge,33,Buğra Yılmaz,36
ANAP,anap,İstanbul,istanbul,İstanbul 3. Bölge,34,Harun Çakı,36
ANAP,anap,İstanbul,istanbul,İstanbul 3. Bölge,35,İbrahim Halil Altunkaya,36
ANAP,anap,İstanbul,istanbul,İstanbul 3. Bölge,36,Fikri Yeşilyurt,36
Bağımsız,bagimsiz,İstanbul,istanbul,İstanbul 1. Bölge,1,Fahri Safa Küpcü,35
Bağımsız,bagimsiz,İstanbul,istanbul,İstanbul 1. Bölge,2,Nimetullah Erşahin,35
Bağımsız,bagimsiz,İstanbul,istanbul,İstanbul 1. Bölge,3,Üzeyfe Okur,35
Bağımsız,bagimsiz,İstanbul,istanbul,İstanbul 1. Bölge,4,Tuncay Taşçı,35
Bağımsız,bagimsiz,İstanbul,istanbul,İstanbul 1. Bölge,5,Turgay Karakuş,35
Bağımsız,bagimsiz,İstanbul,istanbul,İstanbul 2. Bölge,1,Hamza Buldu,27
Bağımsız,bagimsiz,İstanbul,istanbul,İstanbul 2. Bölge,2,Ömer Gönültaş,27
Bağımsız,bagimsiz,İstanbul,istanbul,İstanbul 2. Bölge,3,Süleyman Sedat Yıldırım,27
Bağımsız,bagimsiz,İstanbul,istanbul,İstanbul 2. Bölge,4,Murat Köprücü,27
Bağımsız,bagimsiz,İstanbul,istanbul,İstanbul 2. Bölge,5,Dursunali Bacıoğlu,27
Bağımsız,bagimsiz,İstanbul,istanbul,İstanbul 2. Bölge,6,Kaan Konanci,27
Bağımsız,bagimsiz,İstanbul,istanbul,İstanbul 2. Bölge,7,Cihat Ak,27
Bağımsız,bagimsiz,İstanbul,istanbul,İstanbul 2. Bölge,8,Erol Aşucuoğlu,27
Bağımsız,bagimsiz,İstanbul,istanbul,İstanbul 3. Bölge,1,Lütfü Karayel,36
Bağımsız,bagimsiz,İstanbul,istanbul,İstanbul 3. Bölge,2,Sezgin Sincar,36
Bağımsız,bagimsiz,İstanbul,istanbul,İstanbul 3. Bölge,3,Derya Akdemir,36
Bağımsız,bagimsiz,İstanbul,istanbul,İstanbul 3. Bölge,4,Sezen Özen,36
Bağımsız,bagimsiz,İstanbul,istanbul,İstanbul 3. Bölge,5,Murat Ünal,36
Bağımsız,bagimsiz,İstanbul,istanbul,İstanbul 3. Bölge,6,Tayfun Koca,36
Bağımsız,bagimsiz,İstanbul,istanbul,İstanbul 3. Bölge,7,Fehmi Öztürk,36
Bağımsız,bagimsiz,İstanbul,istanbul,İstanbul 3. Bölge,8,Adnan Yelmen,36
Bağımsız,bagimsiz,İstanbul,istanbul,İstanbul 3. Bölge,9,Muhammet Ali Okul,36
Bağımsız,bagimsiz,İstanbul,istanbul,İstanbul 3. Bölge,10,İlhan Varlık,36
BBP,bbp,İstanbul,istanbul,İstanbul 1. Bölge,1,Mustafa Destici,35
BBP,bbp,İstanbul,istanbul,İstanbul 1. Bölge,2,Dursun Çağlayan,35
BBP,bbp,İstanbul,istanbul,İstanbul 1. Bölge,3,Sultan Selim Şimşek,35
BBP,bbp,İstanbul,istanbul,İstanbul 1. Bölge,4,Yaşar Sayan,35
BBP,bbp,İstanbul,istanbul,İstanbul 1. Bölge,5,Recep Tufan,35
BBP,bbp,İstanbul,istanbul,İstanbul 1. Bölge,6,Emir Faruk Uzunpınar,35
BBP,bbp,İstanbul,istanbul,İstanbul 1. Bölge,7,Oya Eren,35
BBP,bbp,İstanbul,istanbul,İstanbul 1. Bölge,8,Mert Kaya,35
BBP,bbp,İstanbul,istanbul,İstanbul 1. Bölge,9,Esra Boğaz,35
BBP,bbp,İstanbul,istanbul,İstanbul 1. Bölge,10,Kadir Turan,35
BBP,bbp,İstanbul,istanbul,İstanbul 1. Bölge,11,Aybüke Burcu Alagöz,35
BBP,bbp,İstanbul,istanbul,İstanbul 1. Bölge,12,Hasan Güngörmez,35
BBP,bbp,İstanbul,istanbul,İstanbul 1. Bölge,13,Adem Karslı,35
BBP,bbp,İstanbul,istanbul,İstanbul 1. Bölge,14,Salih Kuyumcu,35
BBP,bbp,İstanbul,istanbul,İstanbul 1. Bölge,15,Mehmet Arslan,35
BBP,bbp,İstanbul,istanbul,İstanbul 1. Bölge,16,Hatice Açıl Akan,35
BBP,bbp,İstanbul,istanbul,İstanbul 1. Bölge,17,Hamdi Yıldız,35
BBP,bbp,İstanbul,istanbul,İstanbul 1. Bölge,18,Baki Yavuz Bilgin,35
BBP,bbp,İstanbul,istanbul,İstanbul 1. Bölge,19,Burak Tekin,35
BBP,bbp,İstanbul,istanbul,İstanbul 1. Bölge,20,Kemal Çolak,35
BBP,bbp,İstanbul,istanbul,İstanbul 1. Bölge,21,İslam Aslan,35
BBP,bbp,İstanbul,istanbul,İstanbul 1. Bölge,22,Emine Merve Aladağ,35
BBP,bbp,İstanbul,istanbul,İstanbul 1. Bölge,23,Soner Arslantürk,35
BBP,bbp,İstanbul,istanbul,İstanbul 1. Bölge,24,Ömer Osman Yarıkan,35
BBP,bbp,İstanbul,istanbul,İstanbul 1. Bölge,25,Türkalp Mert Çevik,35
BBP,bbp,İstanbul,istanbul,İstanbul 1. Bölge,26,Senem Fenni,35
BBP,bbp,İstanbul,istanbul,İstanbul 1. Bölge,27,Aysel Çarıkçı,35
BBP,bbp,İstanbul,istanbul,İstanbul 1. Bölge,28,Salih Şahin,35
BBP,bbp,İstanbul,istanbul,İstanbul 1. Bölge,29,Uğur Can Demir,35
BBP,bbp,İstanbul,istanbul,İstanbul 1. Bölge,30,Gökhan Keleş,35
BBP,bbp,İstanbul,istanbul,İstanbul 1. Bölge,31,Emine Çınar,35
BBP,bbp,İstanbul,istanbul,İstanbul 1. Bölge,32,İlknur Çamoğlu,35
BBP,bbp,İstanbul,istanbul,İstanbul 1. Bölge,33,Kerem Bala,35
BBP,bbp,İstanbul,istanbul,İstanbul 1. Bölge,34,Ali Olgun,35
BBP,bbp,İstanbul,istanbul,İstanbul 1. Bölge,35,Yiğit Ensar Erol,35
BBP,bbp,İstanbul,istanbul,İstanbul 2. Bölge,1,Ahmet Yelis,27
BBP,bbp,İstanbul,istanbul,İstanbul 2. Bölge,2,Mutlu Furtana,27
BBP,bbp,İstanbul,istanbul,İstanbul 2. Bölge,3,Servet Öztaş,27
BBP,bbp,İstanbul,istanbul,İstanbul 2. Bölge,4,Erol Hacigül,27
BBP,bbp,İstanbul,istanbul,İstanbul 2. Bölge,5,Nail Gün,27
BBP,bbp,İstanbul,istanbul,İstanbul 2. Bölge,6,İzzet Sadat,27
BBP,bbp,İstanbul,istanbul,İstanbul 2. Bölge,7,Dilek Aydoğan,27
BBP,bbp,İstanbul,istanbul,İstanbul 2. Bölge,8,Necdet Karataş,27
BBP,bbp,İstanbul,istanbul,İstanbul 2. Bölge,9,Muammer Ahmet Yıldız,27
BBP,bbp,İstanbul,istanbul,İstanbul 2. Bölge,10,Murat Sarıgül,27
BBP,bbp,İstanbul,istanbul,İstanbul 2. Bölge,11,Bahadır Gönül,27
BBP,bbp,İstanbul,istanbul,İstanbul 2. Bölge,12,Muhsin Şenel,27
BBP,bbp,İstanbul,istanbul,İstanbul 2. Bölge,13,İlyas Kürem,27
BBP,bbp,İstanbul,istanbul,İstanbul 2. Bölge,14,Pınar Sergi,27
BBP,bbp,İstanbul,istanbul,İstanbul 2. Bölge,15,Şakir Aygöl,27
BBP,bbp,İstanbul,istanbul,İstanbul 2. Bölge,16,Murat Mert,27
BBP,bbp,İstanbul,istanbul,İstanbul 2. Bölge,17,Yakup Özen,27
BBP,bbp,İstanbul,istanbul,İstanbul 2. Bölge,18,Fadime Ceran,27
BBP,bbp,İstanbul,istanbul,İstanbul 2. Bölge,19,Müjdat Selvi,27
BBP,bbp,İstanbul,istanbul,İstanbul 2. Bölge,20,Ahmet Bozan,27
BBP,bbp,İstanbul,istanbul,İstanbul 2. Bölge,21,Caner Yıldırım,27
BBP,bbp,İstanbul,istanbul,İstanbul 2. Bölge,22,Kübra Deniz,27
BBP,bbp,İstanbul,istanbul,İstanbul 2. Bölge,23,Ersin Togaç,27
BBP,bbp,İstanbul,istanbul,İstanbul 2. Bölge,24,Tuğba Şenay Sarıpolat,27
BBP,bbp,İstanbul,istanbul,İstanbul 2. Bölge,25,Kenan Helvalı,27
BBP,bbp,İstanbul,istanbul,İstanbul 2. Bölge,26,Esma Serhat,27
BBP,bbp,İstanbul,istanbul,İstanbul 2. Bölge,27,Ekrem Belli,27
BBP,bbp,İstanbul,istanbul,İstanbul 3. Bölge,1,Bayram Karacan,36
BBP,bbp,İstanbul,istanbul,İstanbul 3. Bölge,2,Altan Aras,36
BBP,bbp,İstanbul,istanbul,İstanbul 3. Bölge,3,Mehmet Cem Özel,36
BBP,bbp,İstanbul,istanbul,İstanbul 3. Bölge,4,Abdullah Azder,36
BBP,bbp,İstanbul,istanbul,İstanbul 3. Bölge,5,Ömer İlhan,36
BBP,bbp,İstanbul,istanbul,İstanbul 3. Bölge,6,Hakkı Kaya,36
BBP,bbp,İstanbul,istanbul,İstanbul 3. Bölge,7,Muharrem Danışmaz,36
BBP,bbp,İstanbul,istanbul,İstanbul 3. Bölge,8,Gülyeter Soydaş Torunoğlu,36
BBP,bbp,İstanbul,istanbul,İstanbul 3. Bölge,9,Kemal Yılmaz,36
BBP,bbp,İstanbul,istanbul,İstanbul 3. Bölge,10,Şerif Çelik,36
BBP,bbp,İstanbul,istanbul,İstanbul 3. Bölge,11,Kübilay Yetim,36
BBP,bbp,İstanbul,istanbul,İstanbul 3. Bölge,12,İlyas Özcan,36
BBP,bbp,İstanbul,istanbul,İstanbul 3. Bölge,13,Uğur Bay,36
BBP,bbp,İstanbul,istanbul,İstanbul 3. Bölge,14,Abdullah Aydın,36
BBP,bbp,İstanbul,istanbul,İstanbul 3. Bölge,15,Hayrullah Çalışır,36
BBP,bbp,İstanbul,istanbul,İstanbul 3. Bölge,16,Muhammet Ali Aksoy,36
BBP,bbp,İstanbul,istanbul,İstanbul 3. Bölge,17,Hakan Karpuz,36
BBP,bbp,İstanbul,istanbul,İstanbul 3. Bölge,18,Arzucan Yıldırmış,36
BBP,bbp,İstanbul,istanbul,İstanbul 3. Bölge,19,Celal Rıdvan Parmaksız,36
BBP,bbp,İstanbul,istanbul,İstanbul 3. Bölge,20,Abdullah Demiroğlu,36
BBP,bbp,İstanbul,istanbul,İstanbul 3. Bölge,21,Fatih Mehmet Tasasız,36
BBP,bbp,İstanbul,istanbul,İstanbul 3. Bölge,22,Fatih Kaya,36
BBP,bbp,İstanbul,istanbul,İstanbul 3. Bölge,23,Saniye Çelik,36
BBP,bbp,İstanbul,istanbul,İstanbul 3. Bölge,24,Zafer Tabaş,36
BBP,bbp,İstanbul,istanbul,İstanbul 3. Bölge,25,Hüseyin Celep,36
BBP,bbp,İstanbul,istanbul,İstanbul 3. Bölge,26,Ali Aktaş,36
BBP,bbp,İstanbul,istanbul,İstanbul 3. Bölge,27,Yaşar Tayar,36
BBP,bbp,İstanbul,istanbul,İstanbul 3. Bölge,28,Ersin Açar,36
BBP,bbp,İstanbul,istanbul,İstanbul 3. Bölge,29,Eda Yiğit,36
BBP,bbp,İstanbul,istanbul,İstanbul 3. Bölge,30,Adem Kayaner,36
BBP,bbp,İstanbul,istanbul,İstanbul 3. Bölge,31,Muhammet Ziya Dövletoğulları,36
BBP,bbp,İstanbul,istanbul,İstanbul 3. Bölge,32,Ertan Eyriay,36
BBP,bbp,İstanbul,istanbul,İstanbul 3. Bölge,33,Eyüp Ali Özdemir,36
BBP,bbp,İstanbul,istanbul,İstanbul 3. Bölge,34,Mustafa Nuri Kaya,36
BBP,bbp,İstanbul,istanbul,İstanbul 3. Bölge,35,Edaviye Yalçın,36
BBP,bbp,İstanbul,istanbul,İstanbul 3. Bölge,36,Coşkun Açıl,36
CHP,chp,İstanbul,istanbul,İstanbul 1. Bölge,1,Oğuz Kaan Salıcı,35
CHP,chp,İstanbul,istanbul,İstanbul 1. Bölge,2,Gamze Akkuş İlgezdi,35
CHP,chp,İstanbul,istanbul,İstanbul 1. Bölge,3,Fethi Açıkel,35
CHP,chp,İstanbul,istanbul,İstanbul 1. Bölge,4,Gökhan Günaydın,35
CHP,chp,İstanbul,istanbul,İstanbul 1. Bölge,5,Birol Aydın,35
CHP,chp,İstanbul,istanbul,İstanbul 1. Bölge,6,Ahmet Ersagun Yücel,35
CHP,chp,İstanbul,istanbul,İstanbul 1. Bölge,7,Elif Esen,35
CHP,chp,İstanbul,istanbul,İstanbul 1. Bölge,8,Hasan Karal,35
CHP,chp,İstanbul,istanbul,İstanbul 1. Bölge,9,Cemal Enginyurt,35
CHP,chp,İstanbul,istanbul,İstanbul 1. Bölge,10,Selim Temurci,35
CHP,chp,İstanbul,istanbul,İstanbul 1. Bölge,11,Ali Gökçek,35
CHP,chp,İstanbul,istanbul,İstanbul 1. Bölge,12,Suat Özçağdaş,35
CHP,chp,İstanbul,istanbul,İstanbul 1. Bölge,13,Özcan Şükrü Baripoğlu,35
CHP,chp,İstanbul,istanbul,İstanbul 1. Bölge,14,Sevgi Kılıç,35
CHP,chp,İstanbul,istanbul,İstanbul 1. Bölge,15,Olgun Çelik,35
CHP,chp,İstanbul,istanbul,İstanbul 1. Bölge,16,Doğan Çakmak,35
CHP,chp,İstanbul,istanbul,İstanbul 1. Bölge,17,Kenan Otlu,35
CHP,chp,İstanbul,istanbul,İstanbul 1. Bölge,18,Efendi Argunşah,35
CHP,chp,İstanbul,istanbul,İstanbul 1. Bölge,19,Murat Kantekin,35
CHP,chp,İstanbul,istanbul,İstanbul 1. Bölge,20,Aysemin Gülmez,35
CHP,chp,İstanbul,istanbul,İstanbul 1. Bölge,21,Ahmet Can Yılmaz,35
CHP,chp,İstanbul,istanbul,İstanbul 1. Bölge,22,Ebru Zor,35
CHP,chp,İstanbul,istanbul,İstanbul 1. Bölge,23,Erdoğan Erden,35
CHP,chp,İstanbul,istanbul,İstanbul 1. Bölge,24,Füsun Sökmez,35
CHP,chp,İstanbul,istanbul,İstanbul 1. Bölge,25,Nejla Erdem,35
CHP,chp,İstanbul,istanbul,İstanbul 1. Bölge,26,Bülent Kulkuloğlu,35
CHP,chp,İstanbul,istanbul,İstanbul 1. Bölge,27,Güllü Saran,35
CHP,chp,İstanbul,istanbul,İstanbul 1. Bölge,28,Yücel Oto,35
CHP,chp,İstanbul,istanbul,İstanbul 1. Bölge,29,Nejdet Ay,35
CHP,chp,İstanbul,istanbul,İstanbul 1. Bölge,30,Elife Gamze Öztürk,35
CHP,chp,İstanbul,istanbul,İstanbul 1. Bölge,31,Hakan Bekar,35
CHP,chp,İstanbul,istanbul,İstanbul 1. Bölge,32,Dursun Can Kırtorun,35
CHP,chp,İstanbul,istanbul,İstanbul 1. Bölge,33,Murat Gökhan Ofluoğlu,35
CHP,chp,İstanbul,istanbul,İstanbul 1. Bölge,34,Hale Dilek Tosun,35
CHP,chp,İstanbul,istanbul,İstanbul 1. Bölge,35,Abdullah Onur Bildirici,35
CHP,chp,İstanbul,istanbul,İstanbul 2. Bölge,1,Namık Tan,27
CHP,chp,İstanbul,istanbul,İstanbul 2. Bölge,2,Yunus Emre,27
CHP,chp,İstanbul,istanbul,İstanbul 2. Bölge,3,Gökan Zeybek,27
CHP,chp,İstanbul,istanbul,İstanbul 2. Bölge,4,Kadri Enis Berberoğlu,27
CHP,chp,İstanbul,istanbul,İstanbul 2. Bölge,5,Mustafa Kaya,27
CHP,chp,İstanbul,istanbul,İstanbul 2. Bölge,6,Yüksel Mansur Kılınç,27
CHP,chp,İstanbul,istanbul,İstanbul 2. Bölge,7,İsa Mesih Şahin,27
CHP,chp,İstanbul,istanbul,İstanbul 2. Bölge,8,Evrim Rızvanoğlu,27
CHP,chp,İstanbul,istanbul,İstanbul 2. Bölge,9,Berna Sukas,27
CHP,chp,İstanbul,istanbul,İstanbul 2. Bölge,10,Fuat Yıldırım,27
CHP,chp,İstanbul,istanbul,İstanbul 2. Bölge,11,Onur Aydın,27
CHP,chp,İstanbul,istanbul,İstanbul 2. Bölge,12,Işık Öğütçü,27
CHP,chp,İstanbul,istanbul,İstanbul 2. Bölge,13,Soner Özimer,27
CHP,chp,İstanbul,istanbul,İstanbul 2. Bölge,14,Mehmet Ali Yüksel,27
CHP,chp,İstanbul,istanbul,İstanbul 2. Bölge,15,Şaban Karaaslan,27
CHP,chp,İstanbul,istanbul,İstanbul 2. Bölge,16,Elmas Arus,27
CHP,chp,İstanbul,istanbul,İstanbul 2. Bölge,17,Muharrem Naci Temiz,27
CHP,chp,İstanbul,istanbul,İstanbul 2. Bölge,18,Sevim Yalınkılıç,27
CHP,chp,İstanbul,istanbul,İstanbul 2. Bölge,19,Gözde Fil,27
CHP,chp,İstanbul,istanbul,İstanbul 2. Bölge,20,Bülent Ütebay,27
CHP,chp,İstanbul,istanbul,İstanbul 2. Bölge,21,Mehmet Süleyman Türker,27
CHP,chp,İstanbul,istanbul,İstanbul 2. Bölge,22,Yiğit Hüseyin Numan Bıçaklı,27
CHP,chp,İstanbul,istanbul,İstanbul 2. Bölge,23,Ali Arman,27
CHP,chp,İstanbul,istanbul,İstanbul 2. Bölge,24,Bedia Büyükgebiz,27
CHP,chp,İstanbul,istanbul,İstanbul 2. Bölge,25,Özgür Nemutlu,27
CHP,chp,İstanbul,istanbul,İstanbul 2. Bölge,26,Ezgi Pekşen,27
CHP,chp,İstanbul,istanbul,İstanbul 2. Bölge,27,Refik Ersin Eroğlu,27
CHP,chp,İstanbul,istanbul,İstanbul 3. Bölge,1,Engin Altay,36
CHP,chp,İstanbul,istanbul,İstanbul 3. Bölge,2,Erdoğan Toprak,36
CHP,chp,İstanbul,istanbul,İstanbul 3. Bölge,3,Türkan Elçi,36
CHP,chp,İstanbul,istanbul,İstanbul 3. Bölge,4,İlhan Kesici,36
CHP,chp,İstanbul,istanbul,İstanbul 3. Bölge,5,Zeynel Emre,36
CHP,chp,İstanbul,istanbul,İstanbul 3. Bölge,6,Mustafa Yeneroğlu,36
CHP,chp,İstanbul,istanbul,İstanbul 3. Bölge,7,Bülent Kaya,36
CHP,chp,İstanbul,istanbul,İstanbul 3. Bölge,8,Doğan Demir,36
CHP,chp,İstanbul,istanbul,İstanbul 3. Bölge,9,Özgür Karabat,36
CHP,chp,İstanbul,istanbul,İstanbul 3. Bölge,10,Medeni Yılmaz,36
CHP,chp,İstanbul,istanbul,İstanbul 3. Bölge,11,Turan Taşkın Özer,36
CHP,chp,İstanbul,istanbul,İstanbul 3. Bölge,12,Doruk Bulut,36
CHP,chp,İstanbul,istanbul,İstanbul 3. Bölge,13,Oğuz Kemal Yakar,36
CHP,chp,İstanbul,istanbul,İstanbul 3. Bölge,14,Turgay Özcan,36
CHP,chp,İstanbul,istanbul,İstanbul 3. Bölge,15,Fevzi Donat,36
CHP,chp,İstanbul,istanbul,İstanbul 3. Bölge,16,Utku Caner Çaykara,36
CHP,chp,İstanbul,istanbul,İstanbul 3. Bölge,17,Hüseyin Remzi Gökbulak,36
CHP,chp,İstanbul,istanbul,İstanbul 3. Bölge,18,Bayramali Çeşmeci,36
CHP,chp,İstanbul,istanbul,İstanbul 3. Bölge,19,Recep Karakoç,36
CHP,chp,İstanbul,istanbul,İstanbul 3. Bölge,20,Burak Yıldırım,36
CHP,chp,İstanbul,istanbul,İstanbul 3. Bölge,21,Eda Kurt,36
CHP,chp,İstanbul,istanbul,İstanbul 3. Bölge,22,Kazım Özeren,36
CHP,chp,İstanbul,istanbul,İstanbul 3. Bölge,23,Margarit Dikme,36
CHP,chp,İstanbul,istanbul,İstanbul 3. Bölge,24,Mehtap Albayrak,36
CHP,chp,İstanbul,istanbul,İstanbul 3. Bölge,25,Nazlı Akyüz,36
CHP,chp,İstanbul,istanbul,İstanbul 3. Bölge,26,Özlem Durdağı Dokuyucu,36
CHP,chp,İstanbul,istanbul,İstanbul 3. Bölge,27,Sinan Karahan,36
CHP,chp,İstanbul,istanbul,İstanbul 3. Bölge,28,Sinem Özcan,36
CHP,chp,İstanbul,istanbul,İstanbul 3. Bölge,29,Süleyman Şafak,36
CHP,chp,İstanbul,istanbul,İstanbul 3. Bölge,30,Cemal Doğan,36
CHP,chp,İstanbul,istanbul,İstanbul 3. Bölge,31,Hüseyin Arda Engizek,36
CHP,chp,İstanbul,istanbul,İstanbul 3. Bölge,32,Turgut Koç,36
CHP,chp,İstanbul,istanbul,İstanbul 3. Bölge,33,Server Gökmen,36
CHP,chp,İstanbul,istanbul,İstanbul 3. Bölge,34,Ender Unutan Ersözlü,36
CHP,chp,İstanbul,istanbul,İstanbul 3. Bölge,35,Neşe Kıyık,36
CHP,chp,İstanbul,istanbul,İstanbul 3. Bölge,36,Yaren Karaca,36
GBP,gbp,İstanbul,istanbul,İstanbul 1. Bölge,1,Cüneyt Yıldırım,35
GBP,gbp,İstanbul,istanbul,İstanbul 1. Bölge,2,Rıdvan Yıldırım,35
GBP,gbp,İstanbul,istanbul,İstanbul 1. Bölge,3,Emel Çevik Uçan,35
GBP,gbp,İstanbul,istanbul,İstanbul 1. Bölge,4,Bahattin Özdemir,35
GBP,gbp,İstanbul,istanbul,İstanbul 1. Bölge,5,Rukiye Atabey,35
GBP,gbp,İstanbul,istanbul,İstanbul 1. Bölge,6,Ayhan Kaplan,35
GBP,gbp,İstanbul,istanbul,İstanbul 1. Bölge,7,Fatih Karaaltun,35
GBP,gbp,İstanbul,istanbul,İstanbul 1. Bölge,8,Şemsihan Yıldırım,35
GBP,gbp,İstanbul,istanbul,İstanbul 1. Bölge,9,Mustafa Kök,35
GBP,gbp,İstanbul,istanbul,İstanbul 1. Bölge,10,Hatice Kübra Yıldırım,35
GBP,gbp,İstanbul,istanbul,İstanbul 1. Bölge,11,Sibel Mercimek,35
GBP,gbp,İstanbul,istanbul,İstanbul 1. Bölge,12,İsmet Alim Yıldırım,35
GBP,gbp,İstanbul,istanbul,İstanbul 1. Bölge,13,Nejdet Bozdağ,35
GBP,gbp,İstanbul,istanbul,İstanbul 1. Bölge,14,Ferdi Sepetcioğlu,35
GBP,gbp,İstanbul,istanbul,İstanbul 1. Bölge,15,Gökhan Uğur Değirmenci,35
GBP,gbp,İstanbul,istanbul,İstanbul 1. Bölge,16,Yücel Arabacı,35
GBP,gbp,İstanbul,istanbul,İstanbul 1. Bölge,17,Sevilay Uğuz,35
GBP,gbp,İstanbul,istanbul,İstanbul 1. Bölge,18,Hatice Arabacı,35
GBP,gbp,İstanbul,istanbul,İstanbul 1. Bölge,19,Mehmet Ali Köksal,35
GBP,gbp,İstanbul,istanbul,İstanbul 1. Bölge,20,Agit Sarıkuş,35
GBP,gbp,İstanbul,istanbul,İstanbul 1. Bölge,21,Leyla Akdoğan,35
GBP,gbp,İstanbul,istanbul,İstanbul 1. Bölge,22,İbrahim Şeker,35
GBP,gbp,İstanbul,istanbul,İstanbul 1. Bölge,23,İbrahim Halil Ataç,35
GBP,gbp,İstanbul,istanbul,İstanbul 1. Bölge,24,Hilal Eltaş,35
GBP,gbp,İstanbul,istanbul,İstanbul 1. Bölge,25,Emirhan Yılmaz,35
GBP,gbp,İstanbul,istanbul,İstanbul 1. Bölge,26,Coşkun Kurt,35
GBP,gbp,İstanbul,istanbul,İstanbul 1. Bölge,27,Birsen Kuru,35
GBP,gbp,İstanbul,istanbul,İstanbul 1. Bölge,28,Ahmet Sarıkuş,35
GBP,gbp,İstanbul,istanbul,İstanbul 1. Bölge,29,Abdulvahap Karakoç,35
GBP,gbp,İstanbul,istanbul,İstanbul 1. Bölge,30,Yavuz Selim Kurnaz,35
GBP,gbp,İstanbul,istanbul,İstanbul 1. Bölge,31,Mehmet Sıraç Çifçi,35
GBP,gbp,İstanbul,istanbul,İstanbul 1. Bölge,32,Hüseyin Kılınç,35
GBP,gbp,İstanbul,istanbul,İstanbul 1. Bölge,33,Nuray Yıldırım,35
GBP,gbp,İstanbul,istanbul,İstanbul 1. Bölge,34,Serap Yasadur,35
GBP,gbp,İstanbul,istanbul,İstanbul 1. Bölge,35,Serdal Abacı,35
GBP,gbp,İstanbul,istanbul,İstanbul 2. Bölge,1,Servet Bozkuş,27
GBP,gbp,İstanbul,istanbul,İstanbul 2. Bölge,2,Semire Dönmez,27
GBP,gbp,İstanbul,istanbul,İstanbul 2. Bölge,3,Zeyni Yıldırım,27
GBP,gbp,İstanbul,istanbul,İstanbul 2. Bölge,4,Efe Ant Özdoğan,27
GBP,gbp,İstanbul,istanbul,İstanbul 2. Bölge,5,Osman Filik,27
GBP,gbp,İstanbul,istanbul,İstanbul 2. Bölge,6,Elif Didar Bozkuş,27
GBP,gbp,İstanbul,istanbul,İstanbul 2. Bölge,7,Erkan Albayrak,27
GBP,gbp,İstanbul,istanbul,İstanbul 2. Bölge,8,Gökhan Çınar,27
GBP,gbp,İstanbul,istanbul,İstanbul 2. Bölge,9,İbrahim Sert,27
GBP,gbp,İstanbul,istanbul,İstanbul 2. Bölge,10,Musa Kaya,27
GBP,gbp,İstanbul,istanbul,İstanbul 2. Bölge,11,Niyazi Kara,27
GBP,gbp,İstanbul,istanbul,İstanbul 2. Bölge,12,Hülya Önder,27
GBP,gbp,İstanbul,istanbul,İstanbul 2. Bölge,13,Talat Taşdirek,27
GBP,gbp,İstanbul,istanbul,İstanbul 2. Bölge,14,Bekir Yıldırım,27
GBP,gbp,İstanbul,istanbul,İstanbul 2. Bölge,15,Sıtkı Celen,27
GBP,gbp,İstanbul,istanbul,İstanbul 2. Bölge,16,Ozan Yengin,27
GBP,gbp,İstanbul,istanbul,İstanbul 2. Bölge,17,Nazire Türken,27
GBP,gbp,İstanbul,istanbul,İstanbul 2. Bölge,18,Mehmet Can Asil,27
GBP,gbp,İstanbul,istanbul,İstanbul 2. Bölge,19,Tarık Eren Şerefoğlu,27
GBP,gbp,İstanbul,istanbul,İstanbul 2. Bölge,20,Necat Erginoğlu,27
GBP,gbp,İstanbul,istanbul,İstanbul 2. Bölge,21,Bahattin Güzel,27
GBP,gbp,İstanbul,istanbul,İstanbul 2. Bölge,22,Remzi Bozkuş,27
GBP,gbp,İstanbul,istanbul,İstanbul 2. Bölge,23,Dilek Yağmur,27
GBP,gbp,İstanbul,istanbul,İstanbul 2. Bölge,24,Tolga Türken,27
GBP,gbp,İstanbul,istanbul,İstanbul 2. Bölge,25,Mehmet Külekci,27
GBP,gbp,İstanbul,istanbul,İstanbul 2. Bölge,26,Sümeyye Sultan Bozkuş,27
GBP,gbp,İstanbul,istanbul,İstanbul 2. Bölge,27,Ferdi Aslan,27
GBP,gbp,İstanbul,istanbul,İstanbul 3. Bölge,1,Musa Şabahat,36
GBP,gbp,İstanbul,istanbul,İstanbul 3. Bölge,2,Osman Karakuş,36
GBP,gbp,İstanbul,istanbul,İstanbul 3. Bölge,3,Metin Ortakcı,36
GBP,gbp,İstanbul,istanbul,İstanbul 3. Bölge,4,Naim Şabahat,36
GBP,gbp,İstanbul,istanbul,İstanbul 3. Bölge,5,Sedat Terzi,36
GBP,gbp,İstanbul,istanbul,İstanbul 3. Bölge,6,Hacı Mustafa Ceviz,36
GBP,gbp,İstanbul,istanbul,İstanbul 3. Bölge,7,Üzeyir Yıldırım,36
GBP,gbp,İstanbul,istanbul,İstanbul 3. Bölge,8,Emre Dönder,36
GBP,gbp,İstanbul,istanbul,İstanbul 3. Bölge,9,Murat Sevinçhan,36
GBP,gbp,İstanbul,istanbul,İstanbul 3. Bölge,10,Muhammet Dumrul,36
GBP,gbp,İstanbul,istanbul,İstanbul 3. Bölge,11,Kadir Tekavut,36
GBP,gbp,İstanbul,istanbul,İstanbul 3. Bölge,12,Zeki Akdoğan,36
GBP,gbp,İstanbul,istanbul,İstanbul 3. Bölge,13,Leyla Bozkuş,36
GBP,gbp,İstanbul,istanbul,İstanbul 3. Bölge,14,Ferhat Cemal Bozkuş,36
GBP,gbp,İstanbul,istanbul,İstanbul 3. Bölge,15,Görkem Benli,36
GBP,gbp,İstanbul,istanbul,İstanbul 3. Bölge,16,Aşkın Yılmaz,36
GBP,gbp,İstanbul,istanbul,İstanbul 3. Bölge,17,Velat Taşdirek,36
GBP,gbp,İstanbul,istanbul,İstanbul 3. Bölge,18,Selim Yerdelen,36
GBP,gbp,İstanbul,istanbul,İstanbul 3. Bölge,19,Mustafa Doğramacı,36
GBP,gbp,İstanbul,istanbul,İstanbul 3. Bölge,20,Volkan Mehmet Arslan,36
GBP,gbp,İstanbul,istanbul,İstanbul 3. Bölge,21,Furkan Ceviz,36
GBP,gbp,İstanbul,istanbul,İstanbul 3. Bölge,22,Abdulkadir Yazıl,36
GBP,gbp,İstanbul,istanbul,İstanbul 3. Bölge,23,Çağlar Seçilmiş,36
GBP,gbp,İstanbul,istanbul,İstanbul 3. Bölge,24,Ayşe Burçin Tetik,36
GBP,gbp,İstanbul,istanbul,İstanbul 3. Bölge,25,Mehmet Şerif Sincar,36
GBP,gbp,İstanbul,istanbul,İstanbul 3. Bölge,26,Nazif Hezer,36
GBP,gbp,İstanbul,istanbul,İstanbul 3. Bölge,27,Sinan Aydın,36
GBP,gbp,İstanbul,istanbul,İstanbul 3. Bölge,28,Taha Baki,36
GBP,gbp,İstanbul,istanbul,İstanbul 3. Bölge,29,Yakup Akkurt,36
GBP,gbp,İstanbul,istanbul,İstanbul 3. Bölge,30,Zeynep Özkara,36
GBP,gbp,İstanbul,istanbul,İstanbul 3. Bölge,31,Bahattin Çoban,36
GBP,gbp,İstanbul,istanbul,İstanbul 3. Bölge,32,Muhammet Akif Tunç,36
GBP,gbp,İstanbul,istanbul,İstanbul 3. Bölge,33,Hacı Özgür Öztürk,36
GBP,gbp,İstanbul,istanbul,İstanbul 3. Bölge,34,Arife Durmaz,36
GBP,gbp,İstanbul,istanbul,İstanbul 3. Bölge,35,Osman Gök,36
GBP,gbp,İstanbul,istanbul,İstanbul 3. Bölge,36,Abdullah Can Altun,36
Genç Parti,gencparti,İstanbul,istanbul,İstanbul 1. Bölge,1,Mustafa Mert Buruşukoğlu,35
Genç Parti,gencparti,İstanbul,istanbul,İstanbul 1. Bölge,2,Fikri Yılmaz,35
Genç Parti,gencparti,İstanbul,istanbul,İstanbul 1. Bölge,3,Nevra Koşe,35
Genç Parti,gencparti,İstanbul,istanbul,İstanbul 1. Bölge,4,Mehmet Yaşar Ahi,35
Genç Parti,gencparti,İstanbul,istanbul,İstanbul 1. Bölge,5,Emine Tanrıyakul,35
Genç Parti,gencparti,İstanbul,istanbul,İstanbul 1. Bölge,6,Faruk Bolluk,35
Genç Parti,gencparti,İstanbul,istanbul,İstanbul 1. Bölge,7,Eray Songür,35
Genç Parti,gencparti,İstanbul,istanbul,İstanbul 1. Bölge,8,Bekir Demir,35
Genç Parti,gencparti,İstanbul,istanbul,İstanbul 1. Bölge,9,Ali Nadir Akören,35
Genç Parti,gencparti,İstanbul,istanbul,İstanbul 1. Bölge,10,Kadir Yıldız,35
Genç Parti,gencparti,İstanbul,istanbul,İstanbul 1. Bölge,11,Fesih Baran,35
Genç Parti,gencparti,İstanbul,istanbul,İstanbul 1. Bölge,12,Esra Songür,35
Genç Parti,gencparti,İstanbul,istanbul,İstanbul 1. Bölge,13,Songül Deniz,35
Genç Parti,gencparti,İstanbul,istanbul,İstanbul 1. Bölge,14,Aykut Aysu,35
Genç Parti,gencparti,İstanbul,istanbul,İstanbul 1. Bölge,15,Ümit Kırar,35
Genç Parti,gencparti,İstanbul,istanbul,İstanbul 1. Bölge,16,Abdullah Kanyılmaz,35
Genç Parti,gencparti,İstanbul,istanbul,İstanbul 1. Bölge,17,Barış İnce,35
Genç Parti,gencparti,İstanbul,istanbul,İstanbul 1. Bölge,18,Volkan Solmaz,35
Genç Parti,gencparti,İstanbul,istanbul,İstanbul 1. Bölge,19,Furkan Memiş,35
Genç Parti,gencparti,İstanbul,istanbul,İstanbul 1. Bölge,20,Yunus Kaya,35
Genç Parti,gencparti,İstanbul,istanbul,İstanbul 1. Bölge,21,Muhammet Sercan Salcı,35
Genç Parti,gencparti,İstanbul,istanbul,İstanbul 1. Bölge,22,İrem Samancı,35
Genç Parti,gencparti,İstanbul,istanbul,İstanbul 1. Bölge,23,Gül Önen,35
Genç Parti,gencparti,İstanbul,istanbul,İstanbul 1. Bölge,24,Dorukcan Kaya,35
Genç Parti,gencparti,İstanbul,istanbul,İstanbul 1. Bölge,25,Dilara Yeşilyurt,35
Genç Parti,gencparti,İstanbul,istanbul,İstanbul 1. Bölge,26,Nihat Değer,35
Genç Parti,gencparti,İstanbul,istanbul,İstanbul 1. Bölge,27,Seda Şebnem Deval,35
Genç Parti,gencparti,İstanbul,istanbul,İstanbul 1. Bölge,28,Levent Kahraman,35
Genç Parti,gencparti,İstanbul,istanbul,İstanbul 1. Bölge,29,Nazlıhan Çaylak,35
Genç Parti,gencparti,İstanbul,istanbul,İstanbul 1. Bölge,30,Gökhan Bozdoğan,35
Genç Parti,gencparti,İstanbul,istanbul,İstanbul 1. Bölge,31,Altan Tatar,35
Genç Parti,gencparti,İstanbul,istanbul,İstanbul 1. Bölge,32,Derya Samancı,35
Genç Parti,gencparti,İstanbul,istanbul,İstanbul 1. Bölge,33,Özge Taşcı,35
Genç Parti,gencparti,İstanbul,istanbul,İstanbul 1. Bölge,34,Güner Gökduman,35
Genç Parti,gencparti,İstanbul,istanbul,İstanbul 1. Bölge,35,Hilal Tekyıldık,35
Genç Parti,gencparti,İstanbul,istanbul,İstanbul 2. Bölge,1,Beraat Gökkuş,27
Genç Parti,gencparti,İstanbul,istanbul,İstanbul 2. Bölge,2,Ayhan Gelenoğlu,27
Genç Parti,gencparti,İstanbul,istanbul,İstanbul 2. Bölge,3,Ramazan Özcan,27
Genç Parti,gencparti,İstanbul,istanbul,İstanbul 2. Bölge,4,Yavuz Dönmez,27
Genç Parti,gencparti,İstanbul,istanbul,İstanbul 2. Bölge,5,Ömer Işık Ece,27
Genç Parti,gencparti,İstanbul,istanbul,İstanbul 2. Bölge,6,Devrim Güleç,27
Genç Parti,gencparti,İstanbul,istanbul,İstanbul 2. Bölge,7,Behlül Recep İnal,27
Genç Parti,gencparti,İstanbul,istanbul,İstanbul 2. Bölge,8,Bilsen Gürel,27
Genç Parti,gencparti,İstanbul,istanbul,İstanbul 2. Bölge,9,Servet Selvi,27
Genç Parti,gencparti,İstanbul,istanbul,İstanbul 2. Bölge,10,Serhan İduğ,27
Genç Parti,gencparti,İstanbul,istanbul,İstanbul 2. Bölge,11,Hüseyin Mutluhan Temel,27
Genç Parti,gencparti,İstanbul,istanbul,İstanbul 2. Bölge,12,Dursun Şenel Gürbak,27
Genç Parti,gencparti,İstanbul,istanbul,İstanbul 2. Bölge,13,Sezgin Tazıcı,27
Genç Parti,gencparti,İstanbul,istanbul,İstanbul 2. Bölge,14,Vadettin Uslu,27
Genç Parti,gencparti,İstanbul,istanbul,İstanbul 2. Bölge,15,Ali Kırmut,27
Genç Parti,gencparti,İstanbul,istanbul,İstanbul 2. Bölge,16,Okan Alpcan,27
Genç Parti,gencparti,İstanbul,istanbul,İstanbul 2. Bölge,17,Levent Ekren,27
Genç Parti,gencparti,İstanbul,istanbul,İstanbul 2. Bölge,18,Yavuz Hortum,27
Genç Parti,gencparti,İstanbul,istanbul,İstanbul 2. Bölge,19,Kıvılcım Yeşil,27
Genç Parti,gencparti,İstanbul,istanbul,İstanbul 2. Bölge,20,Emel Bozkurt,27
Genç Parti,gencparti,İstanbul,istanbul,İstanbul 2. Bölge,21,Baran Çiftçi,27
Genç Parti,gencparti,İstanbul,istanbul,İstanbul 2. Bölge,22,Özge Salcı,27
Genç Parti,gencparti,İstanbul,istanbul,İstanbul 2. Bölge,23,Emre Çağlasın,27
Genç Parti,gencparti,İstanbul,istanbul,İstanbul 2. Bölge,24,Semiha Aydın,27
Genç Parti,gencparti,İstanbul,istanbul,İstanbul 2. Bölge,25,Aycan Mutlu,27
Genç Parti,gencparti,İstanbul,istanbul,İstanbul 2. Bölge,26,Fatma Berfin Nural,27
Genç Parti,gencparti,İstanbul,istanbul,İstanbul 2. Bölge,27,Nurgül Ayav,27
Genç Parti,gencparti,İstanbul,istanbul,İstanbul 3. Bölge,1,Reha Ferhun Gülü,36
Genç Parti,gencparti,İstanbul,istanbul,İstanbul 3. Bölge,2,Ramazan Türe,36
Genç Parti,gencparti,İstanbul,istanbul,İstanbul 3. Bölge,3,Metin Tatar,36
Genç Parti,gencparti,İstanbul,istanbul,İstanbul 3. Bölge,4,Recep Özdemir,36
Genç Parti,gencparti,İstanbul,istanbul,İstanbul 3. Bölge,5,Ramazan Açıkgöz,36
Genç Parti,gencparti,İstanbul,istanbul,İstanbul 3. Bölge,6,Yasin Solak,36
Genç Parti,gencparti,İstanbul,istanbul,İstanbul 3. Bölge,7,Süleyman Yıldız,36
Genç Parti,gencparti,İstanbul,istanbul,İstanbul 3. Bölge,8,Sedat Altınkök,36
Genç Parti,gencparti,İstanbul,istanbul,İstanbul 3. Bölge,9,Sevil Mutlu,36
Genç Parti,gencparti,İstanbul,istanbul,İstanbul 3. Bölge,10,Ebru Arlı,36
Genç Parti,gencparti,İstanbul,istanbul,İstanbul 3. Bölge,11,Mustafa Caner Kızgın,36
Genç Parti,gencparti,İstanbul,istanbul,İstanbul 3. Bölge,12,Yeşim Türkay Kızgın,36
Genç Parti,gencparti,İstanbul,istanbul,İstanbul 3. Bölge,13,Mustafa Ünal,36
Genç Parti,gencparti,İstanbul,istanbul,İstanbul 3. Bölge,14,Buğrahan Barışıcı,36
Genç Parti,gencparti,İstanbul,istanbul,İstanbul 3. Bölge,15,Osman Volkan İlkgül,36
Genç Parti,gencparti,İstanbul,istanbul,İstanbul 3. Bölge,16,Feraşet Ekşi,36
Genç Parti,gencparti,İstanbul,istanbul,İstanbul 3. Bölge,17,Yavuz Ayık,36
Genç Parti,gencparti,İstanbul,istanbul,İstanbul 3. Bölge,18,Sami Demirtaş,36
Genç Parti,gencparti,İstanbul,istanbul,İstanbul 3. Bölge,19,Namiye Turan,36
Genç Parti,gencparti,İstanbul,istanbul,İstanbul 3. Bölge,20,Fırat Özer,36
Genç Parti,gencparti,İstanbul,istanbul,İstanbul 3. Bölge,21,Gülçin Ortalık,36
Genç Parti,gencparti,İstanbul,istanbul,İstanbul 3. Bölge,22,Uğur Tatar,36
Genç Parti,gencparti,İstanbul,istanbul,İstanbul 3. Bölge,23,Murat Yetenek,36
Genç Parti,gencparti,İstanbul,istanbul,İstanbul 3. Bölge,24,Selda Eygül,36
Genç Parti,gencparti,İstanbul,istanbul,İstanbul 3. Bölge,25,Ege Başar,36
Genç Parti,gencparti,İstanbul,istanbul,İstanbul 3. Bölge,26,Emre Çelik,36
Genç Parti,gencparti,İstanbul,istanbul,İstanbul 3. Bölge,27,Murat Balaban,36
Genç Parti,gencparti,İstanbul,istanbul,İstanbul 3. Bölge,28,Türkan Çalışkan,36
Genç Parti,gencparti,İstanbul,istanbul,İstanbul 3. Bölge,29,Gülnur Türe,36
Genç Parti,gencparti,İstanbul,istanbul,İstanbul 3. Bölge,30,Abidin Duran,36
Genç Parti,gencparti,İstanbul,istanbul,İstanbul 3. Bölge,31,Kurtuluş Alpaslan,36
Genç Parti,gencparti,İstanbul,istanbul,İstanbul 3. Bölge,32,Büşra Baran,36
Genç Parti,gencparti,İstanbul,istanbul,İstanbul 3. Bölge,33,Melih Taşcı,36
Genç Parti,gencparti,İstanbul,istanbul,İstanbul 3. Bölge,34,İrem Şebnem Özkan,36
Genç Parti,gencparti,İstanbul,istanbul,İstanbul 3. Bölge,35,Ayça Oktay,36
Genç Parti,gencparti,İstanbul,istanbul,İstanbul 3. Bölge,36,Umut Seçil,36
HAK-PAR,hakpar,İstanbul,istanbul,İstanbul 1. Bölge,1,Hüseyin Cihan Baykara,35
HAK-PAR,hakpar,İstanbul,istanbul,İstanbul 1. Bölge,2,Sabri Serin,35
HAK-PAR,hakpar,İstanbul,istanbul,İstanbul 1. Bölge,3,Bedri İşik,35
HAK-PAR,hakpar,İstanbul,istanbul,İstanbul 1. Bölge,4,Ahmet Engin,35
HAK-PAR,hakpar,İstanbul,istanbul,İstanbul 1. Bölge,5,Veysi Tetik,35
HAK-PAR,hakpar,İstanbul,istanbul,İstanbul 1. Bölge,6,Abdulbari Tunç,35
HAK-PAR,hakpar,İstanbul,istanbul,İstanbul 1. Bölge,7,Hasan Nuri Göçmen,35
HAK-PAR,hakpar,İstanbul,istanbul,İstanbul 1. Bölge,8,Müjdet Eren,35
HAK-PAR,hakpar,İstanbul,istanbul,İstanbul 1. Bölge,9,Hulusi Eken,35
HAK-PAR,hakpar,İstanbul,istanbul,İstanbul 1. Bölge,10,Serhan Seyyidoğlu,35
HAK-PAR,hakpar,İstanbul,istanbul,İstanbul 1. Bölge,11,Rıza Burçak,35
HAK-PAR,hakpar,İstanbul,istanbul,İstanbul 1. Bölge,12,Yüksel Şeker,35
HAK-PAR,hakpar,İstanbul,istanbul,İstanbul 1. Bölge,13,İnan Sezer,35
HAK-PAR,hakpar,İstanbul,istanbul,İstanbul 1. Bölge,14,Şaban Akçan,35
HAK-PAR,hakpar,İstanbul,istanbul,İstanbul 1. Bölge,15,Başak Bayram,35
HAK-PAR,hakpar,İstanbul,istanbul,İstanbul 1. Bölge,16,Nevzat Demirel,35
HAK-PAR,hakpar,İstanbul,istanbul,İstanbul 1. Bölge,17,Servet Sarıoğlu,35
HAK-PAR,hakpar,İstanbul,istanbul,İstanbul 1. Bölge,18,Zelal Gürbüz,35
HAK-PAR,hakpar,İstanbul,istanbul,İstanbul 1. Bölge,19,Gülay Albostanlı,35
HAK-PAR,hakpar,İstanbul,istanbul,İstanbul 1. Bölge,20,Yeter Kahriman,35
HAK-PAR,hakpar,İstanbul,istanbul,İstanbul 1. Bölge,21,Ahmet Kahraman,35
HAK-PAR,hakpar,İstanbul,istanbul,İstanbul 1. Bölge,22,Yaren Düzgüner,35
HAK-PAR,hakpar,İstanbul,istanbul,İstanbul 1. Bölge,23,Hatice Duran,35
HAK-PAR,hakpar,İstanbul,istanbul,İstanbul 1. Bölge,24,Alaattin Kelender,35
HAK-PAR,hakpar,İstanbul,istanbul,İstanbul 1. Bölge,25,Asiye Ekinci,35
HAK-PAR,hakpar,İstanbul,istanbul,İstanbul 1. Bölge,26,Makfure Tunç,35
HAK-PAR,hakpar,İstanbul,istanbul,İstanbul 1. Bölge,27,Nevzat Karakeçi,35
HAK-PAR,hakpar,İstanbul,istanbul,İstanbul 1. Bölge,28,Songül Hoşgül,35
HAK-PAR,hakpar,İstanbul,istanbul,İstanbul 1. Bölge,29,Şiyar Çiçek,35
HAK-PAR,hakpar,İstanbul,istanbul,İstanbul 1. Bölge,30,Memet Özdemir,35
HAK-PAR,hakpar,İstanbul,istanbul,İstanbul 1. Bölge,31,Koray Ergül,35
HAK-PAR,hakpar,İstanbul,istanbul,İstanbul 1. Bölge,32,İbrahim Halil Uçan,35
HAK-PAR,hakpar,İstanbul,istanbul,İstanbul 1. Bölge,33,Halim Demirocak,35
HAK-PAR,hakpar,İstanbul,istanbul,İstanbul 1. Bölge,34,Semra Şahan,35
HAK-PAR,hakpar,İstanbul,istanbul,İstanbul 1. Bölge,35,Ferat Yücel,35
HAK-PAR,hakpar,İstanbul,istanbul,İstanbul 2. Bölge,1,Semra Arcan Gökçen,27
HAK-PAR,hakpar,İstanbul,istanbul,İstanbul 2. Bölge,2,Turan Deli,27
HAK-PAR,hakpar,İstanbul,istanbul,İstanbul 2. Bölge,3,Bayram Karaca,27
HAK-PAR,hakpar,İstanbul,istanbul,İstanbul 2. Bölge,4,Erdoğan Geyik,27
HAK-PAR,hakpar,İstanbul,istanbul,İstanbul 2. Bölge,5,Samet Aslan,27
HAK-PAR,hakpar,İstanbul,istanbul,İstanbul 2. Bölge,6,Haydar Beysülen,27
HAK-PAR,hakpar,İstanbul,istanbul,İstanbul 2. Bölge,7,Mehmet Baki Arslanargun,27
HAK-PAR,hakpar,İstanbul,istanbul,İstanbul 2. Bölge,8,Burkay Arslan,27
HAK-PAR,hakpar,İstanbul,istanbul,İstanbul 2. Bölge,9,Kasim Keştan,27
HAK-PAR,hakpar,İstanbul,istanbul,İstanbul 2. Bölge,10,Baran Kahraman,27
HAK-PAR,hakpar,İstanbul,istanbul,İstanbul 2. Bölge,11,Mehmet Ali Ayhan,27
HAK-PAR,hakpar,İstanbul,istanbul,İstanbul 2. Bölge,12,Kendal Armanç Eren,27
HAK-PAR,hakpar,İstanbul,istanbul,İstanbul 2. Bölge,13,Dorşin Eren,27
HAK-PAR,hakpar,İstanbul,istanbul,İstanbul 2. Bölge,14,Baran Adıgüzel,27
HAK-PAR,hakpar,İstanbul,istanbul,İstanbul 2. Bölge,15,Gökhan Göktaş,27
HAK-PAR,hakpar,İstanbul,istanbul,İstanbul 2. Bölge,16,Kibar Beysülen,27
HAK-PAR,hakpar,İstanbul,istanbul,İstanbul 2. Bölge,17,Asiye Eren,27
HAK-PAR,hakpar,İstanbul,istanbul,İstanbul 2. Bölge,18,Hanım Arslan,27
HAK-PAR,hakpar,İstanbul,istanbul,İstanbul 2. Bölge,19,Nevruz Erkıran,27
HAK-PAR,hakpar,İstanbul,istanbul,İstanbul 2. Bölge,20,Ayşe Kahraman,27
HAK-PAR,hakpar,İstanbul,istanbul,İstanbul 2. Bölge,21,Nergiz Akçan,27
HAK-PAR,hakpar,İstanbul,istanbul,İstanbul 2. Bölge,22,Songül Akçan Orhan,27
HAK-PAR,hakpar,İstanbul,istanbul,İstanbul 2. Bölge,23,Senayi Demir,27
HAK-PAR,hakpar,İstanbul,istanbul,İstanbul 2. Bölge,24,Abdurrahman Keştan,27
HAK-PAR,hakpar,İstanbul,istanbul,İstanbul 2. Bölge,25,Özgür Basut,27
HAK-PAR,hakpar,İstanbul,istanbul,İstanbul 2. Bölge,26,Songül Öztürk,27
HAK-PAR,hakpar,İstanbul,istanbul,İstanbul 2. Bölge,27,Suphi Kahraman,27
HAK-PAR,hakpar,İstanbul,istanbul,İstanbul 3. Bölge,1,İlhan Çetin,36
HAK-PAR,hakpar,İstanbul,istanbul,İstanbul 3. Bölge,2,Mustafa Aytaş,36
HAK-PAR,hakpar,İstanbul,istanbul,İstanbul 3. Bölge,3,Zana Sezen,36
HAK-PAR,hakpar,İstanbul,istanbul,İstanbul 3. Bölge,4,Rıza Aydın,36
HAK-PAR,hakpar,İstanbul,istanbul,İstanbul 3. Bölge,5,Turan İl,36
HAK-PAR,hakpar,İstanbul,istanbul,İstanbul 3. Bölge,6,Adil Budak,36
HAK-PAR,hakpar,İstanbul,istanbul,İstanbul 3. Bölge,7,Zeycan Kahraman,36
HAK-PAR,hakpar,İstanbul,istanbul,İstanbul 3. Bölge,8,Berkay Emin Güven,36
HAK-PAR,hakpar,İstanbul,istanbul,İstanbul 3. Bölge,9,Ramazan Eren,36
HAK-PAR,hakpar,İstanbul,istanbul,İstanbul 3. Bölge,10,Kazım Burçak,36
HAK-PAR,hakpar,İstanbul,istanbul,İstanbul 3. Bölge,11,Dilek Sezen,36
HAK-PAR,hakpar,İstanbul,istanbul,İstanbul 3. Bölge,12,Sedat Özdemir,36
HAK-PAR,hakpar,İstanbul,istanbul,İstanbul 3. Bölge,13,Leyla Epözdemir,36
HAK-PAR,hakpar,İstanbul,istanbul,İstanbul 3. Bölge,14,Bayram Eren,36
HAK-PAR,hakpar,İstanbul,istanbul,İstanbul 3. Bölge,15,İzzet Bucak,36
HAK-PAR,hakpar,İstanbul,istanbul,İstanbul 3. Bölge,16,Mehmet Hanifi Döner,36
HAK-PAR,hakpar,İstanbul,istanbul,İstanbul 3. Bölge,17,Muhammet Yıldız,36
HAK-PAR,hakpar,İstanbul,istanbul,İstanbul 3. Bölge,18,Murat İlhan,36
HAK-PAR,hakpar,İstanbul,istanbul,İstanbul 3. Bölge,19,Adem Yaşar,36
HAK-PAR,hakpar,İstanbul,istanbul,İstanbul 3. Bölge,20,Hayrullah Kahraman,36
HAK-PAR,hakpar,İstanbul,istanbul,İstanbul 3. Bölge,21,Esem Eren,36
HAK-PAR,hakpar,İstanbul,istanbul,İstanbul 3. Bölge,22,Kasım Kahriman,36
HAK-PAR,hakpar,İstanbul,istanbul,İstanbul 3. Bölge,23,Makbule Arslan,36
HAK-PAR,hakpar,İstanbul,istanbul,İstanbul 3. Bölge,24,Gülsün Karakaş,36
HAK-PAR,hakpar,İstanbul,istanbul,İstanbul 3. Bölge,25,Eşref Eren,36
HAK-PAR,hakpar,İstanbul,istanbul,İstanbul 3. Bölge,26,Ali Arslan,36
HAK-PAR,hakpar,İstanbul,istanbul,İstanbul 3. Bölge,27,Şiyar Eren,36
HAK-PAR,hakpar,İstanbul,istanbul,İstanbul 3. Bölge,28,Zana Rubar Eren,36
HAK-PAR,hakpar,İstanbul,istanbul,İstanbul 3. Bölge,29,Sedat Demirel,36
HAK-PAR,hakpar,İstanbul,istanbul,İstanbul 3. Bölge,30,Sündüz Bayram,36
HAK-PAR,hakpar,İstanbul,istanbul,İstanbul 3. Bölge,31,Celal Demirel,36
HAK-PAR,hakpar,İstanbul,istanbul,İstanbul 3. Bölge,32,Nuriye Gündüz,36
HAK-PAR,hakpar,İstanbul,istanbul,İstanbul 3. Bölge,33,Mamed Demirkol,36
HAK-PAR,hakpar,İstanbul,istanbul,İstanbul 3. Bölge,34,Senem Mengi,36
HAK-PAR,hakpar,İstanbul,istanbul,İstanbul 3. Bölge,35,Rıdvan Çiftçi,36
HAK-PAR,hakpar,İstanbul,istanbul,İstanbul 3. Bölge,36,Aziz Şidim,36
HKP,hkp,İstanbul,istanbul,İstanbul 1. Bölge,1,Nurullah Efe,35
HKP,hkp,İstanbul,istanbul,İstanbul 1. Bölge,2,Mehmet Gürdal Çıngı,35
HKP,hkp,İstanbul,istanbul,İstanbul 1. Bölge,3,Safiye Arslan,35
HKP,hkp,İstanbul,istanbul,İstanbul 1. Bölge,4,Deniz Bin,35
HKP,hkp,İstanbul,istanbul,İstanbul 1. Bölge,5,Hakan Arslan,35
HKP,hkp,İstanbul,istanbul,İstanbul 1. Bölge,6,Semra Akan,35
HKP,hkp,İstanbul,istanbul,İstanbul 1. Bölge,7,Özgür Gülsoy,35
HKP,hkp,İstanbul,istanbul,İstanbul 1. Bölge,8,Selma Salman,35
HKP,hkp,İstanbul,istanbul,İstanbul 1. Bölge,9,Emrah Kalkan,35
HKP,hkp,İstanbul,istanbul,İstanbul 1. Bölge,10,Umut Devrim Güldemir,35
HKP,hkp,İstanbul,istanbul,İstanbul 1. Bölge,11,Emine Şahbaz,35
HKP,hkp,İstanbul,istanbul,İstanbul 1. Bölge,12,Zekeriya Erten,35
HKP,hkp,İstanbul,istanbul,İstanbul 1. Bölge,13,Furkan Gündoğdu,35
HKP,hkp,İstanbul,istanbul,İstanbul 1. Bölge,14,Filiz Karaca,35
HKP,hkp,İstanbul,istanbul,İstanbul 1. Bölge,15,Özcan Bozkuş,35
HKP,hkp,İstanbul,istanbul,İstanbul 1. Bölge,16,Sultan Caner,35
HKP,hkp,İstanbul,istanbul,İstanbul 1. Bölge,17,İskender Şişman,35
HKP,hkp,İstanbul,istanbul,İstanbul 1. Bölge,18,Necati Kalender,35
HKP,hkp,İstanbul,istanbul,İstanbul 1. Bölge,19,Hamdi Emre Olkun,35
HKP,hkp,İstanbul,istanbul,İstanbul 1. Bölge,20,Dursuniye Elik,35
HKP,hkp,İstanbul,istanbul,İstanbul 1. Bölge,21,Sami Demir,35
HKP,hkp,İstanbul,istanbul,İstanbul 1. Bölge,22,Gürsel Gerin,35
HKP,hkp,İstanbul,istanbul,İstanbul 1. Bölge,23,Dursun Alan,35
HKP,hkp,İstanbul,istanbul,İstanbul 1. Bölge,24,Ali Yıldırım,35
HKP,hkp,İstanbul,istanbul,İstanbul 1. Bölge,25,Fuat Ar,35
HKP,hkp,İstanbul,istanbul,İstanbul 1. Bölge,26,İsmail Özdemir,35
HKP,hkp,İstanbul,istanbul,İstanbul 1. Bölge,27,Ali Yılmaz,35
HKP,hkp,İstanbul,istanbul,İstanbul 1. Bölge,28,Sadık Adeka,35
HKP,hkp,İstanbul,istanbul,İstanbul 1. Bölge,29,Halil Yılmaz,35
HKP,hkp,İstanbul,istanbul,İstanbul 1. Bölge,30,Ali Erdoğdu,35
HKP,hkp,İstanbul,istanbul,İstanbul 1. Bölge,31,Ulaş Odabaş,35
HKP,hkp,İstanbul,istanbul,İstanbul 1. Bölge,32,Gülşah Tunç,35
HKP,hkp,İstanbul,istanbul,İstanbul 1. Bölge,33,Nurullah Özçelik,35
HKP,hkp,İstanbul,istanbul,İstanbul 1. Bölge,34,İsmet Ağbaba,35
HKP,hkp,İstanbul,istanbul,İstanbul 1. Bölge,35,Ferit Başer,35
HKP,hkp,İstanbul,istanbul,İstanbul 2. Bölge,1,Pınar Akbina Karaman,27
HKP,hkp,İstanbul,istanbul,İstanbul 2. Bölge,2,Fettah Ayhan Erkan,27
HKP,hkp,İstanbul,istanbul,İstanbul 2. Bölge,3,Gülay Akyürek,27
HKP,hkp,İstanbul,istanbul,İstanbul 2. Bölge,4,Türkan Kap,27
HKP,hkp,İstanbul,istanbul,İstanbul 2. Bölge,5,Mehrali Yücedağ,27
HKP,hkp,İstanbul,istanbul,İstanbul 2. Bölge,6,Kerim Bütün,27
HKP,hkp,İstanbul,istanbul,İstanbul 2. Bölge,7,Özgüneri Şenyurt,27
HKP,hkp,İstanbul,istanbul,İstanbul 2. Bölge,8,Durmuş Kaygusuz,27
HKP,hkp,İstanbul,istanbul,İstanbul 2. Bölge,9,Musa Arslan,27
HKP,hkp,İstanbul,istanbul,İstanbul 2. Bölge,10,Sema Yetgin,27
HKP,hkp,İstanbul,istanbul,İstanbul 2. Bölge,11,Mesut Çevik,27
HKP,hkp,İstanbul,istanbul,İstanbul 2. Bölge,12,Yunus Emre Kap,27
HKP,hkp,İstanbul,istanbul,İstanbul 2. Bölge,13,Fatma Berfin Arabulan,27
HKP,hkp,İstanbul,istanbul,İstanbul 2. Bölge,14,Şerife Bin,27
HKP,hkp,İstanbul,istanbul,İstanbul 2. Bölge,15,Çağatay Döldöş,27
HKP,hkp,İstanbul,istanbul,İstanbul 2. Bölge,16,Şahin Aslan,27
HKP,hkp,İstanbul,istanbul,İstanbul 2. Bölge,17,Rıza Yıldırım,27
HKP,hkp,İstanbul,istanbul,İstanbul 2. Bölge,18,Besime Tava,27
HKP,hkp,İstanbul,istanbul,İstanbul 2. Bölge,19,Altın Tali,27
HKP,hkp,İstanbul,istanbul,İstanbul 2. Bölge,20,Abdullah Koçbaş,27
HKP,hkp,İstanbul,istanbul,İstanbul 2. Bölge,21,Döndü Kaygusuz,27
HKP,hkp,İstanbul,istanbul,İstanbul 2. Bölge,22,Özlem Tava,27
HKP,hkp,İstanbul,istanbul,İstanbul 2. Bölge,23,Zerif Özdağ,27
HKP,hkp,İstanbul,istanbul,İstanbul 2. Bölge,24,Halil İbrahim Sarı,27
HKP,hkp,İstanbul,istanbul,İstanbul 2. Bölge,25,Ali Kutlu Suytar,27
HKP,hkp,İstanbul,istanbul,İstanbul 2. Bölge,26,Dilara Ayas,27
HKP,hkp,İstanbul,istanbul,İstanbul 2. Bölge,27,Dursun Ali Dağ,27
HKP,hkp,İstanbul,istanbul,İstanbul 3. Bölge,1,Mustafa Şahbaz,36
HKP,hkp,İstanbul,istanbul,İstanbul 3. Bölge,2,Ali Serdar Çıngı,36
HKP,hkp,İstanbul,istanbul,İstanbul 3. Bölge,3,Gülten Arabulan,36
HKP,hkp,İstanbul,istanbul,İstanbul 3. Bölge,4,Utku Buksur,36
HKP,hkp,İstanbul,istanbul,İstanbul 3. Bölge,5,Ayla Şahbaz,36
HKP,hkp,İstanbul,istanbul,İstanbul 3. Bölge,6,Sayim Uzun,36
HKP,hkp,İstanbul,istanbul,İstanbul 3. Bölge,7,Aybars Yalçınkaya,36
HKP,hkp,İstanbul,istanbul,İstanbul 3. Bölge,8,Yılmaz Balkese,36
HKP,hkp,İstanbul,istanbul,İstanbul 3. Bölge,9,Gökan Özdemir,36
HKP,hkp,İstanbul,istanbul,İstanbul 3. Bölge,10,Yüksel Bedir,36
HKP,hkp,İstanbul,istanbul,İstanbul 3. Bölge,11,Deniz Sarıkaya,36
HKP,hkp,İstanbul,istanbul,İstanbul 3. Bölge,12,Orhan Barto,36
HKP,hkp,İstanbul,istanbul,İstanbul 3. Bölge,13,Cuma Yıldız,36
HKP,hkp,İstanbul,istanbul,İstanbul 3. Bölge,14,Naile Koç Efe,36
HKP,hkp,İstanbul,istanbul,İstanbul 3. Bölge,15,Devrim Deren Arslan,36
HKP,hkp,İstanbul,istanbul,İstanbul 3. Bölge,16,Çiğdem Keleş,36
HKP,hkp,İstanbul,istanbul,İstanbul 3. Bölge,17,Zeynep Kıvılcım Aslan,36
HKP,hkp,İstanbul,istanbul,İstanbul 3. Bölge,18,Hatice Yıldız,36
HKP,hkp,İstanbul,istanbul,İstanbul 3. Bölge,19,Ulaş Özçelik,36
HKP,hkp,İstanbul,istanbul,İstanbul 3. Bölge,20,Önder Kara,36
HKP,hkp,İstanbul,istanbul,İstanbul 3. Bölge,21,Nejla Sağır,36
HKP,hkp,İstanbul,istanbul,İstanbul 3. Bölge,22,Zafer Dağgökdeniz,36
HKP,hkp,İstanbul,istanbul,İstanbul 3. Bölge,23,Neriman Yıldırım,36
HKP,hkp,İstanbul,istanbul,İstanbul 3. Bölge,24,Yasin Akbulut,36
HKP,hkp,İstanbul,istanbul,İstanbul 3. Bölge,25,Fermani Serçeşme,36
HKP,hkp,İstanbul,istanbul,İstanbul 3. Bölge,26,Hilmi Karaman,36
HKP,hkp,İstanbul,istanbul,İstanbul 3. Bölge,27,Bircan Küskü,36
HKP,hkp,İstanbul,istanbul,İstanbul 3. Bölge,28,Ertuğrul Yavuz,36
HKP,hkp,İstanbul,istanbul,İstanbul 3. Bölge,29,Erol Şahin Kaygusuz,36
HKP,hkp,İstanbul,istanbul,İstanbul 3. Bölge,30,Ayten Özay,36
HKP,hkp,İstanbul,istanbul,İstanbul 3. Bölge,31,Leyla Adeka,36
HKP,hkp,İstanbul,istanbul,İstanbul 3. Bölge,32,Nursel Gültepe,36
HKP,hkp,İstanbul,istanbul,İstanbul 3. Bölge,33,Güven Kalkan,36
HKP,hkp,İstanbul,istanbul,İstanbul 3. Bölge,34,Aylin Bağdat,36
HKP,hkp,İstanbul,istanbul,İstanbul 3. Bölge,35,Güney Pala,36
HKP,hkp,İstanbul,istanbul,İstanbul 3. Bölge,36,Havva Delek,36
İyi Parti,iyiparti,İstanbul,istanbul,İstanbul 1. Bölge,1,Nimet Özdemir,35
İyi Parti,iyiparti,İstanbul,istanbul,İstanbul 1. Bölge,2,Burak Akburak,35
İyi Parti,iyiparti,İstanbul,istanbul,İstanbul 1. Bölge,3,Mustafa Cihan Paçacı,35
İyi Parti,iyiparti,İstanbul,istanbul,İstanbul 1. Bölge,4,Baver Miroğlu,35
İyi Parti,iyiparti,İstanbul,istanbul,İstanbul 1. Bölge,5,Dursun Çolak,35
İyi Parti,iyiparti,İstanbul,istanbul,İstanbul 1. Bölge,6,Taha Orhun Ertürkmen,35
İyi Parti,iyiparti,İstanbul,istanbul,İstanbul 1. Bölge,7,Ali Coşkun,35
İyi Parti,iyiparti,İstanbul,istanbul,İstanbul 1. Bölge,8,Emine Küçükali,35
İyi Parti,iyiparti,İstanbul,istanbul,İstanbul 1. Bölge,9,Raşit Emir Süer,35
İyi Parti,iyiparti,İstanbul,istanbul,İstanbul 1. Bölge,10,Murat Karaman,35
İyi Parti,iyiparti,İstanbul,istanbul,İstanbul 1. Bölge,11,Vedat Bayram,35
İyi Parti,iyiparti,İstanbul,istanbul,İstanbul 1. Bölge,12,Yücel Coşkun,35
İyi Parti,iyiparti,İstanbul,istanbul,İstanbul 1. Bölge,13,Oğuzhan Hasar,35
İyi Parti,iyiparti,İstanbul,istanbul,İstanbul 1. Bölge,14,Hatice Dilrüba Oğulcuklu,35
İyi Parti,iyiparti,İstanbul,istanbul,İstanbul 1. Bölge,15,Cevat Saraç,35
İyi Parti,iyiparti,İstanbul,istanbul,İstanbul 1. Bölge,16,Emre Zengin,35
İyi Parti,iyiparti,İstanbul,istanbul,İstanbul 1. Bölge,17,Meral Alemdar,35
İyi Parti,iyiparti,İstanbul,istanbul,İstanbul 1. Bölge,18,Ahmet Çelebi,35
İyi Parti,iyiparti,İstanbul,istanbul,İstanbul 1. Bölge,19,Ahmet Selçuk Can,35
İyi Parti,iyiparti,İstanbul,istanbul,İstanbul 1. Bölge,20,İhsan Önder Albayrak,35
İyi Parti,iyiparti,İstanbul,istanbul,İstanbul 1. Bölge,21,Aysel Kırali,35
İyi Parti,iyiparti,İstanbul,istanbul,İstanbul 1. Bölge,22,Hülya Arıcı,35
İyi Parti,iyiparti,İstanbul,istanbul,İstanbul 1. Bölge,23,Uğur Hüseyin Hasançebi,35
İyi Parti,iyiparti,İstanbul,istanbul,İstanbul 1. Bölge,24,Barış Tavlaşoğlu,35
İyi Parti,iyiparti,İstanbul,istanbul,İstanbul 1. Bölge,25,Kadir Kürşat Arslan,35
İyi Parti,iyiparti,İstanbul,istanbul,İstanbul 1. Bölge,26,Bülent Aslan,35
İyi Parti,iyiparti,İstanbul,istanbul,İstanbul 1. Bölge,27,Ramazan Uğural,35
İyi Parti,iyiparti,İstanbul,istanbul,İstanbul 1. Bölge,28,Mehmet Erişen,35
İyi Parti,iyiparti,İstanbul,istanbul,İstanbul 1. Bölge,29,Arif Tevetoğlu,35
İyi Parti,iyiparti,İstanbul,istanbul,İstanbul 1. Bölge,30,Ayşe Kıraç,35
İyi Parti,iyiparti,İstanbul,istanbul,İstanbul 1. Bölge,31,Erdal Demir,35
İyi Parti,iyiparti,İstanbul,istanbul,İstanbul 1. Bölge,32,Sedat Gürkan,35
İyi Parti,iyiparti,İstanbul,istanbul,İstanbul 1. Bölge,33,Sevim Demir,35
İyi Parti,iyiparti,İstanbul,istanbul,İstanbul 1. Bölge,34,Celal Mahmut Solak,35
İyi Parti,iyiparti,İstanbul,istanbul,İstanbul 1. Bölge,35,Nazlı Yurduseven,35
İyi Parti,iyiparti,İstanbul,istanbul,İstanbul 2. Bölge,1,Mehmet Satuk Buğra Kavuncu,27
İyi Parti,iyiparti,İstanbul,istanbul,İstanbul 2. Bölge,2,Mehmet Selim Ensarioğlu,27
İyi Parti,iyiparti,İstanbul,istanbul,İstanbul 2. Bölge,3,Bahattin Bahadır Erdem,27
İyi Parti,iyiparti,İstanbul,istanbul,İstanbul 2. Bölge,4,Ece Güner,27
İyi Parti,iyiparti,İstanbul,istanbul,İstanbul 2. Bölge,5,Hatice Ceren Yılmaz,27
İyi Parti,iyiparti,İstanbul,istanbul,İstanbul 2. Bölge,6,Hatice Kayalı,27
İyi Parti,iyiparti,İstanbul,istanbul,İstanbul 2. Bölge,7,Müjdat Öztürk,27
İyi Parti,iyiparti,İstanbul,istanbul,İstanbul 2. Bölge,8,Mustafa Yazıcı,27
İyi Parti,iyiparti,İstanbul,istanbul,İstanbul 2. Bölge,9,Abdullah Şalcı,27
İyi Parti,iyiparti,İstanbul,istanbul,İstanbul 2. Bölge,10,Ali Çelik,27
İyi Parti,iyiparti,İstanbul,istanbul,İstanbul 2. Bölge,11,Fisun Mehlika Toca,27
İyi Parti,iyiparti,İstanbul,istanbul,İstanbul 2. Bölge,12,Yıldıran Özel,27
İyi Parti,iyiparti,İstanbul,istanbul,İstanbul 2. Bölge,13,Ali Akgün,27
İyi Parti,iyiparti,İstanbul,istanbul,İstanbul 2. Bölge,14,Eriş Cesur,27
İyi Parti,iyiparti,İstanbul,istanbul,İstanbul 2. Bölge,15,Barbaros Hayrettin Mahiroğulları,27
İyi Parti,iyiparti,İstanbul,istanbul,İstanbul 2. Bölge,16,Erhan Özkan,27
İyi Parti,iyiparti,İstanbul,istanbul,İstanbul 2. Bölge,17,Bilal Uzun,27
İyi Parti,iyiparti,İstanbul,istanbul,İstanbul 2. Bölge,18,Gökhan Kargı,27
İyi Parti,iyiparti,İstanbul,istanbul,İstanbul 2. Bölge,19,Hasan Hoşben,27
İyi Parti,iyiparti,İstanbul,istanbul,İstanbul 2. Bölge,20,Raif Güler,27
İyi Parti,iyiparti,İstanbul,istanbul,İstanbul 2. Bölge,21,Aslıhan Elibol,27
İyi Parti,iyiparti,İstanbul,istanbul,İstanbul 2. Bölge,22,Yılmaz Dağdelen,27
İyi Parti,iyiparti,İstanbul,istanbul,İstanbul 2. Bölge,23,Mustafa Alkan Küçükler,27
İyi Parti,iyiparti,İstanbul,istanbul,İstanbul 2. Bölge,24,Nazlı Aspay Sener,27
İyi Parti,iyiparti,İstanbul,istanbul,İstanbul 2. Bölge,25,Affan Mahmut Keçeci,27
İyi Parti,iyiparti,İstanbul,istanbul,İstanbul 2. Bölge,26,Arzu Başkan,27
İyi Parti,iyiparti,İstanbul,istanbul,İstanbul 2. Bölge,27,Ömer Lütfi Özenç,27
İyi Parti,iyiparti,İstanbul,istanbul,İstanbul 3. Bölge,1,Ersin Beyaz,36
İyi Parti,iyiparti,İstanbul,istanbul,İstanbul 3. Bölge,2,Seyithan İzsiz,36
İyi Parti,iyiparti,İstanbul,istanbul,İstanbul 3. Bölge,3,Ayşe Sibel Yanıkömeroğlu,36
İyi Parti,iyiparti,İstanbul,istanbul,İstanbul 3. Bölge,4,Şükrü Kuleyin,36
İyi Parti,iyiparti,İstanbul,istanbul,İstanbul 3. Bölge,5,Celal Karapınar,36
İyi Parti,iyiparti,İstanbul,istanbul,İstanbul 3. Bölge,6,Hamza Yurtsever,36
İyi Parti,iyiparti,İstanbul,istanbul,İstanbul 3. Bölge,7,Selçuk Kedi,36
İyi Parti,iyiparti,İstanbul,istanbul,İstanbul 3. Bölge,8,Mehtap Nazan Göktaş,36
İyi Parti,iyiparti,İstanbul,istanbul,İstanbul 3. Bölge,9,Metin Bozkurt,36
İyi Parti,iyiparti,İstanbul,istanbul,İstanbul 3. Bölge,10,Fevzi Fatih Oğuz,36
İyi Parti,iyiparti,İstanbul,istanbul,İstanbul 3. Bölge,11,Ethem Baykal,36
İyi Parti,iyiparti,İstanbul,istanbul,İstanbul 3. Bölge,12,Ülkü Ayaydın,36
İyi Parti,iyiparti,İstanbul,istanbul,İstanbul 3. Bölge,13,Doğan Avcı,36
İyi Parti,iyiparti,İstanbul,istanbul,İstanbul 3. Bölge,14,Adnan Sinan Çakıroğlu,36
İyi Parti,iyiparti,İstanbul,istanbul,İstanbul 3. Bölge,15,Ayhan Bölükbaşı,36
İyi Parti,iyiparti,İstanbul,istanbul,İstanbul 3. Bölge,16,Mete Koca,36
İyi Parti,iyiparti,İstanbul,istanbul,İstanbul 3. Bölge,17,Sururi Karabal,36
İyi Parti,iyiparti,İstanbul,istanbul,İstanbul 3. Bölge,18,Nazmiye İzgin,36
İyi Parti,iyiparti,İstanbul,istanbul,İstanbul 3. Bölge,19,Sevinç Gümüş,36
İyi Parti,iyiparti,İstanbul,istanbul,İstanbul 3. Bölge,20,Mehmet Ali Uykur,36
İyi Parti,iyiparti,İstanbul,istanbul,İstanbul 3. Bölge,21,Zeki Bulgan,36
İyi Parti,iyiparti,İstanbul,istanbul,İstanbul 3. Bölge,22,Arzu Önşen,36
İyi Parti,iyiparti,İstanbul,istanbul,İstanbul 3. Bölge,23,Şule Ağaçayak Ersoy,36
İyi Parti,iyiparti,İstanbul,istanbul,İstanbul 3. Bölge,24,Hürana Güngör,36
İyi Parti,iyiparti,İstanbul,istanbul,İstanbul 3. Bölge,25,Meliha Apaydın,36
İyi Parti,iyiparti,İstanbul,istanbul,İstanbul 3. Bölge,26,Arzu Şimşek,36
İyi Parti,iyiparti,İstanbul,istanbul,İstanbul 3. Bölge,27,Buse Albayrak,36
İyi Parti,iyiparti,İstanbul,istanbul,İstanbul 3. Bölge,28,Meryem Tanrıverdi Göktaş,36
İyi Parti,iyiparti,İstanbul,istanbul,İstanbul 3. Bölge,29,Atakan Özkan,36
İyi Parti,iyiparti,İstanbul,istanbul,İstanbul 3. Bölge,30,Hasan Kaya,36
İyi Parti,iyiparti,İstanbul,istanbul,İstanbul 3. Bölge,31,Şeref Tamtürk,36
İyi Parti,iyiparti,İstanbul,istanbul,İstanbul 3. Bölge,32,Asiye Küçükyılmaz,36
İyi Parti,iyiparti,İstanbul,istanbul,İstanbul 3. Bölge,33,Burak Ustalı,36
İyi Parti,iyiparti,İstanbul,istanbul,İstanbul 3. Bölge,34,Kürşat Özer,36
İyi Parti,iyiparti,İstanbul,istanbul,İstanbul 3. Bölge,35,Selma Sarıcaoğlu Çalışkan,36
İyi Parti,iyiparti,İstanbul,istanbul,İstanbul 3. Bölge,36,Filiz Çelik,36
Memleket,memleket,İstanbul,istanbul,İstanbul 1. Bölge,1,Osman Serkan İleri,35
Memleket,memleket,İstanbul,istanbul,İstanbul 1. Bölge,2,Muhammet Ali Acar,35
Memleket,memleket,İstanbul,istanbul,İstanbul 1. Bölge,3,Atilla Aytaç,35
Memleket,memleket,İstanbul,istanbul,İstanbul 1. Bölge,4,Mahmut Zeki Çakır,35
Memleket,memleket,İstanbul,istanbul,İstanbul 1. Bölge,5,Semra Yıldız,35
Memleket,memleket,İstanbul,istanbul,İstanbul 1. Bölge,6,Adem Genç,35
Memleket,memleket,İstanbul,istanbul,İstanbul 1. Bölge,7,Nihat Yıldırım,35
Memleket,memleket,İstanbul,istanbul,İstanbul 1. Bölge,8,Ömer Akalın,35
Memleket,memleket,İstanbul,istanbul,İstanbul 1. Bölge,9,Aziz İpekçi,35
Memleket,memleket,İstanbul,istanbul,İstanbul 1. Bölge,10,Sedef Adıgüzel,35
Memleket,memleket,İstanbul,istanbul,İstanbul 1. Bölge,11,Hasan Tavusbay,35
Memleket,memleket,İstanbul,istanbul,İstanbul 1. Bölge,12,Binali Karaman,35
Memleket,memleket,İstanbul,istanbul,İstanbul 1. Bölge,13,Mine Dural,35
Memleket,memleket,İstanbul,istanbul,İstanbul 1. Bölge,14,Murat Dal,35
Memleket,memleket,İstanbul,istanbul,İstanbul 1. Bölge,15,Zuhal Güliskin,35
Memleket,memleket,İstanbul,istanbul,İstanbul 1. Bölge,16,Enver Yavuz,35
Memleket,memleket,İstanbul,istanbul,İstanbul 1. Bölge,17,Zeynel Bozkurt,35
Memleket,memleket,İstanbul,istanbul,İstanbul 1. Bölge,18,Oktay Kuzuğ,35
Memleket,memleket,İstanbul,istanbul,İstanbul 1. Bölge,19,Eyüp Kantar,35
Memleket,memleket,İstanbul,istanbul,İstanbul 1. Bölge,20,Ahmet Duhan Akhanli,35
Memleket,memleket,İstanbul,istanbul,İstanbul 1. Bölge,21,Egemen Doğukan Dursun,35
Memleket,memleket,İstanbul,istanbul,İstanbul 1. Bölge,22,Özgür Arkun,35
Memleket,memleket,İstanbul,istanbul,İstanbul 1. Bölge,23,Birgül Yıldırım,35
Memleket,memleket,İstanbul,istanbul,İstanbul 1. Bölge,24,Mustafa Nizam Doğru,35
Memleket,memleket,İstanbul,istanbul,İstanbul 1. Bölge,25,Ahmet Özbek,35
Memleket,memleket,İstanbul,istanbul,İstanbul 1. Bölge,26,Kağan Tangör,35
Memleket,memleket,İstanbul,istanbul,İstanbul 1. Bölge,27,Orhancan Subaşı,35
Memleket,memleket,İstanbul,istanbul,İstanbul 1. Bölge,28,Selçuk Dede,35
Memleket,memleket,İstanbul,istanbul,İstanbul 1. Bölge,29,Alpaslan Çabuk,35
Memleket,memleket,İstanbul,istanbul,İstanbul 1. Bölge,30,Bekir Yıldırım,35
Memleket,memleket,İstanbul,istanbul,İstanbul 1. Bölge,31,Zuhal Üçal,35
Memleket,memleket,İstanbul,istanbul,İstanbul 1. Bölge,32,Lale Özel,35
Memleket,memleket,İstanbul,istanbul,İstanbul 1. Bölge,33,Muhammet Ali Abay,35
Memleket,memleket,İstanbul,istanbul,İstanbul 1. Bölge,34,Umut Nazlı,35
Memleket,memleket,İstanbul,istanbul,İstanbul 1. Bölge,35,Baran Çiftci,35
Memleket,memleket,İstanbul,istanbul,İstanbul 2. Bölge,1,Nurdan Şahin Demirbağ,27
Memleket,memleket,İstanbul,istanbul,İstanbul 2. Bölge,2,Mehmet Levent Kazancıoğlu,27
Memleket,memleket,İstanbul,istanbul,İstanbul 2. Bölge,3,Emre Berk Hacıgüzeller,27
Memleket,memleket,İstanbul,istanbul,İstanbul 2. Bölge,4,Aziz Aykut Demiray,27
Memleket,memleket,İstanbul,istanbul,İstanbul 2. Bölge,5,Önder Sargın,27
Memleket,memleket,İstanbul,istanbul,İstanbul 2. Bölge,6,Ufkun Doğan,27
Memleket,memleket,İstanbul,istanbul,İstanbul 2. Bölge,7,Seda Baydere,27
Memleket,memleket,İstanbul,istanbul,İstanbul 2. Bölge,8,Hülya Kobaneri,27
Memleket,memleket,İstanbul,istanbul,İstanbul 2. Bölge,9,Cansın Mankırcı,27
Memleket,memleket,İstanbul,istanbul,İstanbul 2. Bölge,10,Tülay Doğan,27
Memleket,memleket,İstanbul,istanbul,İstanbul 2. Bölge,11,Yıldıray Genç,27
Memleket,memleket,İstanbul,istanbul,İstanbul 2. Bölge,12,Mehmet Yaşar Yavuz Fırıldak,27
Memleket,memleket,İstanbul,istanbul,İstanbul 2. Bölge,13,İsa Metin,27
Memleket,memleket,İstanbul,istanbul,İstanbul 2. Bölge,14,Melis Aktaş,27
Memleket,memleket,İstanbul,istanbul,İstanbul 2. Bölge,15,Şener Şeren,27
Memleket,memleket,İstanbul,istanbul,İstanbul 2. Bölge,16,Ersin Koçhan,27
Memleket,memleket,İstanbul,istanbul,İstanbul 2. Bölge,17,Musa Özdemir,27
Memleket,memleket,İstanbul,istanbul,İstanbul 2. Bölge,18,Yusuf Karataş,27
Memleket,memleket,İstanbul,istanbul,İstanbul 2. Bölge,19,Aydın Kara,27
Memleket,memleket,İstanbul,istanbul,İstanbul 2. Bölge,20,Mesut Tandoğan,27
Memleket,memleket,İstanbul,istanbul,İstanbul 2. Bölge,21,Uğur Çimen,27
Memleket,memleket,İstanbul,istanbul,İstanbul 2. Bölge,22,Muhammed Ömer Pamuk,27
Memleket,memleket,İstanbul,istanbul,İstanbul 2. Bölge,23,Burakcan Yılmaz,27
Memleket,memleket,İstanbul,istanbul,İstanbul 2. Bölge,24,Burkay Öncel,27
Memleket,memleket,İstanbul,istanbul,İstanbul 2. Bölge,25,Erden Yasin Boyacı,27
Memleket,memleket,İstanbul,istanbul,İstanbul 2. Bölge,26,Burhan Eren Parlakyıldız,27
Memleket,memleket,İstanbul,istanbul,İstanbul 2. Bölge,27,Doğukan Babacan,27
Memleket,memleket,İstanbul,istanbul,İstanbul 3. Bölge,1,Ertuğrul Gülsever,36
Memleket,memleket,İstanbul,istanbul,İstanbul 3. Bölge,2,Mustafa Büyük,36
Memleket,memleket,İstanbul,istanbul,İstanbul 3. Bölge,3,Yunus Can,36
Memleket,memleket,İstanbul,istanbul,İstanbul 3. Bölge,4,Hazal Karaoğlan,36
Memleket,memleket,İstanbul,istanbul,İstanbul 3. Bölge,5,Ruhi Tuncel,36
Memleket,memleket,İstanbul,istanbul,İstanbul 3. Bölge,6,Ramazan Ertan,36
Memleket,memleket,İstanbul,istanbul,İstanbul 3. Bölge,7,Ünal Kirmiç,36
Memleket,memleket,İstanbul,istanbul,İstanbul 3. Bölge,8,Başak Erünsal,36
Memleket,memleket,İstanbul,istanbul,İstanbul 3. Bölge,9,Çiğdem Eriş,36
Memleket,memleket,İstanbul,istanbul,İstanbul 3. Bölge,10,Ahmet Gülten,36
Memleket,memleket,İstanbul,istanbul,İstanbul 3. Bölge,11,Ezgi Sabaz,36
Memleket,memleket,İstanbul,istanbul,İstanbul 3. Bölge,12,Pınar Alyansoğlu,36
Memleket,memleket,İstanbul,istanbul,İstanbul 3. Bölge,13,Turan Ünlü,36
Memleket,memleket,İstanbul,istanbul,İstanbul 3. Bölge,14,Tuna Açıkgöz,36
Memleket,memleket,İstanbul,istanbul,İstanbul 3. Bölge,15,Merve Çaçan,36
Memleket,memleket,İstanbul,istanbul,İstanbul 3. Bölge,16,İbrahim Dönmez,36
Memleket,memleket,İstanbul,istanbul,İstanbul 3. Bölge,17,Metin Eğrioğlu,36
Memleket,memleket,İstanbul,istanbul,İstanbul 3. Bölge,18,Efe Can Kalay,36
Memleket,memleket,İstanbul,istanbul,İstanbul 3. Bölge,19,Abdulkadir Tozyılmaz,36
Memleket,memleket,İstanbul,istanbul,İstanbul 3. Bölge,20,Raşit Gökçe Mandacı,36
Memleket,memleket,İstanbul,istanbul,İstanbul 3. Bölge,21,Bülent Uygur,36
Memleket,memleket,İstanbul,istanbul,İstanbul 3. Bölge,22,Olcay Aydın,36
Memleket,memleket,İstanbul,istanbul,İstanbul 3. Bölge,23,Sevda Türksever,36
Memleket,memleket,İstanbul,istanbul,İstanbul 3. Bölge,24,Uğur Çopur,36
Memleket,memleket,İstanbul,istanbul,İstanbul 3. Bölge,25,Evrim Yılmaz,36
Memleket,memleket,İstanbul,istanbul,İstanbul 3. Bölge,26,Ahmet Yıldırım,36
Memleket,memleket,İstanbul,istanbul,İstanbul 3. Bölge,27,Necmi Tezcan,36
Memleket,memleket,İstanbul,istanbul,İstanbul 3. Bölge,28,Cansu Uzunbabalar,36
Memleket,memleket,İstanbul,istanbul,İstanbul 3. Bölge,29,Berkay Morgül,36
Memleket,memleket,İstanbul,istanbul,İstanbul 3. Bölge,30,Furkan Duran,36
Memleket,memleket,İstanbul,istanbul,İstanbul 3. Bölge,31,Mustafa Kavurga,36
Memleket,memleket,İstanbul,istanbul,İstanbul 3. Bölge,32,Ömer Satı,36
Memleket,memleket,İstanbul,istanbul,İstanbul 3. Bölge,33,Berke Özdal,36
Memleket,memleket,İstanbul,istanbul,İstanbul 3. Bölge,34,Aziz Can Aydın,36
Memleket,memleket,İstanbul,istanbul,İstanbul 3. Bölge,35,Deniz Doğan,36
Memleket,memleket,İstanbul,istanbul,İstanbul 3. Bölge,36,Yusuf Can Altay,36
MHP,mhp,İstanbul,istanbul,İstanbul 1. Bölge,1,Edip Semih Yalçın,35
MHP,mhp,İstanbul,istanbul,İstanbul 1. Bölge,2,İzzet Ulvi Yönter,35
MHP,mhp,İstanbul,istanbul,İstanbul 1. Bölge,3,Memet Bülent Karataş,35
MHP,mhp,İstanbul,istanbul,İstanbul 1. Bölge,4,Nevzat Ünlütürk,35
MHP,mhp,İstanbul,istanbul,İstanbul 1. Bölge,5,Murat Şahin,35
MHP,mhp,İstanbul,istanbul,İstanbul 1. Bölge,6,Şahin Gürz,35
MHP,mhp,İstanbul,istanbul,İstanbul 1. Bölge,7,Fadime Ersoy Dursun,35
MHP,mhp,İstanbul,istanbul,İstanbul 1. Bölge,8,Büşra Düzgün Kaya,35
MHP,mhp,İstanbul,istanbul,İstanbul 1. Bölge,9,Hilal Dilber,35
MHP,mhp,İstanbul,istanbul,İstanbul 1. Bölge,10,Afşin Birben,35
MHP,mhp,İstanbul,istanbul,İstanbul 1. Bölge,11,İrem Çelik,35
MHP,mhp,İstanbul,istanbul,İstanbul 1. Bölge,12,Erdem Doğruer,35
MHP,mhp,İstanbul,istanbul,İstanbul 1. Bölge,13,Yiğit Emre Altun,35
MHP,mhp,İstanbul,istanbul,İstanbul 1. Bölge,14,Fatih Eryılmaz,35
MHP,mhp,İstanbul,istanbul,İstanbul 1. Bölge,15,Fevziye Hasasu,35
MHP,mhp,İstanbul,istanbul,İstanbul 1. Bölge,16,Bayram Binici,35
MHP,mhp,İstanbul,istanbul,İstanbul 1. Bölge,17,Aysun Turgut Beşoluk,35
MHP,mhp,İstanbul,istanbul,İstanbul 1. Bölge,18,Selçuk Güven Ülker,35
MHP,mhp,İstanbul,istanbul,İstanbul 1. Bölge,19,Göksal Beşkaya,35
MHP,mhp,İstanbul,istanbul,İstanbul 1. Bölge,20,Fikri Ay,35
MHP,mhp,İstanbul,istanbul,İstanbul 1. Bölge,21,İlker Çakıroğlu,35
MHP,mhp,İstanbul,istanbul,İstanbul 1. Bölge,22,Yunus Emre Durmuş,35
MHP,mhp,İstanbul,istanbul,İstanbul 1. Bölge,23,Şenel Ustabaşı,35
MHP,mhp,İstanbul,istanbul,İstanbul 1. Bölge,24,Gökmen Kayıkci,35
MHP,mhp,İstanbul,istanbul,İstanbul 1. Bölge,25,Cemal Altunhan,35
MHP,mhp,İstanbul,istanbul,İstanbul 1. Bölge,26,Fatih Kaya,35
MHP,mhp,İstanbul,istanbul,İstanbul 1. Bölge,27,Mahmut Coşkun,35
MHP,mhp,İstanbul,istanbul,İstanbul 1. Bölge,28,Murat Can Aydın,35
MHP,mhp,İstanbul,istanbul,İstanbul 1. Bölge,29,Serdar Bıyıkoğlu,35
MHP,mhp,İstanbul,istanbul,İstanbul 1. Bölge,30,Mücahit Güngör,35
MHP,mhp,İstanbul,istanbul,İstanbul 1. Bölge,31,Mustafa Yeter,35
MHP,mhp,İstanbul,istanbul,İstanbul 1. Bölge,32,Halil İbrahim Uz,35
MHP,mhp,İstanbul,istanbul,İstanbul 1. Bölge,33,Suat Altunkaynak,35
MHP,mhp,İstanbul,istanbul,İstanbul 1. Bölge,34,Umut Akbulut,35
MHP,mhp,İstanbul,istanbul,İstanbul 1. Bölge,35,Gökhan Alpaslan,35
MHP,mhp,İstanbul,istanbul,İstanbul 2. Bölge,1,Celal Adan,27
MHP,mhp,İstanbul,istanbul,İstanbul 2. Bölge,2,Cemal Çetin,27
MHP,mhp,İstanbul,istanbul,İstanbul 2. Bölge,3,Ferhat Çakıroğlu,27
MHP,mhp,İstanbul,istanbul,İstanbul 2. Bölge,4,Nur Tuğba Aktay,27
MHP,mhp,İstanbul,istanbul,İstanbul 2. Bölge,5,Niyazi Paksoy,27
MHP,mhp,İstanbul,istanbul,İstanbul 2. Bölge,6,Birol Gür,27
MHP,mhp,İstanbul,istanbul,İstanbul 2. Bölge,7,Yüksel Kaleci,27
MHP,mhp,İstanbul,istanbul,İstanbul 2. Bölge,8,Güllü Yener,27
MHP,mhp,İstanbul,istanbul,İstanbul 2. Bölge,9,Mahmut Yalçın,27
MHP,mhp,İstanbul,istanbul,İstanbul 2. Bölge,10,Tuğrul Gök,27
MHP,mhp,İstanbul,istanbul,İstanbul 2. Bölge,11,Ayhan Aras,27
MHP,mhp,İstanbul,istanbul,İstanbul 2. Bölge,12,Feime Akıncı,27
MHP,mhp,İstanbul,istanbul,İstanbul 2. Bölge,13,Nevra İmamoğlu,27
MHP,mhp,İstanbul,istanbul,İstanbul 2. Bölge,14,Mehmet Çetin,27
MHP,mhp,İstanbul,istanbul,İstanbul 2. Bölge,15,Recep Yavaş,27
MHP,mhp,İstanbul,istanbul,İstanbul 2. Bölge,16,Ali Atabeyoğlu,27
MHP,mhp,İstanbul,istanbul,İstanbul 2. Bölge,17,Erhan Üstünbaş,27
MHP,mhp,İstanbul,istanbul,İstanbul 2. Bölge,18,Serkan Büyük,27
MHP,mhp,İstanbul,istanbul,İstanbul 2. Bölge,19,Murat Sancak,27
MHP,mhp,İstanbul,istanbul,İstanbul 2. Bölge,20,Erkan Özçelik,27
MHP,mhp,İstanbul,istanbul,İstanbul 2. Bölge,21,Caner Öner,27
MHP,mhp,İstanbul,istanbul,İstanbul 2. Bölge,22,Beyda Nur Ayçetin,27
MHP,mhp,İstanbul,istanbul,İstanbul 2. Bölge,23,Ferda Kapucuoğlu,27
MHP,mhp,İstanbul,istanbul,İstanbul 2. Bölge,24,Necdet Öztürk,27
MHP,mhp,İstanbul,istanbul,İstanbul 2. Bölge,25,Serdar Doyuran,27
MHP,mhp,İstanbul,istanbul,İstanbul 2. Bölge,26,Alican Erdoğan,27
MHP,mhp,İstanbul,istanbul,İstanbul 2. Bölge,27,Celal Deniz,27
MHP,mhp,İstanbul,istanbul,İstanbul 3. Bölge,1,Feti Yıldız,36
MHP,mhp,İstanbul,istanbul,İstanbul 3. Bölge,2,İsmail Faruk Aksu,36
MHP,mhp,İstanbul,istanbul,İstanbul 3. Bölge,3,Hayati Arkaz,36
MHP,mhp,İstanbul,istanbul,İstanbul 3. Bölge,4,Arzu Erdem,36
MHP,mhp,İstanbul,istanbul,İstanbul 3. Bölge,5,Gökhan Türkeş Öngel,36
MHP,mhp,İstanbul,istanbul,İstanbul 3. Bölge,6,Davut Haskırış,36
MHP,mhp,İstanbul,istanbul,İstanbul 3. Bölge,7,Ahmet Savaş Çolak,36
MHP,mhp,İstanbul,istanbul,İstanbul 3. Bölge,8,Özge Tekoğulları,36
MHP,mhp,İstanbul,istanbul,İstanbul 3. Bölge,9,Aylin Yüksel Ülker,36
MHP,mhp,İstanbul,istanbul,İstanbul 3. Bölge,10,Metin Arı,36
MHP,mhp,İstanbul,istanbul,İstanbul 3. Bölge,11,Bahattin Şengül,36
MHP,mhp,İstanbul,istanbul,İstanbul 3. Bölge,12,Osman Büyükkaya,36
MHP,mhp,İstanbul,istanbul,İstanbul 3. Bölge,13,Uygar Oral Öztürk,36
MHP,mhp,İstanbul,istanbul,İstanbul 3. Bölge,14,Alparslan Çatak,36
MHP,mhp,İstanbul,istanbul,İstanbul 3. Bölge,15,İlkay Kaymak,36
MHP,mhp,İstanbul,istanbul,İstanbul 3. Bölge,16,Dilara Erkut,36
MHP,mhp,İstanbul,istanbul,İstanbul 3. Bölge,17,Aslıhan Soylu,36
MHP,mhp,İstanbul,istanbul,İstanbul 3. Bölge,18,Mustafa Sepin,36
MHP,mhp,İstanbul,istanbul,İstanbul 3. Bölge,19,Jasmina Türkoğlu,36
MHP,mhp,İstanbul,istanbul,İstanbul 3. Bölge,20,Volkan Büyükusta,36
MHP,mhp,İstanbul,istanbul,İstanbul 3. Bölge,21,Nergis Gök,36
MHP,mhp,İstanbul,istanbul,İstanbul 3. Bölge,22,Okan Demir,36
MHP,mhp,İstanbul,istanbul,İstanbul 3. Bölge,23,Mesut Yıldırım,36
MHP,mhp,İstanbul,istanbul,İstanbul 3. Bölge,24,Mustafa Alp,36
MHP,mhp,İstanbul,istanbul,İstanbul 3. Bölge,25,Mehmet Başak,36
MHP,mhp,İstanbul,istanbul,İstanbul 3. Bölge,26,Mehmet Şener Çelik,36
MHP,mhp,İstanbul,istanbul,İstanbul 3. Bölge,27,Bekir Sıtkı Karausta,36
MHP,mhp,İstanbul,istanbul,İstanbul 3. Bölge,28,Mehmet Galip Dere,36
MHP,mhp,İstanbul,istanbul,İstanbul 3. Bölge,29,Enes Yılmaz,36
MHP,mhp,İstanbul,istanbul,İstanbul 3. Bölge,30,Mehmet Sıddık Kaplan,36
MHP,mhp,İstanbul,istanbul,İstanbul 3. Bölge,31,Hakan Öztürk,36
MHP,mhp,İstanbul,istanbul,İstanbul 3. Bölge,32,Hakan Topsakal,36
MHP,mhp,İstanbul,istanbul,İstanbul 3. Bölge,33,Fatih Mehmet Çetinkaya,36
MHP,mhp,İstanbul,istanbul,İstanbul 3. Bölge,34,Mehmet Ali Özel,36
MHP,mhp,İstanbul,istanbul,İstanbul 3. Bölge,35,Muhammed Rafet Yiğit,36
MHP,mhp,İstanbul,istanbul,İstanbul 3. Bölge,36,Bülent Özcan,36
MİLLET,millet,İstanbul,istanbul,İstanbul 1. Bölge,1,Filiz Edibali,35
MİLLET,millet,İstanbul,istanbul,İstanbul 1. Bölge,2,Ahmet Çaylıoğlu,35
MİLLET,millet,İstanbul,istanbul,İstanbul 1. Bölge,3,Derviş Doğan,35
MİLLET,millet,İstanbul,istanbul,İstanbul 1. Bölge,4,Abdullatif Metin,35
MİLLET,millet,İstanbul,istanbul,İstanbul 1. Bölge,5,Alptekin Sofu,35
MİLLET,millet,İstanbul,istanbul,İstanbul 1. Bölge,6,Hakan Yılmaz,35
MİLLET,millet,İstanbul,istanbul,İstanbul 1. Bölge,7,Mehmet Emre Koçak,35
MİLLET,millet,İstanbul,istanbul,İstanbul 1. Bölge,8,Hasan Ayhan,35
MİLLET,millet,İstanbul,istanbul,İstanbul 1. Bölge,9,Ömer Faruk Kabarık,35
MİLLET,millet,İstanbul,istanbul,İstanbul 1. Bölge,10,Sena Gödek,35
MİLLET,millet,İstanbul,istanbul,İstanbul 1. Bölge,11,Aziz Çevik,35
MİLLET,millet,İstanbul,istanbul,İstanbul 1. Bölge,12,Mustafa Karataş,35
MİLLET,millet,İstanbul,istanbul,İstanbul 1. Bölge,13,Naci Cebecioğlu,35
MİLLET,millet,İstanbul,istanbul,İstanbul 1. Bölge,14,Alemdar Kurtoğlu,35
MİLLET,millet,İstanbul,istanbul,İstanbul 1. Bölge,15,Mürüvvet Sofu,35
MİLLET,millet,İstanbul,istanbul,İstanbul 1. Bölge,16,Orhan Yay,35
MİLLET,millet,İstanbul,istanbul,İstanbul 1. Bölge,17,Bünyamin Sezer,35
MİLLET,millet,İstanbul,istanbul,İstanbul 1. Bölge,18,Ahmet Akoğlu,35
MİLLET,millet,İstanbul,istanbul,İstanbul 1. Bölge,19,Aygül Ceylan,35
MİLLET,millet,İstanbul,istanbul,İstanbul 1. Bölge,20,Mehmet Ali Duman,35
MİLLET,millet,İstanbul,istanbul,İstanbul 1. Bölge,21,Salim Kaya,35
MİLLET,millet,İstanbul,istanbul,İstanbul 1. Bölge,22,Tülay Yılmaz,35
MİLLET,millet,İstanbul,istanbul,İstanbul 1. Bölge,23,Emsal Yay,35
MİLLET,millet,İstanbul,istanbul,İstanbul 1. Bölge,24,Cemal Karataş,35
MİLLET,millet,İstanbul,istanbul,İstanbul 1. Bölge,25,Ahmet Bahadır Koçak,35
MİLLET,millet,İstanbul,istanbul,İstanbul 1. Bölge,26,Büşra Bilge Sofu,35
MİLLET,millet,İstanbul,istanbul,İstanbul 1. Bölge,27,Beyza Nazire Koçoğlu,35
MİLLET,millet,İstanbul,istanbul,İstanbul 1. Bölge,28,Sefa Doğan,35
MİLLET,millet,İstanbul,istanbul,İstanbul 1. Bölge,29,Salih Şirin,35
MİLLET,millet,İstanbul,istanbul,İstanbul 1. Bölge,30,Necati Çeliktaş,35
MİLLET,millet,İstanbul,istanbul,İstanbul 1. Bölge,31,Ömer Lütfi Ural,35
MİLLET,millet,İstanbul,istanbul,İstanbul 1. Bölge,32,Ömer Faruk Aktaş,35
MİLLET,millet,İstanbul,istanbul,İstanbul 1. Bölge,33,Erhan Sofu,35
MİLLET,millet,İstanbul,istanbul,İstanbul 1. Bölge,34,Metin Bucak,35
MİLLET,millet,İstanbul,istanbul,İstanbul 1. Bölge,35,Gülsüm Eray,35
MİLLET,millet,İstanbul,istanbul,İstanbul 2. Bölge,1,Nazmi Oğuz,27
MİLLET,millet,İstanbul,istanbul,İstanbul 2. Bölge,2,Özcan Yay,27
MİLLET,millet,İstanbul,istanbul,İstanbul 2. Bölge,3,Salim Yılmaz,27
MİLLET,millet,İstanbul,istanbul,İstanbul 2. Bölge,4,Mehmet Birol Kakı,27
MİLLET,millet,İstanbul,istanbul,İstanbul 2. Bölge,5,Cumhur Kurt,27
MİLLET,millet,İstanbul,istanbul,İstanbul 2. Bölge,6,Hacer Çevik,27
MİLLET,millet,İstanbul,istanbul,İstanbul 2. Bölge,7,Aynur Karataş,27
MİLLET,millet,İstanbul,istanbul,İstanbul 2. Bölge,8,Fatime Gedik,27
MİLLET,millet,İstanbul,istanbul,İstanbul 2. Bölge,9,Mustafa Burhan,27
MİLLET,millet,İstanbul,istanbul,İstanbul 2. Bölge,10,Bahri Gödek,27
MİLLET,millet,İstanbul,istanbul,İstanbul 2. Bölge,11,Asım Yetimova,27
MİLLET,millet,İstanbul,istanbul,İstanbul 2. Bölge,12,Sebahattin Gülmez,27
MİLLET,millet,İstanbul,istanbul,İstanbul 2. Bölge,13,Mustafa Fatih Erdem,27
MİLLET,millet,İstanbul,istanbul,İstanbul 2. Bölge,14,Keramettin Memişoğlu,27
MİLLET,millet,İstanbul,istanbul,İstanbul 2. Bölge,15,Bahattin Yerlikaya,27
MİLLET,millet,İstanbul,istanbul,İstanbul 2. Bölge,16,Nebiha Doğan,27
MİLLET,millet,İstanbul,istanbul,İstanbul 2. Bölge,17,Levent Ünal,27
MİLLET,millet,İstanbul,istanbul,İstanbul 2. Bölge,18,Selahaddin Karakaya,27
MİLLET,millet,İstanbul,istanbul,İstanbul 2. Bölge,19,Hatice Koçak,27
MİLLET,millet,İstanbul,istanbul,İstanbul 2. Bölge,20,Meryem Koçoğlu,27
MİLLET,millet,İstanbul,istanbul,İstanbul 2. Bölge,21,Merve Tuğba Arabacı,27
MİLLET,millet,İstanbul,istanbul,İstanbul 2. Bölge,22,Fatma Karaoğlu,27
MİLLET,millet,İstanbul,istanbul,İstanbul 2. Bölge,23,Samet Karataş,27
MİLLET,millet,İstanbul,istanbul,İstanbul 2. Bölge,24,Kadir Nalbur,27
MİLLET,millet,İstanbul,istanbul,İstanbul 2. Bölge,25,Şeref Gül,27
MİLLET,millet,İstanbul,istanbul,İstanbul 2. Bölge,26,Şevket Kara,27
MİLLET,millet,İstanbul,istanbul,İstanbul 2. Bölge,27,Sait Sezer,27
MİLLET,millet,İstanbul,istanbul,İstanbul 3. Bölge,1,Hikmet Sofu,36
MİLLET,millet,İstanbul,istanbul,İstanbul 3. Bölge,2,Mevlüt Koçoğlu,36
MİLLET,millet,İstanbul,istanbul,İstanbul 3. Bölge,3,Mustafa Koçak,36
MİLLET,millet,İstanbul,istanbul,İstanbul 3. Bölge,4,Nazım Kocaman,36
MİLLET,millet,İstanbul,istanbul,İstanbul 3. Bölge,5,Meryem Aktaş,36
MİLLET,millet,İstanbul,istanbul,İstanbul 3. Bölge,6,Zakir Erdinç,36
MİLLET,millet,İstanbul,istanbul,İstanbul 3. Bölge,7,Seyfettin Özyurt,36
MİLLET,millet,İstanbul,istanbul,İstanbul 3. Bölge,8,Zühtü Özberk,36
MİLLET,millet,İstanbul,istanbul,İstanbul 3. Bölge,9,Emrah Kaplan,36
MİLLET,millet,İstanbul,istanbul,İstanbul 3. Bölge,10,Süleyman Erol,36
MİLLET,millet,İstanbul,istanbul,İstanbul 3. Bölge,11,Murat İstanbullu,36
MİLLET,millet,İstanbul,istanbul,İstanbul 3. Bölge,12,Sertaç Beyazoğlu,36
MİLLET,millet,İstanbul,istanbul,İstanbul 3. Bölge,13,Turhan Kubilay,36
MİLLET,millet,İstanbul,istanbul,İstanbul 3. Bölge,14,Burak Yay,36
MİLLET,millet,İstanbul,istanbul,İstanbul 3. Bölge,15,Aykut Çiçekli,36
MİLLET,millet,İstanbul,istanbul,İstanbul 3. Bölge,16,Ayten Görüşük,36
MİLLET,millet,İstanbul,istanbul,İstanbul 3. Bölge,17,Mustafa Gödek,36
MİLLET,millet,İstanbul,istanbul,İstanbul 3. Bölge,18,Fatih Arslan,36
MİLLET,millet,İstanbul,istanbul,İstanbul 3. Bölge,19,Necati Akbaş,36
MİLLET,millet,İstanbul,istanbul,İstanbul 3. Bölge,20,Nesibe Yılmaz,36
MİLLET,millet,İstanbul,istanbul,İstanbul 3. Bölge,21,Esvet Batal,36
MİLLET,millet,İstanbul,istanbul,İstanbul 3. Bölge,22,Mahmut Yay,36
MİLLET,millet,İstanbul,istanbul,İstanbul 3. Bölge,23,Fatma Şirin,36
MİLLET,millet,İstanbul,istanbul,İstanbul 3. Bölge,24,Mustafa Kop,36
MİLLET,millet,İstanbul,istanbul,İstanbul 3. Bölge,25,Recep Dişçi,36
MİLLET,millet,İstanbul,istanbul,İstanbul 3. Bölge,26,Hayriye Köşlüoğlu,36
MİLLET,millet,İstanbul,istanbul,İstanbul 3. Bölge,27,Ahmet Korkut Çiçekli,36
MİLLET,millet,İstanbul,istanbul,İstanbul 3. Bölge,28,Ayşenur Yıldız,36
MİLLET,millet,İstanbul,istanbul,İstanbul 3. Bölge,29,Hayrettin Çamur,36
MİLLET,millet,İstanbul,istanbul,İstanbul 3. Bölge,30,Oya Karacaoğlu,36
MİLLET,millet,İstanbul,istanbul,İstanbul 3. Bölge,31,Mustafa Yetimova,36
MİLLET,millet,İstanbul,istanbul,İstanbul 3. Bölge,32,Şemsettin Vural,36
MİLLET,millet,İstanbul,istanbul,İstanbul 3. Bölge,33,Selim Duman,36
MİLLET,millet,İstanbul,istanbul,İstanbul 3. Bölge,34,Enes Yay,36
MİLLET,millet,İstanbul,istanbul,İstanbul 3. Bölge,35,Zeynep Topuz,36
MİLLET,millet,İstanbul,istanbul,İstanbul 3. Bölge,36,Nihat Yetiş,36
Milli Yol,milliyol,İstanbul,istanbul,İstanbul 1. Bölge,1,Yunus Ekşi,35
Milli Yol,milliyol,İstanbul,istanbul,İstanbul 1. Bölge,2,Sulbiye Sara,35
Milli Yol,milliyol,İstanbul,istanbul,İstanbul 1. Bölge,3,Ömür Ekşi,35
Milli Yol,milliyol,İstanbul,istanbul,İstanbul 1. Bölge,4,Hakan Yılmaz,35
Milli Yol,milliyol,İstanbul,istanbul,İstanbul 1. Bölge,5,Sonay Gülsoy Şentürk,35
Milli Yol,milliyol,İstanbul,istanbul,İstanbul 1. Bölge,6,Cem Gür,35
Milli Yol,milliyol,İstanbul,istanbul,İstanbul 1. Bölge,7,Murat Ekşi,35
Milli Yol,milliyol,İstanbul,istanbul,İstanbul 1. Bölge,8,İbrahim Ağcadağ,35
Milli Yol,milliyol,İstanbul,istanbul,İstanbul 1. Bölge,9,Muhammet Saka,35
Milli Yol,milliyol,İstanbul,istanbul,İstanbul 1. Bölge,10,Hacı Ali Gürsoy,35
Milli Yol,milliyol,İstanbul,istanbul,İstanbul 1. Bölge,11,Emel Atalar,35
Milli Yol,milliyol,İstanbul,istanbul,İstanbul 1. Bölge,12,Fatma Sedef Sam,35
Milli Yol,milliyol,İstanbul,istanbul,İstanbul 1. Bölge,13,Birtan Özer,35
Milli Yol,milliyol,İstanbul,istanbul,İstanbul 1. Bölge,14,Nurettin Keskin,35
Milli Yol,milliyol,İstanbul,istanbul,İstanbul 1. Bölge,15,Ahmet Topçu,35
Milli Yol,milliyol,İstanbul,istanbul,İstanbul 1. Bölge,16,Selim Akan,35
Milli Yol,milliyol,İstanbul,istanbul,İstanbul 1. Bölge,17,Maksude Taşçı,35
Milli Yol,milliyol,İstanbul,istanbul,İstanbul 1. Bölge,18,Nurettin Karataş,35
Milli Yol,milliyol,İstanbul,istanbul,İstanbul 1. Bölge,19,Ökkeş Korkmaz,35
Milli Yol,milliyol,İstanbul,istanbul,İstanbul 1. Bölge,20,Hasan Ateşer,35
Milli Yol,milliyol,İstanbul,istanbul,İstanbul 1. Bölge,21,Özlem Akdemir,35
Milli Yol,milliyol,İstanbul,istanbul,İstanbul 1. Bölge,22,Özlem Sarıöz,35
Milli Yol,milliyol,İstanbul,istanbul,İstanbul 1. Bölge,23,Bayram Yeşilyurt,35
Milli Yol,milliyol,İstanbul,istanbul,İstanbul 1. Bölge,24,Semih Eroğlu,35
Milli Yol,milliyol,İstanbul,istanbul,İstanbul 1. Bölge,25,Elif Çelik,35
Milli Yol,milliyol,İstanbul,istanbul,İstanbul 1. Bölge,26,Adem Altun,35
Milli Yol,milliyol,İstanbul,istanbul,İstanbul 1. Bölge,27,Leyla Topcu,35
Milli Yol,milliyol,İstanbul,istanbul,İstanbul 1. Bölge,28,Mustafa Divandiler,35
Milli Yol,milliyol,İstanbul,istanbul,İstanbul 1. Bölge,29,Sabahattin Avunç,35
Milli Yol,milliyol,İstanbul,istanbul,İstanbul 1. Bölge,30,İsa Tuncer,35
Milli Yol,milliyol,İstanbul,istanbul,İstanbul 1. Bölge,31,Nazife Kaya,35
Milli Yol,milliyol,İstanbul,istanbul,İstanbul 1. Bölge,32,Yunus Tekeli,35
Milli Yol,milliyol,İstanbul,istanbul,İstanbul 1. Bölge,33,Yusufhan Taşkent,35
Milli Yol,milliyol,İstanbul,istanbul,İstanbul 1. Bölge,34,Zafer Çetin,35
Milli Yol,milliyol,İstanbul,istanbul,İstanbul 1. Bölge,35,Muhammed Gazi Bulut,35
Milli Yol,milliyol,İstanbul,istanbul,İstanbul 2. Bölge,1,Yaşar Çavdar,27
Milli Yol,milliyol,İstanbul,istanbul,İstanbul 2. Bölge,2,Ali Mazhar Kır,27
Milli Yol,milliyol,İstanbul,istanbul,İstanbul 2. Bölge,3,Dilşad Mezararkalı Mülayim,27
Milli Yol,milliyol,İstanbul,istanbul,İstanbul 2. Bölge,4,Mustafa Akkaya,27
Milli Yol,milliyol,İstanbul,istanbul,İstanbul 2. Bölge,5,Batuhan Acar,27
Milli Yol,milliyol,İstanbul,istanbul,İstanbul 2. Bölge,6,Necati Genç,27
Milli Yol,milliyol,İstanbul,istanbul,İstanbul 2. Bölge,7,Şuayip Sungur,27
Milli Yol,milliyol,İstanbul,istanbul,İstanbul 2. Bölge,8,Davut Başaran,27
Milli Yol,milliyol,İstanbul,istanbul,İstanbul 2. Bölge,9,Ferdi Aydın,27
Milli Yol,milliyol,İstanbul,istanbul,İstanbul 2. Bölge,10,Hamza Kaya,27
Milli Yol,milliyol,İstanbul,istanbul,İstanbul 2. Bölge,11,Serdar Çayır,27
Milli Yol,milliyol,İstanbul,istanbul,İstanbul 2. Bölge,12,Özden Doymuş,27
Milli Yol,milliyol,İstanbul,istanbul,İstanbul 2. Bölge,13,Gökhan Kulmaç,27
Milli Yol,milliyol,İstanbul,istanbul,İstanbul 2. Bölge,14,Hüseyin Emir Süleymanoğlu,27
Milli Yol,milliyol,İstanbul,istanbul,İstanbul 2. Bölge,15,Cevriye Bucak,27
Milli Yol,milliyol,İstanbul,istanbul,İstanbul 2. Bölge,16,Elif Karabulut,27
Milli Yol,milliyol,İstanbul,istanbul,İstanbul 2. Bölge,17,Uğur Kayagil,27
Milli Yol,milliyol,İstanbul,istanbul,İstanbul 2. Bölge,18,Yusuf Bal,27
Milli Yol,milliyol,İstanbul,istanbul,İstanbul 2. Bölge,19,Çağatay Taşkın Sert,27
Milli Yol,milliyol,İstanbul,istanbul,İstanbul 2. Bölge,20,Mahsum Karabulut,27
Milli Yol,milliyol,İstanbul,istanbul,İstanbul 2. Bölge,21,Ahmet Aşiran,27
Milli Yol,milliyol,İstanbul,istanbul,İstanbul 2. Bölge,22,Tuğçe Aşiran,27
Milli Yol,milliyol,İstanbul,istanbul,İstanbul 2. Bölge,23,Erdi Hışırcı,27
Milli Yol,milliyol,İstanbul,istanbul,İstanbul 2. Bölge,24,Recep Denizli,27
Milli Yol,milliyol,İstanbul,istanbul,İstanbul 2. Bölge,25,Abdurrahman Doğan,27
Milli Yol,milliyol,İstanbul,istanbul,İstanbul 2. Bölge,26,Latif Kahveci,27
Milli Yol,milliyol,İstanbul,istanbul,İstanbul 2. Bölge,27,Aysel Ağaç,27
Milli Yol,milliyol,İstanbul,istanbul,İstanbul 3. Bölge,1,Nejdat Topcu,36
Milli Yol,milliyol,İstanbul,istanbul,İstanbul 3. Bölge,2,Tahsin Taştan,36
Milli Yol,milliyol,İstanbul,istanbul,İstanbul 3. Bölge,3,Ahmet Turan Taşkent,36
Milli Yol,milliyol,İstanbul,istanbul,İstanbul 3. Bölge,4,Ünal Tek,36
Milli Yol,milliyol,İstanbul,istanbul,İstanbul 3. Bölge,5,Hacer Gökdoğan,36
Milli Yol,milliyol,İstanbul,istanbul,İstanbul 3. Bölge,6,Birol Yaman,36
Milli Yol,milliyol,İstanbul,istanbul,İstanbul 3. Bölge,7,Yücel Öztürk,36
Milli Yol,milliyol,İstanbul,istanbul,İstanbul 3. Bölge,8,Turan Baran,36
Milli Yol,milliyol,İstanbul,istanbul,İstanbul 3. Bölge,9,Hamit Cilalı,36
Milli Yol,milliyol,İstanbul,istanbul,İstanbul 3. Bölge,10,Emre Genç,36
Milli Yol,milliyol,İstanbul,istanbul,İstanbul 3. Bölge,11,Ali Payas,36
Milli Yol,milliyol,İstanbul,istanbul,İstanbul 3. Bölge,12,Celal Bayar,36
Milli Yol,milliyol,İstanbul,istanbul,İstanbul 3. Bölge,13,Süleyman Gül,36
Milli Yol,milliyol,İstanbul,istanbul,İstanbul 3. Bölge,14,Yeliz Avcu,36
Milli Yol,milliyol,İstanbul,istanbul,İstanbul 3. Bölge,15,İslam Uzun,36
Milli Yol,milliyol,İstanbul,istanbul,İstanbul 3. Bölge,16,Celal Yüzük,36
Milli Yol,milliyol,İstanbul,istanbul,İstanbul 3. Bölge,17,Hatice Songül Bayramoğlu,36
Milli Yol,milliyol,İstanbul,istanbul,İstanbul 3. Bölge,18,Bülent Demirpolat,36
Milli Yol,milliyol,İstanbul,istanbul,İstanbul 3. Bölge,19,Fatmanur Küçük,36
Milli Yol,milliyol,İstanbul,istanbul,İstanbul 3. Bölge,20,Erdal Yolcu,36
Milli Yol,milliyol,İstanbul,istanbul,İstanbul 3. Bölge,21,Ömer Bahadır Tavusbay,36
Milli Yol,milliyol,İstanbul,istanbul,İstanbul 3. Bölge,22,Nail Yılmaz,36
Milli Yol,milliyol,İstanbul,istanbul,İstanbul 3. Bölge,23,Yüksel Özcan,36
Milli Yol,milliyol,İstanbul,istanbul,İstanbul 3. Bölge,24,Selhattin Aşiran,36
Milli Yol,milliyol,İstanbul,istanbul,İstanbul 3. Bölge,25,Halil İbrahim Canik,36
Milli Yol,milliyol,İstanbul,istanbul,İstanbul 3. Bölge,26,Kürşad Taşkent,36
Milli Yol,milliyol,İstanbul,istanbul,İstanbul 3. Bölge,27,Aslı Tek,36
Milli Yol,milliyol,İstanbul,istanbul,İstanbul 3. Bölge,28,Ramazan Koyuncu,36
Milli Yol,milliyol,İstanbul,istanbul,İstanbul 3. Bölge,29,Yusuf Dirice,36
Milli Yol,milliyol,İstanbul,istanbul,İstanbul 3. Bölge,30,Müslüm Bucak,36
Milli Yol,milliyol,İstanbul,istanbul,İstanbul 3. Bölge,31,Ertuğrul Baran,36
Milli Yol,milliyol,İstanbul,istanbul,İstanbul 3. Bölge,32,Uğur Öz,36
Milli Yol,milliyol,İstanbul,istanbul,İstanbul 3. Bölge,33,Kazim Bozkurt,36
Milli Yol,milliyol,İstanbul,istanbul,İstanbul 3. Bölge,34,Mucip Tunç,36
Milli Yol,milliyol,İstanbul,istanbul,İstanbul 3. Bölge,35,Murat Güçlü,36
Milli Yol,milliyol,İstanbul,istanbul,İstanbul 3. Bölge,36,Murat Özdil,36
Sol Parti,solparti,İstanbul,istanbul,İstanbul 1. Bölge,1,Alper Taş,35
Sol Parti,solparti,İstanbul,istanbul,İstanbul 1. Bölge,2,Esra Kahraman,35
Sol Parti,solparti,İstanbul,istanbul,İstanbul 1. Bölge,3,Zeynep Gökçek Pehlivan,35
Sol Parti,solparti,İstanbul,istanbul,İstanbul 1. Bölge,4,Füsun Taş,35
Sol Parti,solparti,İstanbul,istanbul,İstanbul 1. Bölge,5,Hasan Kocamanoğlu,35
Sol Parti,solparti,İstanbul,istanbul,İstanbul 1. Bölge,6,Yeter Tabak,35
Sol Parti,solparti,İstanbul,istanbul,İstanbul 1. Bölge,7,İsmail Akçora,35
Sol Parti,solparti,İstanbul,istanbul,İstanbul 1. Bölge,8,Ayşe Demir,35
Sol Parti,solparti,İstanbul,istanbul,İstanbul 1. Bölge,9,İrem Yıldırım,35
Sol Parti,solparti,İstanbul,istanbul,İstanbul 1. Bölge,10,Ayşe Berfin Kayısı Koç,35
Sol Parti,solparti,İstanbul,istanbul,İstanbul 1. Bölge,11,İbrahim Yazar,35
Sol Parti,solparti,İstanbul,istanbul,İstanbul 1. Bölge,12,Şengül Kılıç,35
Sol Parti,solparti,İstanbul,istanbul,İstanbul 1. Bölge,13,Hüseyin Yeşil,35
Sol Parti,solparti,İstanbul,istanbul,İstanbul 1. Bölge,14,Pınar Adıgüzel Demirdöğen,35
Sol Parti,solparti,İstanbul,istanbul,İstanbul 1. Bölge,15,Müslüm Demir,35
Sol Parti,solparti,İstanbul,istanbul,İstanbul 1. Bölge,16,Leyla Yıldız,35
Sol Parti,solparti,İstanbul,istanbul,İstanbul 1. Bölge,17,Sinan Özböler,35
Sol Parti,solparti,İstanbul,istanbul,İstanbul 1. Bölge,18,İlknur Kaya Bahadır,35
Sol Parti,solparti,İstanbul,istanbul,İstanbul 1. Bölge,19,Erol Çakmak,35
Sol Parti,solparti,İstanbul,istanbul,İstanbul 1. Bölge,20,Neslişah Yegen,35
Sol Parti,solparti,İstanbul,istanbul,İstanbul 1. Bölge,21,Azmi Tulunay,35
Sol Parti,solparti,İstanbul,istanbul,İstanbul 1. Bölge,22,Cansu Kahraman,35
Sol Parti,solparti,İstanbul,istanbul,İstanbul 1. Bölge,23,Eylül Doğa Telatar,35
Sol Parti,solparti,İstanbul,istanbul,İstanbul 1. Bölge,24,Nuran Sevinç,35
Sol Parti,solparti,İstanbul,istanbul,İstanbul 1. Bölge,25,Seval Keleş,35
Sol Parti,solparti,İstanbul,istanbul,İstanbul 1. Bölge,26,Yurdanur Demir,35
Sol Parti,solparti,İstanbul,istanbul,İstanbul 1. Bölge,27,Hüsnügül Gül,35
Sol Parti,solparti,İstanbul,istanbul,İstanbul 1. Bölge,28,Yağmur Gündoğan,35
Sol Parti,solparti,İstanbul,istanbul,İstanbul 1. Bölge,29,Remziye İpek,35
Sol Parti,solparti,İstanbul,istanbul,İstanbul 1. Bölge,30,Ayhan Bağbakan,35
Sol Parti,solparti,İstanbul,istanbul,İstanbul 1. Bölge,31,Veysal Karahan,35
Sol Parti,solparti,İstanbul,istanbul,İstanbul 1. Bölge,32,Berfin Baytemur,35
Sol Parti,solparti,İstanbul,istanbul,İstanbul 1. Bölge,33,Ayşe Çakır Karaçeper,35
Sol Parti,solparti,İstanbul,istanbul,İstanbul 1. Bölge,34,Rabia Yavuztürk,35
Sol Parti,solparti,İstanbul,istanbul,İstanbul 1. Bölge,35,Ayşe Doğan,35
Sol Parti,solparti,İstanbul,istanbul,İstanbul 2. Bölge,1,Osman Öztürk,27
Sol Parti,solparti,İstanbul,istanbul,İstanbul 2. Bölge,2,Eylem Altun Yılmaz,27
Sol Parti,solparti,İstanbul,istanbul,İstanbul 2. Bölge,3,Metin Kılıç,27
Sol Parti,solparti,İstanbul,istanbul,İstanbul 2. Bölge,4,Nurhayat Aktürk,27
Sol Parti,solparti,İstanbul,istanbul,İstanbul 2. Bölge,5,Akın Altunay,27
Sol Parti,solparti,İstanbul,istanbul,İstanbul 2. Bölge,6,Aysun Özgenç Taşlı,27
Sol Parti,solparti,İstanbul,istanbul,İstanbul 2. Bölge,7,Deniz Arı,27
Sol Parti,solparti,İstanbul,istanbul,İstanbul 2. Bölge,8,Alev Özgenç,27
Sol Parti,solparti,İstanbul,istanbul,İstanbul 2. Bölge,9,Güray Kılıç,27
Sol Parti,solparti,İstanbul,istanbul,İstanbul 2. Bölge,10,Gülay Karakuş,27
Sol Parti,solparti,İstanbul,istanbul,İstanbul 2. Bölge,11,Ayhan Taşlı,27
Sol Parti,solparti,İstanbul,istanbul,İstanbul 2. Bölge,12,Elif Karagöz,27
Sol Parti,solparti,İstanbul,istanbul,İstanbul 2. Bölge,13,Avni Gündoğan,27
Sol Parti,solparti,İstanbul,istanbul,İstanbul 2. Bölge,14,Esen Gönenç Öntaş,27
Sol Parti,solparti,İstanbul,istanbul,İstanbul 2. Bölge,15,Serdar Aydın,27
Sol Parti,solparti,İstanbul,istanbul,İstanbul 2. Bölge,16,Havva Gümüşkaya,27
Sol Parti,solparti,İstanbul,istanbul,İstanbul 2. Bölge,17,Recep Yılmaz,27
Sol Parti,solparti,İstanbul,istanbul,İstanbul 2. Bölge,18,Begül Kılıççöte Bektaş,27
Sol Parti,solparti,İstanbul,istanbul,İstanbul 2. Bölge,19,Hasan Aydın,27
Sol Parti,solparti,İstanbul,istanbul,İstanbul 2. Bölge,20,Serap Kaya,27
Sol Parti,solparti,İstanbul,istanbul,İstanbul 2. Bölge,21,Adnan Adil Ateş,27
Sol Parti,solparti,İstanbul,istanbul,İstanbul 2. Bölge,22,Pınar Çelebi,27
Sol Parti,solparti,İstanbul,istanbul,İstanbul 2. Bölge,23,Kardelen Tatar Sinecan,27
Sol Parti,solparti,İstanbul,istanbul,İstanbul 2. Bölge,24,Sema Erdem Tunay,27
Sol Parti,solparti,İstanbul,istanbul,İstanbul 2. Bölge,25,Ceren Berk Kırbaç,27
Sol Parti,solparti,İstanbul,istanbul,İstanbul 2. Bölge,26,Ozan Aydoğan,27
Sol Parti,solparti,İstanbul,istanbul,İstanbul 2. Bölge,27,Birsen Özsoy,27
Sol Parti,solparti,İstanbul,istanbul,İstanbul 3. Bölge,1,Dursun Yaşar Aydın,36
Sol Parti,solparti,İstanbul,istanbul,İstanbul 3. Bölge,2,Leyla Üzüm,36
Sol Parti,solparti,İstanbul,istanbul,İstanbul 3. Bölge,3,Metin Dışbudak,36
Sol Parti,solparti,İstanbul,istanbul,İstanbul 3. Bölge,4,Sibel Topaktaş,36
Sol Parti,solparti,İstanbul,istanbul,İstanbul 3. Bölge,5,Öznur Geçkin,36
Sol Parti,solparti,İstanbul,istanbul,İstanbul 3. Bölge,6,Battal Kılıç,36
Sol Parti,solparti,İstanbul,istanbul,İstanbul 3. Bölge,7,Elif Yıldırım Genç,36
Sol Parti,solparti,İstanbul,istanbul,İstanbul 3. Bölge,8,Tevfik Peker,36
Sol Parti,solparti,İstanbul,istanbul,İstanbul 3. Bölge,9,Fatma Çiçek,36
Sol Parti,solparti,İstanbul,istanbul,İstanbul 3. Bölge,10,Şener Bayar,36
Sol Parti,solparti,İstanbul,istanbul,İstanbul 3. Bölge,11,Hülya Aydın,36
Sol Parti,solparti,İstanbul,istanbul,İstanbul 3. Bölge,12,Öykü Bayar,36
Sol Parti,solparti,İstanbul,istanbul,İstanbul 3. Bölge,13,Simla Su Okkalı,36
Sol Parti,solparti,İstanbul,istanbul,İstanbul 3. Bölge,14,Deniz Alaçam,36
Sol Parti,solparti,İstanbul,istanbul,İstanbul 3. Bölge,15,Berivan Sert Erdoğan,36
Sol Parti,solparti,İstanbul,istanbul,İstanbul 3. Bölge,16,Alimerdan Aymelek,36
Sol Parti,solparti,İstanbul,istanbul,İstanbul 3. Bölge,17,Özlem Köseoğlu,36
Sol Parti,solparti,İstanbul,istanbul,İstanbul 3. Bölge,18,Duygu Dağdeviren,36
Sol Parti,solparti,İstanbul,istanbul,İstanbul 3. Bölge,19,İlayda Işıklı,36
Sol Parti,solparti,İstanbul,istanbul,İstanbul 3. Bölge,20,Mahir Tan,36
Sol Parti,solparti,İstanbul,istanbul,İstanbul 3. Bölge,21,Hülya Şener,36
Sol Parti,solparti,İstanbul,istanbul,İstanbul 3. Bölge,22,Nail Yazıcı,36
Sol Parti,solparti,İstanbul,istanbul,İstanbul 3. Bölge,23,Cem Yıldırım,36
Sol Parti,solparti,İstanbul,istanbul,İstanbul 3. Bölge,24,Mustafa Aydın Başalmaz,36
Sol Parti,solparti,İstanbul,istanbul,İstanbul 3. Bölge,25,Ali Yılmaz,36
Sol Parti,solparti,İstanbul,istanbul,İstanbul 3. Bölge,26,Emin Külekci,36
Sol Parti,solparti,İstanbul,istanbul,İstanbul 3. Bölge,27,Esat Mahmut Karabulut,36
Sol Parti,solparti,İstanbul,istanbul,İstanbul 3. Bölge,28,Deniz Buldum,36
Sol Parti,solparti,İstanbul,istanbul,İstanbul 3. Bölge,29,Yakup Öznur,36
Sol Parti,solparti,İstanbul,istanbul,İstanbul 3. Bölge,30,Sadi Ketbuga,36
Sol Parti,solparti,İstanbul,istanbul,İstanbul 3. Bölge,31,Cihan Cihangir,36
Sol Parti,solparti,İstanbul,istanbul,İstanbul 3. Bölge,32,Rüstem Karakuş,36
Sol Parti,solparti,İstanbul,istanbul,İstanbul 3. Bölge,33,Tolga Akdaş,36
Sol Parti,solparti,İstanbul,istanbul,İstanbul 3. Bölge,34,Akın Aykaç,36
Sol Parti,solparti,İstanbul,istanbul,İstanbul 3. Bölge,35,Samed Barış Pirim,36
Sol Parti,solparti,İstanbul,istanbul,İstanbul 3. Bölge,36,Cennet Kayalar,36
TİP,tip,İstanbul,istanbul,İstanbul 1. Bölge,1,Saliha Sera Kadıgil,35
TİP,tip,İstanbul,istanbul,İstanbul 1. Bölge,2,Anıl Denizci,35
TİP,tip,İstanbul,istanbul,İstanbul 1. Bölge,3,Ali Ronay,35
TİP,tip,İstanbul,istanbul,İstanbul 1. Bölge,4,Fatma Karabulut,35
TİP,tip,İstanbul,istanbul,İstanbul 1. Bölge,5,Sedat Durel,35
TİP,tip,İstanbul,istanbul,İstanbul 1. Bölge,6,Tayfun Budak,35
TİP,tip,İstanbul,istanbul,İstanbul 1. Bölge,7,Didem Doğan Aydedim,35
TİP,tip,İstanbul,istanbul,İstanbul 1. Bölge,8,Asuman Fazlıoğlu,35
TİP,tip,İstanbul,istanbul,İstanbul 1. Bölge,9,Erdinç Mehmetoğlu,35
TİP,tip,İstanbul,istanbul,İstanbul 1. Bölge,10,Arif Özdemir,35
TİP,tip,İstanbul,istanbul,İstanbul 1. Bölge,11,Mahbip Dilek,35
TİP,tip,İstanbul,istanbul,İstanbul 1. Bölge,12,Çağlar Çağlı,35
TİP,tip,İstanbul,istanbul,İstanbul 1. Bölge,13,Filiz Kılıç,35
TİP,tip,İstanbul,istanbul,İstanbul 1. Bölge,14,Foti Benlisoy,35
TİP,tip,İstanbul,istanbul,İstanbul 1. Bölge,15,Harun Göktepe,35
TİP,tip,İstanbul,istanbul,İstanbul 1. Bölge,16,Mizgin Özmen,35
TİP,tip,İstanbul,istanbul,İstanbul 1. Bölge,17,Bülent Yüksel,35
TİP,tip,İstanbul,istanbul,İstanbul 1. Bölge,18,Ali İzzet Eti,35
TİP,tip,İstanbul,istanbul,İstanbul 1. Bölge,19,Fırat Çoban,35
TİP,tip,İstanbul,istanbul,İstanbul 1. Bölge,20,Gökçe Usta,35
TİP,tip,İstanbul,istanbul,İstanbul 1. Bölge,21,Eylem Pınar,35
TİP,tip,İstanbul,istanbul,İstanbul 1. Bölge,22,Görkem Duru,35
TİP,tip,İstanbul,istanbul,İstanbul 1. Bölge,23,Zeynep Demirel,35
TİP,tip,İstanbul,istanbul,İstanbul 1. Bölge,24,Oktay Raif Evrensel,35
TİP,tip,İstanbul,istanbul,İstanbul 1. Bölge,25,Mehmet Kılıç,35
TİP,tip,İstanbul,istanbul,İstanbul 1. Bölge,26,Mehmet Acar,35
TİP,tip,İstanbul,istanbul,İstanbul 1. Bölge,27,Ezgi Ceren Işık,35
TİP,tip,İstanbul,istanbul,İstanbul 1. Bölge,28,Esin Aydın Kaya,35
TİP,tip,İstanbul,istanbul,İstanbul 1. Bölge,29,Güner Yener,35
TİP,tip,İstanbul,istanbul,İstanbul 1. Bölge,30,Nurdan Ünver,35
TİP,tip,İstanbul,istanbul,İstanbul 1. Bölge,31,Hakan Bilgehan,35
TİP,tip,İstanbul,istanbul,İstanbul 1. Bölge,32,Esma Kara,35
TİP,tip,İstanbul,istanbul,İstanbul 1. Bölge,33,Emirhan Turan,35
TİP,tip,İstanbul,istanbul,İstanbul 1. Bölge,34,Boran Takak,35
TİP,tip,İstanbul,istanbul,İstanbul 1. Bölge,35,Utku Uraz Aydın,35
TİP,tip,İstanbul,istanbul,İstanbul 2. Bölge,1,Ahmet Şık,27
TİP,tip,İstanbul,istanbul,İstanbul 2. Bölge,2,Mısra Öz,27
TİP,tip,İstanbul,istanbul,İstanbul 2. Bölge,3,Zeynep Esmeray Özadıkti,27
TİP,tip,İstanbul,istanbul,İstanbul 2. Bölge,4,Koray Doğan Urbarlı,27
TİP,tip,İstanbul,istanbul,İstanbul 2. Bölge,5,Yılmaz Aslantürk,27
TİP,tip,İstanbul,istanbul,İstanbul 2. Bölge,6,Şerif Özgür Urfa,27
TİP,tip,İstanbul,istanbul,İstanbul 2. Bölge,7,Fatma Gül Eryıldız Şenvardar,27
TİP,tip,İstanbul,istanbul,İstanbul 2. Bölge,8,Atakan Özsan,27
TİP,tip,İstanbul,istanbul,İstanbul 2. Bölge,9,Enes Karakaş,27
TİP,tip,İstanbul,istanbul,İstanbul 2. Bölge,10,Evin Doğu,27
TİP,tip,İstanbul,istanbul,İstanbul 2. Bölge,11,Sennur Sırbudak,27
TİP,tip,İstanbul,istanbul,İstanbul 2. Bölge,12,Naciye Babalık,27
TİP,tip,İstanbul,istanbul,İstanbul 2. Bölge,13,Bogos Masis Kürkçügil,27
TİP,tip,İstanbul,istanbul,İstanbul 2. Bölge,14,Metin Akın,27
TİP,tip,İstanbul,istanbul,İstanbul 2. Bölge,15,Emrah Yalçın,27
TİP,tip,İstanbul,istanbul,İstanbul 2. Bölge,16,Elif Damla İrgin,27
TİP,tip,İstanbul,istanbul,İstanbul 2. Bölge,17,Hasan Hüseyin Şenses,27
TİP,tip,İstanbul,istanbul,İstanbul 2. Bölge,18,Baha Aydın,27
TİP,tip,İstanbul,istanbul,İstanbul 2. Bölge,19,Mehmet Köksal,27
TİP,tip,İstanbul,istanbul,İstanbul 2. Bölge,20,Tuğrul Eylül Cerrahoğlu,27
TİP,tip,İstanbul,istanbul,İstanbul 2. Bölge,21,Kayacan Çengel,27
TİP,tip,İstanbul,istanbul,İstanbul 2. Bölge,22,Eylül Çakır,27
TİP,tip,İstanbul,istanbul,İstanbul 2. Bölge,23,Can Yılmaz Kaya,27
TİP,tip,İstanbul,istanbul,İstanbul 2. Bölge,24,Dersim Şan Genç,27
TİP,tip,İstanbul,istanbul,İstanbul 2. Bölge,25,Eren Işıkbaş,27
TİP,tip,İstanbul,istanbul,İstanbul 2. Bölge,26,Mertcan İlgöz,27
TİP,tip,İstanbul,istanbul,İstanbul 2. Bölge,27,Hasan Karayiğit,27
TİP,tip,İstanbul,istanbul,İstanbul 3. Bölge,1,Erkan Baş,36
TİP,tip,İstanbul,istanbul,İstanbul 3. Bölge,2,Meryem Göktepe Türkmen,36
TİP,tip,İstanbul,istanbul,İstanbul 3. Bölge,3,Umur Ekrem Talu,36
TİP,tip,İstanbul,istanbul,İstanbul 3. Bölge,4,Yaprak Didem Koryürek Armutlu,36
TİP,tip,İstanbul,istanbul,İstanbul 3. Bölge,5,Özlem Teke,36
TİP,tip,İstanbul,istanbul,İstanbul 3. Bölge,6,Feremez Tuncay,36
TİP,tip,İstanbul,istanbul,İstanbul 3. Bölge,7,Jiyan Aybar,36
TİP,tip,İstanbul,istanbul,İstanbul 3. Bölge,8,Aylin Doğan,36
TİP,tip,İstanbul,istanbul,İstanbul 3. Bölge,9,Bilgehan Tuba Tiryaki,36
TİP,tip,İstanbul,istanbul,İstanbul 3. Bölge,10,Nilay Barkın,36
TİP,tip,İstanbul,istanbul,İstanbul 3. Bölge,11,Niler Albayrak,36
TİP,tip,İstanbul,istanbul,İstanbul 3. Bölge,12,Ekrem Erdin,36
TİP,tip,İstanbul,istanbul,İstanbul 3. Bölge,13,Veysel Dönmez,36
TİP,tip,İstanbul,istanbul,İstanbul 3. Bölge,14,Ahmet Oral,36
TİP,tip,İstanbul,istanbul,İstanbul 3. Bölge,15,Ebru Kıraner,36
TİP,tip,İstanbul,istanbul,İstanbul 3. Bölge,16,Muhammed Çelik,36
TİP,tip,İstanbul,istanbul,İstanbul 3. Bölge,17,Saadet Özsoy,36
TİP,tip,İstanbul,istanbul,İstanbul 3. Bölge,18,Ferhat Çelikoğlu,36
TİP,tip,İstanbul,istanbul,İstanbul 3. Bölge,19,Ömer Tura,36
TİP,tip,İstanbul,istanbul,İstanbul 3. Bölge,20,Alev Samatlıoğlu,36
TİP,tip,İstanbul,istanbul,İstanbul 3. Bölge,21,Muhammet Mücahit Filiz,36
TİP,tip,İstanbul,istanbul,İstanbul 3. Bölge,22,Tanyel Süzer,36
TİP,tip,İstanbul,istanbul,İstanbul 3. Bölge,23,Umit Deniz,36
TİP,tip,İstanbul,istanbul,İstanbul 3. Bölge,24,Fatma Berazioğlu,36
TİP,tip,İstanbul,istanbul,İstanbul 3. Bölge,25,Serkan Genç,36
TİP,tip,İstanbul,istanbul,İstanbul 3. Bölge,26,Güngör Kaya,36
TİP,tip,İstanbul,istanbul,İstanbul 3. Bölge,27,Gözde Özel,36
TİP,tip,İstanbul,istanbul,İstanbul 3. Bölge,28,Nilgün Tutak,36
TİP,tip,İstanbul,istanbul,İstanbul 3. Bölge,29,Şahin Özsoy,36
TİP,tip,İstanbul,istanbul,İstanbul 3. Bölge,30,Özge İnce,36
TİP,tip,İstanbul,istanbul,İstanbul 3. Bölge,31,Anıl Güler,36
TİP,tip,İstanbul,istanbul,İstanbul 3. Bölge,32,Yağmur Çetin,36
TİP,tip,İstanbul,istanbul,İstanbul 3. Bölge,33,Nurhak Görkem Doğan,36
TİP,tip,İstanbul,istanbul,İstanbul 3. Bölge,34,İlkin Erkorkut,36
TİP,tip,İstanbul,istanbul,İstanbul 3. Bölge,35,Melike Bakış,36
TİP,tip,İstanbul,istanbul,İstanbul 3. Bölge,36,Gün Çağ Aydın,36
TKH,tkh,İstanbul,istanbul,İstanbul 1. Bölge,1,Kemal Parlak,35
TKH,tkh,İstanbul,istanbul,İstanbul 1. Bölge,2,Hakan Yerlikaya,35
TKH,tkh,İstanbul,istanbul,İstanbul 1. Bölge,3,Ahmet Tarık Yenil,35
TKH,tkh,İstanbul,istanbul,İstanbul 1. Bölge,4,Ali Ayık,35
TKH,tkh,İstanbul,istanbul,İstanbul 1. Bölge,5,Yurdan Kaya Keçeci,35
TKH,tkh,İstanbul,istanbul,İstanbul 1. Bölge,6,İbrahim Özyürek,35
TKH,tkh,İstanbul,istanbul,İstanbul 1. Bölge,7,Ali Ertan Köymen,35
TKH,tkh,İstanbul,istanbul,İstanbul 1. Bölge,8,Umut Tizci,35
TKH,tkh,İstanbul,istanbul,İstanbul 1. Bölge,9,Erdoğan Ok,35
TKH,tkh,İstanbul,istanbul,İstanbul 1. Bölge,10,Şafak Kılıç,35
TKH,tkh,İstanbul,istanbul,İstanbul 1. Bölge,11,Serkan İroç,35
TKH,tkh,İstanbul,istanbul,İstanbul 1. Bölge,12,Arzu Yılbaş,35
TKH,tkh,İstanbul,istanbul,İstanbul 1. Bölge,13,Mehmet Vedat Şerifoğlu,35
TKH,tkh,İstanbul,istanbul,İstanbul 1. Bölge,14,Osman Naci Balta,35
TKH,tkh,İstanbul,istanbul,İstanbul 1. Bölge,15,Leyla Öz,35
TKH,tkh,İstanbul,istanbul,İstanbul 1. Bölge,16,Sevilay İşler,35
TKH,tkh,İstanbul,istanbul,İstanbul 1. Bölge,17,Erdem Ağırgöl,35
TKH,tkh,İstanbul,istanbul,İstanbul 1. Bölge,18,Elif Ayık,35
TKH,tkh,İstanbul,istanbul,İstanbul 1. Bölge,19,Cenker Ertuş,35
TKH,tkh,İstanbul,istanbul,İstanbul 1. Bölge,20,Mehmet Gültekin,35
TKH,tkh,İstanbul,istanbul,İstanbul 1. Bölge,21,Abdullah Ünal,35
TKH,tkh,İstanbul,istanbul,İstanbul 1. Bölge,22,Evin Soylu,35
TKH,tkh,İstanbul,istanbul,İstanbul 1. Bölge,23,Hikmet Yaman,35
TKH,tkh,İstanbul,istanbul,İstanbul 1. Bölge,24,İlker Soylu,35
TKH,tkh,İstanbul,istanbul,İstanbul 1. Bölge,25,Kudret Öz,35
TKH,tkh,İstanbul,istanbul,İstanbul 1. Bölge,26,Nesrin Tizci,35
TKH,tkh,İstanbul,istanbul,İstanbul 1. Bölge,27,Şaduman Özyürek,35
TKH,tkh,İstanbul,istanbul,İstanbul 1. Bölge,28,Doğukan Morkoç,35
TKH,tkh,İstanbul,istanbul,İstanbul 1. Bölge,29,Rıza Şahin,35
TKH,tkh,İstanbul,istanbul,İstanbul 1. Bölge,30,Muhammet Ali Kaya,35
TKH,tkh,İstanbul,istanbul,İstanbul 1. Bölge,31,Hüseyin Özcan,35
TKH,tkh,İstanbul,istanbul,İstanbul 1. Bölge,32,Emrah Özbek,35
TKH,tkh,İstanbul,istanbul,İstanbul 1. Bölge,33,Miran Ronahi Avci,35
TKH,tkh,İstanbul,istanbul,İstanbul 1. Bölge,34,Hayati Aktuna,35
TKH,tkh,İstanbul,istanbul,İstanbul 1. Bölge,35,Metehan Arslan,35
TKH,tkh,İstanbul,istanbul,İstanbul 2. Bölge,1,Kurtuluş Kılçer,27
TKH,tkh,İstanbul,istanbul,İstanbul 2. Bölge,2,Seda Berna Baykal,27
TKH,tkh,İstanbul,istanbul,İstanbul 2. Bölge,3,Seyhun Sarıtaş,27
TKH,tkh,İstanbul,istanbul,İstanbul 2. Bölge,4,Suat Erdem,27
TKH,tkh,İstanbul,istanbul,İstanbul 2. Bölge,5,Tuncay Yazıcı,27
TKH,tkh,İstanbul,istanbul,İstanbul 2. Bölge,6,Muhammed Yağız Pekrü,27
TKH,tkh,İstanbul,istanbul,İstanbul 2. Bölge,7,Muhsin Doğu Yüceil,27
TKH,tkh,İstanbul,istanbul,İstanbul 2. Bölge,8,Mustafa Tunçay,27
TKH,tkh,İstanbul,istanbul,İstanbul 2. Bölge,9,Melis Özpiriççi,27
TKH,tkh,İstanbul,istanbul,İstanbul 2. Bölge,10,Melike Güneşer,27
TKH,tkh,İstanbul,istanbul,İstanbul 2. Bölge,11,Melih Memiş,27
TKH,tkh,İstanbul,istanbul,İstanbul 2. Bölge,12,Kaancan Azat Şimşek,27
TKH,tkh,İstanbul,istanbul,İstanbul 2. Bölge,13,Gökdeniz Altuntaş,27
TKH,tkh,İstanbul,istanbul,İstanbul 2. Bölge,14,Güney Deniz Çepiç,27
TKH,tkh,İstanbul,istanbul,İstanbul 2. Bölge,15,Davut Sinan Altuntaş,27
TKH,tkh,İstanbul,istanbul,İstanbul 2. Bölge,16,Bora Çolakoğlu,27
TKH,tkh,İstanbul,istanbul,İstanbul 2. Bölge,17,Savaş Çakan,27
TKH,tkh,İstanbul,istanbul,İstanbul 2. Bölge,18,Barış Akkaya,27
TKH,tkh,İstanbul,istanbul,İstanbul 2. Bölge,19,Mehmet Arikan,27
TKH,tkh,İstanbul,istanbul,İstanbul 2. Bölge,20,Yusuf Işık,27
TKH,tkh,İstanbul,istanbul,İstanbul 2. Bölge,21,Arslan Kösedağ,27
TKH,tkh,İstanbul,istanbul,İstanbul 2. Bölge,22,İpek Balta,27
TKH,tkh,İstanbul,istanbul,İstanbul 2. Bölge,23,Dilsaz Padar,27
TKH,tkh,İstanbul,istanbul,İstanbul 2. Bölge,24,Eylem Kol,27
TKH,tkh,İstanbul,istanbul,İstanbul 2. Bölge,25,Merdan Gültekin,27
TKH,tkh,İstanbul,istanbul,İstanbul 2. Bölge,26,Metin Ayçiçek,27
TKH,tkh,İstanbul,istanbul,İstanbul 2. Bölge,27,Elif Sevinç,27
TKH,tkh,İstanbul,istanbul,İstanbul 3. Bölge,1,Aysel Tekerek,36
TKH,tkh,İstanbul,istanbul,İstanbul 3. Bölge,2,Adem Yakar,36
TKH,tkh,İstanbul,istanbul,İstanbul 3. Bölge,3,Gülin Kara,36
TKH,tkh,İstanbul,istanbul,İstanbul 3. Bölge,4,Ali Rıza Gültekin,36
TKH,tkh,İstanbul,istanbul,İstanbul 3. Bölge,5,Gizem Öksüz,36
TKH,tkh,İstanbul,istanbul,İstanbul 3. Bölge,6,Zafer Birsin,36
TKH,tkh,İstanbul,istanbul,İstanbul 3. Bölge,7,Cahit Albayrak,36
TKH,tkh,İstanbul,istanbul,İstanbul 3. Bölge,8,Ayşe Turhan Ercan,36
TKH,tkh,İstanbul,istanbul,İstanbul 3. Bölge,9,Bülent Ercan,36
TKH,tkh,İstanbul,istanbul,İstanbul 3. Bölge,10,Hacer Ünal,36
TKH,tkh,İstanbul,istanbul,İstanbul 3. Bölge,11,Oktay Özcan,36
TKH,tkh,İstanbul,istanbul,İstanbul 3. Bölge,12,Sanem Ezgi Ünal,36
TKH,tkh,İstanbul,istanbul,İstanbul 3. Bölge,13,Fatma Yerlikaya,36
TKH,tkh,İstanbul,istanbul,İstanbul 3. Bölge,14,Avni Sevinç,36
TKH,tkh,İstanbul,istanbul,İstanbul 3. Bölge,15,Umutcan Yitük,36
TKH,tkh,İstanbul,istanbul,İstanbul 3. Bölge,16,Helin Özkurt,36
TKH,tkh,İstanbul,istanbul,İstanbul 3. Bölge,17,Tahsin Erbaş,36
TKH,tkh,İstanbul,istanbul,İstanbul 3. Bölge,18,Hasan Ergün,36
TKH,tkh,İstanbul,istanbul,İstanbul 3. Bölge,19,Serhat Elvan Temiroğlu,36
TKH,tkh,İstanbul,istanbul,İstanbul 3. Bölge,20,Mehmet Ali Akkaya,36
TKH,tkh,İstanbul,istanbul,İstanbul 3. Bölge,21,Damla Aktaş,36
TKH,tkh,İstanbul,istanbul,İstanbul 3. Bölge,22,Kısmet Küçükler,36
TKH,tkh,İstanbul,istanbul,İstanbul 3. Bölge,23,Mustafa Kılınç,36
TKH,tkh,İstanbul,istanbul,İstanbul 3. Bölge,24,Taner Günaydın,36
TKH,tkh,İstanbul,istanbul,İstanbul 3. Bölge,25,Uğur Can Aydın,36
TKH,tkh,İstanbul,istanbul,İstanbul 3. Bölge,26,Özgür Gürbüz,36
TKH,tkh,İstanbul,istanbul,İstanbul 3. Bölge,27,Aynur Ertürk,36
TKH,tkh,İstanbul,istanbul,İstanbul 3. Bölge,28,Rıza Yücel,36
TKH,tkh,İstanbul,istanbul,İstanbul 3. Bölge,29,Cihanşah Karayel,36
TKH,tkh,İstanbul,istanbul,İstanbul 3. Bölge,30,Enes Demir,36
TKH,tkh,İstanbul,istanbul,İstanbul 3. Bölge,31,Abdulhakim Poyraz,36
TKH,tkh,İstanbul,istanbul,İstanbul 3. Bölge,32,Dilek Kılıç,36
TKH,tkh,İstanbul,istanbul,İstanbul 3. Bölge,33,Erdoğan Yitük,36
TKH,tkh,İstanbul,istanbul,İstanbul 3. Bölge,34,Onur Uyğun,36
TKH,tkh,İstanbul,istanbul,İstanbul 3. Bölge,35,Cemal Kutsi Şen,36
TKH,tkh,İstanbul,istanbul,İstanbul 3. Bölge,36,Süleyman Işıkcevahir,36
TKP,tkp,İstanbul,istanbul,İstanbul 1. Bölge,1,İlyas Salman,35
TKP,tkp,İstanbul,istanbul,İstanbul 1. Bölge,2,Hilal Ataş,35
TKP,tkp,İstanbul,istanbul,İstanbul 1. Bölge,3,Ömür Yaşayan,35
TKP,tkp,İstanbul,istanbul,İstanbul 1. Bölge,4,Tuğba Şenol,35
TKP,tkp,İstanbul,istanbul,İstanbul 1. Bölge,5,Celal Kaya,35
TKP,tkp,İstanbul,istanbul,İstanbul 1. Bölge,6,Fulya Girginer,35
TKP,tkp,İstanbul,istanbul,İstanbul 1. Bölge,7,Melike Efendioğlu,35
TKP,tkp,İstanbul,istanbul,İstanbul 1. Bölge,8,Halide Saniye Başaran,35
TKP,tkp,İstanbul,istanbul,İstanbul 1. Bölge,9,Ahmet Deniz Yıldız,35
TKP,tkp,İstanbul,istanbul,İstanbul 1. Bölge,10,Umut Özakdağ,35
TKP,tkp,İstanbul,istanbul,İstanbul 1. Bölge,11,Şafak Korkmaz,35
TKP,tkp,İstanbul,istanbul,İstanbul 1. Bölge,12,Edanur Fırtına,35
TKP,tkp,İstanbul,istanbul,İstanbul 1. Bölge,13,Ferhat Kayran,35
TKP,tkp,İstanbul,istanbul,İstanbul 1. Bölge,14,Mustafa Oğuz Kavala,35
TKP,tkp,İstanbul,istanbul,İstanbul 1. Bölge,15,Gürsel Koç,35
TKP,tkp,İstanbul,istanbul,İstanbul 1. Bölge,16,Kuntay Or,35
TKP,tkp,İstanbul,istanbul,İstanbul 1. Bölge,17,Kerim Murat Kartari,35
TKP,tkp,İstanbul,istanbul,İstanbul 1. Bölge,18,Tuluğ Ünlütürk,35
TKP,tkp,İstanbul,istanbul,İstanbul 1. Bölge,19,Oğuz Çorak,35
TKP,tkp,İstanbul,istanbul,İstanbul 1. Bölge,20,Atilla Özdemir,35
TKP,tkp,İstanbul,istanbul,İstanbul 1. Bölge,21,Gönül Karaca,35
TKP,tkp,İstanbul,istanbul,İstanbul 1. Bölge,22,Özge Kondakçı,35
TKP,tkp,İstanbul,istanbul,İstanbul 1. Bölge,23,Mesut Eren,35
TKP,tkp,İstanbul,istanbul,İstanbul 1. Bölge,24,Mahir Adıgüzel,35
TKP,tkp,İstanbul,istanbul,İstanbul 1. Bölge,25,Erkan Küçükşahinoğlu,35
TKP,tkp,İstanbul,istanbul,İstanbul 1. Bölge,26,Çağdaş Binay,35
TKP,tkp,İstanbul,istanbul,İstanbul 1. Bölge,27,Serhat Yılmaz,35
TKP,tkp,İstanbul,istanbul,İstanbul 1. Bölge,28,Turan Suludere,35
TKP,tkp,İstanbul,istanbul,İstanbul 1. Bölge,29,Gülşen Babacan,35
TKP,tkp,İstanbul,istanbul,İstanbul 1. Bölge,30,Mesut Gülçiçek,35
TKP,tkp,İstanbul,istanbul,İstanbul 1. Bölge,31,Mehmet Yavuzkan,35
TKP,tkp,İstanbul,istanbul,İstanbul 1. Bölge,32,Aynur Yıldız,35
TKP,tkp,İstanbul,istanbul,İstanbul 1. Bölge,33,Şehriban Berivan Pektaş,35
TKP,tkp,İstanbul,istanbul,İstanbul 1. Bölge,34,Merih Delibalcı,35
TKP,tkp,İstanbul,istanbul,İstanbul 1. Bölge,35,Efe Erdenay Bırasoğlu,35
TKP,tkp,İstanbul,istanbul,İstanbul 2. Bölge,1,Senem Doruk İnam,27
TKP,tkp,İstanbul,istanbul,İstanbul 2. Bölge,2,Meltem Başbuğ Yazıcı,27
TKP,tkp,İstanbul,istanbul,İstanbul 2. Bölge,3,Haluk Polat,27
TKP,tkp,İstanbul,istanbul,İstanbul 2. Bölge,4,Mustafa Buğra Üstündağ,27
TKP,tkp,İstanbul,istanbul,İstanbul 2. Bölge,5,Ahmet Batur,27
TKP,tkp,İstanbul,istanbul,İstanbul 2. Bölge,6,Tuğba Alpaslan,27
TKP,tkp,İstanbul,istanbul,İstanbul 2. Bölge,7,Tekin Karakuş,27
TKP,tkp,İstanbul,istanbul,İstanbul 2. Bölge,8,Gülsen Kuş,27
TKP,tkp,İstanbul,istanbul,İstanbul 2. Bölge,9,Ünsal Uslu,27
TKP,tkp,İstanbul,istanbul,İstanbul 2. Bölge,10,Ergin Merter,27
TKP,tkp,İstanbul,istanbul,İstanbul 2. Bölge,11,Elif Helvacıoğlu,27
TKP,tkp,İstanbul,istanbul,İstanbul 2. Bölge,12,Mevhibe Kardelen Pinar,27
TKP,tkp,İstanbul,istanbul,İstanbul 2. Bölge,13,Ozan Can,27
TKP,tkp,İstanbul,istanbul,İstanbul 2. Bölge,14,Azat Taşdemir,27
TKP,tkp,İstanbul,istanbul,İstanbul 2. Bölge,15,Mehmet Okuroğlu,27
TKP,tkp,İstanbul,istanbul,İstanbul 2. Bölge,16,Ayşe Nur Uyma,27
TKP,tkp,İstanbul,istanbul,İstanbul 2. Bölge,17,Filiz Açar,27
TKP,tkp,İstanbul,istanbul,İstanbul 2. Bölge,18,Sevil Keten,27
TKP,tkp,İstanbul,istanbul,İstanbul 2. Bölge,19,Mustafa Özgür Özkan,27
TKP,tkp,İstanbul,istanbul,İstanbul 2. Bölge,20,Doğa Dirikan,27
TKP,tkp,İstanbul,istanbul,İstanbul 2. Bölge,21,Şeyma Tiryaki,27
TKP,tkp,İstanbul,istanbul,İstanbul 2. Bölge,22,Erdi Aydoğdu,27
TKP,tkp,İstanbul,istanbul,İstanbul 2. Bölge,23,Nilay Yerli,27
TKP,tkp,İstanbul,istanbul,İstanbul 2. Bölge,24,Emine Çiğdem Çayırlı,27
TKP,tkp,İstanbul,istanbul,İstanbul 2. Bölge,25,Hakkı Köse,27
TKP,tkp,İstanbul,istanbul,İstanbul 2. Bölge,26,Mustafa Kalkan,27
TKP,tkp,İstanbul,istanbul,İstanbul 2. Bölge,27,Adnan Kemal Başaran,27
TKP,tkp,İstanbul,istanbul,İstanbul 3. Bölge,1,Orhan Gökdemir,36
TKP,tkp,İstanbul,istanbul,İstanbul 3. Bölge,2,Mustafa Mert Doğan,36
TKP,tkp,İstanbul,istanbul,İstanbul 3. Bölge,3,Hale Mildan,36
TKP,tkp,İstanbul,istanbul,İstanbul 3. Bölge,4,Gamze Sunar,36
TKP,tkp,İstanbul,istanbul,İstanbul 3. Bölge,5,Murathan Demircioğlu,36
TKP,tkp,İstanbul,istanbul,İstanbul 3. Bölge,6,Ergün Koçkaya,36
TKP,tkp,İstanbul,istanbul,İstanbul 3. Bölge,7,Salahittin Aslan,36
TKP,tkp,İstanbul,istanbul,İstanbul 3. Bölge,8,Atakan Boyoğlu,36
TKP,tkp,İstanbul,istanbul,İstanbul 3. Bölge,9,Ulaş Şahin,36
TKP,tkp,İstanbul,istanbul,İstanbul 3. Bölge,10,Turabi Koç,36
TKP,tkp,İstanbul,istanbul,İstanbul 3. Bölge,11,Yeliz Tan,36
TKP,tkp,İstanbul,istanbul,İstanbul 3. Bölge,12,Kemal Dalkır,36
TKP,tkp,İstanbul,istanbul,İstanbul 3. Bölge,13,İlker Türker,36
TKP,tkp,İstanbul,istanbul,İstanbul 3. Bölge,14,Orkun Demir,36
TKP,tkp,İstanbul,istanbul,İstanbul 3. Bölge,15,Nurhayat Keser,36
TKP,tkp,İstanbul,istanbul,İstanbul 3. Bölge,16,Pınar Dikmen,36
TKP,tkp,İstanbul,istanbul,İstanbul 3. Bölge,17,Ekrem Ekinci,36
TKP,tkp,İstanbul,istanbul,İstanbul 3. Bölge,18,Murat Kırıcı,36
TKP,tkp,İstanbul,istanbul,İstanbul 3. Bölge,19,Ayşenur Hanlı,36
TKP,tkp,İstanbul,istanbul,İstanbul 3. Bölge,20,Öner Coştu,36
TKP,tkp,İstanbul,istanbul,İstanbul 3. Bölge,21,Murat Kılıç,36
TKP,tkp,İstanbul,istanbul,İstanbul 3. Bölge,22,Osman Serkan Düz,36
TKP,tkp,İstanbul,istanbul,İstanbul 3. Bölge,23,Duygu Tümer,36
TKP,tkp,İstanbul,istanbul,İstanbul 3. Bölge,24,İdil Birbilen,36
TKP,tkp,İstanbul,istanbul,İstanbul 3. Bölge,25,Ali Seçer,36
TKP,tkp,İstanbul,istanbul,İstanbul 3. Bölge,26,Ahmet Enginbağ,36
TKP,tkp,İstanbul,istanbul,İstanbul 3. Bölge,27,Mahmut Furkan Kesen,36
TKP,tkp,İstanbul,istanbul,İstanbul 3. Bölge,28,Orhun Alp Kuyucu,36
TKP,tkp,İstanbul,istanbul,İstanbul 3. Bölge,29,Feyruz Cebiroğlu,36
TKP,tkp,İstanbul,istanbul,İstanbul 3. Bölge,30,Ali Polat,36
TKP,tkp,İstanbul,istanbul,İstanbul 3. Bölge,31,Kıvanç İbrahim Ünlütürk,36
TKP,tkp,İstanbul,istanbul,İstanbul 3. Bölge,32,Duygu Karadeniz,36
TKP,tkp,İstanbul,istanbul,İstanbul 3. Bölge,33,Erhan Kışkan,36
TKP,tkp,İstanbul,istanbul,İstanbul 3. Bölge,34,Deniz Akgün,36
TKP,tkp,İstanbul,istanbul,İstanbul 3. Bölge,35,Mustafa Gökhan Şanlı,36
TKP,tkp,İstanbul,istanbul,İstanbul 3. Bölge,36,Abdülkadir Ege Sorkun,36
Vatan,vatanpartisi,İstanbul,istanbul,İstanbul 1. Bölge,1,Doğu Perinçek,35
Vatan,vatanpartisi,İstanbul,istanbul,İstanbul 1. Bölge,2,Adnan Çinar,35
Vatan,vatanpartisi,İstanbul,istanbul,İstanbul 1. Bölge,3,Rahmi Dağbay,35
Vatan,vatanpartisi,İstanbul,istanbul,İstanbul 1. Bölge,4,Vefa Türksever,35
Vatan,vatanpartisi,İstanbul,istanbul,İstanbul 1. Bölge,5,Hakan Topkurulu,35
Vatan,vatanpartisi,İstanbul,istanbul,İstanbul 1. Bölge,6,Cem Dikmen,35
Vatan,vatanpartisi,İstanbul,istanbul,İstanbul 1. Bölge,7,Fadime Bilgiç,35
Vatan,vatanpartisi,İstanbul,istanbul,İstanbul 1. Bölge,8,Eser Demirci,35
Vatan,vatanpartisi,İstanbul,istanbul,İstanbul 1. Bölge,9,Elif Eskin,35
Vatan,vatanpartisi,İstanbul,istanbul,İstanbul 1. Bölge,10,Ayşe Aktok,35
Vatan,vatanpartisi,İstanbul,istanbul,İstanbul 1. Bölge,11,Fatoş Güden,35
Vatan,vatanpartisi,İstanbul,istanbul,İstanbul 1. Bölge,12,Melih Hüsnü Yılmaz,35
Vatan,vatanpartisi,İstanbul,istanbul,İstanbul 1. Bölge,13,Irmak İpek Altın,35
Vatan,vatanpartisi,İstanbul,istanbul,İstanbul 1. Bölge,14,Beyhan Korkman,35
Vatan,vatanpartisi,İstanbul,istanbul,İstanbul 1. Bölge,15,Ferhat Zorer,35
Vatan,vatanpartisi,İstanbul,istanbul,İstanbul 1. Bölge,16,Mert Eymen Kayalp,35
Vatan,vatanpartisi,İstanbul,istanbul,İstanbul 1. Bölge,17,Gül Öykü Yılmaz Özkan,35
Vatan,vatanpartisi,İstanbul,istanbul,İstanbul 1. Bölge,18,Behlül Suphan Toker,35
Vatan,vatanpartisi,İstanbul,istanbul,İstanbul 1. Bölge,19,Eray Sel,35
Vatan,vatanpartisi,İstanbul,istanbul,İstanbul 1. Bölge,20,Uğur Çetinkaya,35
Vatan,vatanpartisi,İstanbul,istanbul,İstanbul 1. Bölge,21,Nuray Kaya Solmaz,35
Vatan,vatanpartisi,İstanbul,istanbul,İstanbul 1. Bölge,22,Şükran Ulusoy,35
Vatan,vatanpartisi,İstanbul,istanbul,İstanbul 1. Bölge,23,Cemal Işık,35
Vatan,vatanpartisi,İstanbul,istanbul,İstanbul 1. Bölge,24,Sercan Durmuş,35
Vatan,vatanpartisi,İstanbul,istanbul,İstanbul 1. Bölge,25,Yiğit Çınar,35
Vatan,vatanpartisi,İstanbul,istanbul,İstanbul 1. Bölge,26,Tüzin Tüfekçi,35
Vatan,vatanpartisi,İstanbul,istanbul,İstanbul 1. Bölge,27,Songül Çağlar,35
Vatan,vatanpartisi,İstanbul,istanbul,İstanbul 1. Bölge,28,Hakan Ekiz,35
Vatan,vatanpartisi,İstanbul,istanbul,İstanbul 1. Bölge,29,Etem Kırca,35
Vatan,vatanpartisi,İstanbul,istanbul,İstanbul 1. Bölge,30,Perihan Tekin,35
Vatan,vatanpartisi,İstanbul,istanbul,İstanbul 1. Bölge,31,Himmet Kırık,35
Vatan,vatanpartisi,İstanbul,istanbul,İstanbul 1. Bölge,32,Ufuk Özgen,35
Vatan,vatanpartisi,İstanbul,istanbul,İstanbul 1. Bölge,33,Fuat Yıldız,35
Vatan,vatanpartisi,İstanbul,istanbul,İstanbul 1. Bölge,34,Ebda Okutur,35
Vatan,vatanpartisi,İstanbul,istanbul,İstanbul 1. Bölge,35,Yakup Büray Yılmaz,35
Vatan,vatanpartisi,İstanbul,istanbul,İstanbul 2. Bölge,1,Ethem Sancak,27
Vatan,vatanpartisi,İstanbul,istanbul,İstanbul 2. Bölge,2,Hacer Şule Perinçek,27
Vatan,vatanpartisi,İstanbul,istanbul,İstanbul 2. Bölge,3,Banu Noyan,27
Vatan,vatanpartisi,İstanbul,istanbul,İstanbul 2. Bölge,4,Erkan Önsel,27
Vatan,vatanpartisi,İstanbul,istanbul,İstanbul 2. Bölge,5,Mehmet Moldibi,27
Vatan,vatanpartisi,İstanbul,istanbul,İstanbul 2. Bölge,6,Gökay Atilla Bostan,27
Vatan,vatanpartisi,İstanbul,istanbul,İstanbul 2. Bölge,7,Cemal Akyıldız,27
Vatan,vatanpartisi,İstanbul,istanbul,İstanbul 2. Bölge,8,Barış Demiralay,27
Vatan,vatanpartisi,İstanbul,istanbul,İstanbul 2. Bölge,9,Yadigar Özen,27
Vatan,vatanpartisi,İstanbul,istanbul,İstanbul 2. Bölge,10,Ahmet Göktaş,27
Vatan,vatanpartisi,İstanbul,istanbul,İstanbul 2. Bölge,11,İbrahim Okan Özkan,27
Vatan,vatanpartisi,İstanbul,istanbul,İstanbul 2. Bölge,12,Mevlüt Usta,27
Vatan,vatanpartisi,İstanbul,istanbul,İstanbul 2. Bölge,13,Bora Çelik,27
Vatan,vatanpartisi,İstanbul,istanbul,İstanbul 2. Bölge,14,Duygu Karabulut,27
Vatan,vatanpartisi,İstanbul,istanbul,İstanbul 2. Bölge,15,Yiğit Yazgılı,27
Vatan,vatanpartisi,İstanbul,istanbul,İstanbul 2. Bölge,16,Saim Mehmet Subaşı,27
Vatan,vatanpartisi,İstanbul,istanbul,İstanbul 2. Bölge,17,Ali Ulusoy,27
Vatan,vatanpartisi,İstanbul,istanbul,İstanbul 2. Bölge,18,Sadettin Büyükalp,27
Vatan,vatanpartisi,İstanbul,istanbul,İstanbul 2. Bölge,19,İzzettin Özgibar,27
Vatan,vatanpartisi,İstanbul,istanbul,İstanbul 2. Bölge,20,Emine Sağlam Akfırat,27
Vatan,vatanpartisi,İstanbul,istanbul,İstanbul 2. Bölge,21,Nejla Uçak,27
Vatan,vatanpartisi,İstanbul,istanbul,İstanbul 2. Bölge,22,Gökalp Erbaş,27
Vatan,vatanpartisi,İstanbul,istanbul,İstanbul 2. Bölge,23,Murat Güneş,27
Vatan,vatanpartisi,İstanbul,istanbul,İstanbul 2. Bölge,24,Ayhan İlhan,27
Vatan,vatanpartisi,İstanbul,istanbul,İstanbul 2. Bölge,25,Hasret Aykut,27
Vatan,vatanpartisi,İstanbul,istanbul,İstanbul 2. Bölge,26,Kaan Yiğit,27
Vatan,vatanpartisi,İstanbul,istanbul,İstanbul 2. Bölge,27,Cansu Çirci,27
Vatan,vatanpartisi,İstanbul,istanbul,İstanbul 3. Bölge,1,Emin Selim Akgül,36
Vatan,vatanpartisi,İstanbul,istanbul,İstanbul 3. Bölge,2,Barbaros Bahçelioğlu,36
Vatan,vatanpartisi,İstanbul,istanbul,İstanbul 3. Bölge,3,Mustafa İlker Yücel,36
Vatan,vatanpartisi,İstanbul,istanbul,İstanbul 3. Bölge,4,Hürmüz Gülnur Bayburt,36
Vatan,vatanpartisi,İstanbul,istanbul,İstanbul 3. Bölge,5,Güneş Batum,36
Vatan,vatanpartisi,İstanbul,istanbul,İstanbul 3. Bölge,6,Erol Altaca,36
Vatan,vatanpartisi,İstanbul,istanbul,İstanbul 3. Bölge,7,Gülşen Şen Korkman,36
Vatan,vatanpartisi,İstanbul,istanbul,İstanbul 3. Bölge,8,Oktay Ekmen,36
Vatan,vatanpartisi,İstanbul,istanbul,İstanbul 3. Bölge,9,Zeynep Çakmak,36
Vatan,vatanpartisi,İstanbul,istanbul,İstanbul 3. Bölge,10,Mehmet Kürşat Bozkurt,36
Vatan,vatanpartisi,İstanbul,istanbul,İstanbul 3. Bölge,11,İsa Altun,36
Vatan,vatanpartisi,İstanbul,istanbul,İstanbul 3. Bölge,12,Ayhanım Kuzugüdenlioğlu,36
Vatan,vatanpartisi,İstanbul,istanbul,İstanbul 3. Bölge,13,İsrafil Altun,36
Vatan,vatanpartisi,İstanbul,istanbul,İstanbul 3. Bölge,14,İbrahim Sevilmiş,36
Vatan,vatanpartisi,İstanbul,istanbul,İstanbul 3. Bölge,15,İbrahim Ethem Erçin,36
Vatan,vatanpartisi,İstanbul,istanbul,İstanbul 3. Bölge,16,Arif Doğan,36
Vatan,vatanpartisi,İstanbul,istanbul,İstanbul 3. Bölge,17,İbrahim Benli,36
Vatan,vatanpartisi,İstanbul,istanbul,İstanbul 3. Bölge,18,Murat Katlanç,36
Vatan,vatanpartisi,İstanbul,istanbul,İstanbul 3. Bölge,19,Yağızhan Onat,36
Vatan,vatanpartisi,İstanbul,istanbul,İstanbul 3. Bölge,20,Vildan Kanbur,36
Vatan,vatanpartisi,İstanbul,istanbul,İstanbul 3. Bölge,21,Şevki Terzioğlu,36
Vatan,vatanpartisi,İstanbul,istanbul,İstanbul 3. Bölge,22,Melike Güler Kadan,36
Vatan,vatanpartisi,İstanbul,istanbul,İstanbul 3. Bölge,23,Zafer Alpuğan,36
Vatan,vatanpartisi,İstanbul,istanbul,İstanbul 3. Bölge,24,Ramazan Emre Oflaz,36
Vatan,vatanpartisi,İstanbul,istanbul,İstanbul 3. Bölge,25,Barış Dikmen,36
Vatan,vatanpartisi,İstanbul,istanbul,İstanbul 3. Bölge,26,Nursel Işıksoy,36
Vatan,vatanpartisi,İstanbul,istanbul,İstanbul 3. Bölge,27,Baran Şimşek,36
Vatan,vatanpartisi,İstanbul,istanbul,İstanbul 3. Bölge,28,Serdar Abatay,36
Vatan,vatanpartisi,İstanbul,istanbul,İstanbul 3. Bölge,29,İbrahim Serhat Özbaş,36
Vatan,vatanpartisi,İstanbul,istanbul,İstanbul 3. Bölge,30,İbrahim Erdoğan,36
Vatan,vatanpartisi,İstanbul,istanbul,İstanbul 3. Bölge,31,Rasime Ceren Aksu,36
Vatan,vatanpartisi,İstanbul,istanbul,İstanbul 3. Bölge,32,Latif Aydın,36
Vatan,vatanpartisi,İstanbul,istanbul,İstanbul 3. Bölge,33,Zühal Aslan,36
Vatan,vatanpartisi,İstanbul,istanbul,İstanbul 3. Bölge,34,Anıl Hançerli,36
Vatan,vatanpartisi,İstanbul,istanbul,İstanbul 3. Bölge,35,Elif Beyza Tekin,36
Vatan,vatanpartisi,İstanbul,istanbul,İstanbul 3. Bölge,36,Kıymet Yıldarı,36
Y.Refah,yenidenrefah,İstanbul,istanbul,İstanbul 1. Bölge,1,Suat Pamukçu,35
Y.Refah,yenidenrefah,İstanbul,istanbul,İstanbul 1. Bölge,2,Davut Güloğlu,35
Y.Refah,yenidenrefah,İstanbul,istanbul,İstanbul 1. Bölge,3,Cemil Çolak,35
Y.Refah,yenidenrefah,İstanbul,istanbul,İstanbul 1. Bölge,4,Mehmet Fatih Bayramoğlu,35
Y.Refah,yenidenrefah,İstanbul,istanbul,İstanbul 1. Bölge,5,Erhan Erdoğan,35
Y.Refah,yenidenrefah,İstanbul,istanbul,İstanbul 1. Bölge,6,Burhan Asaf Şafak,35
Y.Refah,yenidenrefah,İstanbul,istanbul,İstanbul 1. Bölge,7,Abdullah Cahit Dinç,35
Y.Refah,yenidenrefah,İstanbul,istanbul,İstanbul 1. Bölge,8,Hasan Köten,35
Y.Refah,yenidenrefah,İstanbul,istanbul,İstanbul 1. Bölge,9,Mikdat Ertem,35
Y.Refah,yenidenrefah,İstanbul,istanbul,İstanbul 1. Bölge,10,Rabia Başkan,35
Y.Refah,yenidenrefah,İstanbul,istanbul,İstanbul 1. Bölge,11,İsmail Ahmet Polat,35
Y.Refah,yenidenrefah,İstanbul,istanbul,İstanbul 1. Bölge,12,Vefa Aktuz,35
Y.Refah,yenidenrefah,İstanbul,istanbul,İstanbul 1. Bölge,13,Mahmut Başak,35
Y.Refah,yenidenrefah,İstanbul,istanbul,İstanbul 1. Bölge,14,Cemil Cebir,35
Y.Refah,yenidenrefah,İstanbul,istanbul,İstanbul 1. Bölge,15,Şenel Akarçeşme,35
Y.Refah,yenidenrefah,İstanbul,istanbul,İstanbul 1. Bölge,16,Levent Metin,35
Y.Refah,yenidenrefah,İstanbul,istanbul,İstanbul 1. Bölge,17,Küçükağa Hacıefendioğlu,35
Y.Refah,yenidenrefah,İstanbul,istanbul,İstanbul 1. Bölge,18,Yunus Yağcı,35
Y.Refah,yenidenrefah,İstanbul,istanbul,İstanbul 1. Bölge,19,Mustafa Kazım Alpay,35
Y.Refah,yenidenrefah,İstanbul,istanbul,İstanbul 1. Bölge,20,Züleyha Zengin,35
Y.Refah,yenidenrefah,İstanbul,istanbul,İstanbul 1. Bölge,21,Erol Karakoç,35
Y.Refah,yenidenrefah,İstanbul,istanbul,İstanbul 1. Bölge,22,Mustafa Özer,35
Y.Refah,yenidenrefah,İstanbul,istanbul,İstanbul 1. Bölge,23,Hasan Basri Yiğit,35
Y.Refah,yenidenrefah,İstanbul,istanbul,İstanbul 1. Bölge,24,Erdal Kıran,35
Y.Refah,yenidenrefah,İstanbul,istanbul,İstanbul 1. Bölge,25,Zeynep Arslan,35
Y.Refah,yenidenrefah,İstanbul,istanbul,İstanbul 1. Bölge,26,Cengiz Kara,35
Y.Refah,yenidenrefah,İstanbul,istanbul,İstanbul 1. Bölge,27,Hayri Ayyıldız,35
Y.Refah,yenidenrefah,İstanbul,istanbul,İstanbul 1. Bölge,28,Halil Key,35
Y.Refah,yenidenrefah,İstanbul,istanbul,İstanbul 1. Bölge,29,İbrahim Mizanoğlu,35
Y.Refah,yenidenrefah,İstanbul,istanbul,İstanbul 1. Bölge,30,Huriye Keleş,35
Y.Refah,yenidenrefah,İstanbul,istanbul,İstanbul 1. Bölge,31,Fatih Akçay,35
Y.Refah,yenidenrefah,İstanbul,istanbul,İstanbul 1. Bölge,32,Mehmet Kılınçkaya,35
Y.Refah,yenidenrefah,İstanbul,istanbul,İstanbul 1. Bölge,33,Turgut Sadıkoğlu,35
Y.Refah,yenidenrefah,İstanbul,istanbul,İstanbul 1. Bölge,34,Dilek Samancı,35
Y.Refah,yenidenrefah,İstanbul,istanbul,İstanbul 1. Bölge,35,Ömer Faruk Ak,35
Y.Refah,yenidenrefah,İstanbul,istanbul,İstanbul 2. Bölge,1,Muhammed Ali Fatih Erbakan,27
Y.Refah,yenidenrefah,İstanbul,istanbul,İstanbul 2. Bölge,2,Doğan Aydal,27
Y.Refah,yenidenrefah,İstanbul,istanbul,İstanbul 2. Bölge,3,Lütfi Şenocak,27
Y.Refah,yenidenrefah,İstanbul,istanbul,İstanbul 2. Bölge,4,Davut Konakcı,27
Y.Refah,yenidenrefah,İstanbul,istanbul,İstanbul 2. Bölge,5,Tekin Karataş,27
Y.Refah,yenidenrefah,İstanbul,istanbul,İstanbul 2. Bölge,6,Mustafa Sarı,27
Y.Refah,yenidenrefah,İstanbul,istanbul,İstanbul 2. Bölge,7,Osman Uçar,27
Y.Refah,yenidenrefah,İstanbul,istanbul,İstanbul 2. Bölge,8,Halit Özkarataşlıoğlu,27
Y.Refah,yenidenrefah,İstanbul,istanbul,İstanbul 2. Bölge,9,Mikail Karahan,27
Y.Refah,yenidenrefah,İstanbul,istanbul,İstanbul 2. Bölge,10,Mahmut Okudan,27
Y.Refah,yenidenrefah,İstanbul,istanbul,İstanbul 2. Bölge,11,Beyza Özmen,27
Y.Refah,yenidenrefah,İstanbul,istanbul,İstanbul 2. Bölge,12,Orhan Kara,27
Y.Refah,yenidenrefah,İstanbul,istanbul,İstanbul 2. Bölge,13,Orhan Çağlayan,27
Y.Refah,yenidenrefah,İstanbul,istanbul,İstanbul 2. Bölge,14,Haci Ramazan Kaya,27
Y.Refah,yenidenrefah,İstanbul,istanbul,İstanbul 2. Bölge,15,Halil İbrahim Ece,27
Y.Refah,yenidenrefah,İstanbul,istanbul,İstanbul 2. Bölge,16,Tevfik Yazıcılar,27
Y.Refah,yenidenrefah,İstanbul,istanbul,İstanbul 2. Bölge,17,Abdülkadir Şengül,27
Y.Refah,yenidenrefah,İstanbul,istanbul,İstanbul 2. Bölge,18,Esma Tığlı,27
Y.Refah,yenidenrefah,İstanbul,istanbul,İstanbul 2. Bölge,19,Songül Gençlik Aksel,27
Y.Refah,yenidenrefah,İstanbul,istanbul,İstanbul 2. Bölge,20,Ümmühan Adıgüzel,27
Y.Refah,yenidenrefah,İstanbul,istanbul,İstanbul 2. Bölge,21,Ali Yener,27
Y.Refah,yenidenrefah,İstanbul,istanbul,İstanbul 2. Bölge,22,Cengizhan Seslikaya,27
Y.Refah,yenidenrefah,İstanbul,istanbul,İstanbul 2. Bölge,23,Eslam Türkmen,27
Y.Refah,yenidenrefah,İstanbul,istanbul,İstanbul 2. Bölge,24,Murat Marap,27
Y.Refah,yenidenrefah,İstanbul,istanbul,İstanbul 2. Bölge,25,Zeynel Özmen,27
Y.Refah,yenidenrefah,İstanbul,istanbul,İstanbul 2. Bölge,26,Muhterem Gül,27
Y.Refah,yenidenrefah,İstanbul,istanbul,İstanbul 2. Bölge,27,Vahdet Erdoğan,27
Y.Refah,yenidenrefah,İstanbul,istanbul,İstanbul 3. Bölge,1,Doğan Bekin,36
Y.Refah,yenidenrefah,İstanbul,istanbul,İstanbul 3. Bölge,2,Bayram Sakartepe,36
Y.Refah,yenidenrefah,İstanbul,istanbul,İstanbul 3. Bölge,3,Mustafa Doğan,36
Y.Refah,yenidenrefah,İstanbul,istanbul,İstanbul 3. Bölge,4,Serhat Fındık,36
Y.Refah,yenidenrefah,İstanbul,istanbul,İstanbul 3. Bölge,5,Kadir Karaca,36
Y.Refah,yenidenrefah,İstanbul,istanbul,İstanbul 3. Bölge,6,Abdurrezzak İlbeyi,36
Y.Refah,yenidenrefah,İstanbul,istanbul,İstanbul 3. Bölge,7,Recep Erol,36
Y.Refah,yenidenrefah,İstanbul,istanbul,İstanbul 3. Bölge,8,Setenay Kanar,36
Y.Refah,yenidenrefah,İstanbul,istanbul,İstanbul 3. Bölge,9,Muhammet Ali Albayrak,36
Y.Refah,yenidenrefah,İstanbul,istanbul,İstanbul 3. Bölge,10,Onur Karsavran,36
Y.Refah,yenidenrefah,İstanbul,istanbul,İstanbul 3. Bölge,11,Bekir Küçükçayır,36
Y.Refah,yenidenrefah,İstanbul,istanbul,İstanbul 3. Bölge,12,Mehmet Yavan,36
Y.Refah,yenidenrefah,İstanbul,istanbul,İstanbul 3. Bölge,13,Emine Barutcu,36
Y.Refah,yenidenrefah,İstanbul,istanbul,İstanbul 3. Bölge,14,Hasan Bahçivan,36
Y.Refah,yenidenrefah,İstanbul,istanbul,İstanbul 3. Bölge,15,Yakup Polat,36
Y.Refah,yenidenrefah,İstanbul,istanbul,İstanbul 3. Bölge,16,Yunus Emre Taşcı,36
Y.Refah,yenidenrefah,İstanbul,istanbul,İstanbul 3. Bölge,17,Ali Yönem,36
Y.Refah,yenidenrefah,İstanbul,istanbul,İstanbul 3. Bölge,18,Nuri Özata,36
Y.Refah,yenidenrefah,İstanbul,istanbul,İstanbul 3. Bölge,19,Nevzat Emiroğlu,36
Y.Refah,yenidenrefah,İstanbul,istanbul,İstanbul 3. Bölge,20,Serkan Kaya,36
Y.Refah,yenidenrefah,İstanbul,istanbul,İstanbul 3. Bölge,21,İzzeddin Coşkun,36
Y.Refah,yenidenrefah,İstanbul,istanbul,İstanbul 3. Bölge,22,Talha Sait Atay,36
Y.Refah,yenidenrefah,İstanbul,istanbul,İstanbul 3. Bölge,23,Mehmet Akif Biçer,36
Y.Refah,yenidenrefah,İstanbul,istanbul,İstanbul 3. Bölge,24,Bülent Aydın,36
Y.Refah,yenidenrefah,İstanbul,istanbul,İstanbul 3. Bölge,25,Hamza Aydınlar,36
Y.Refah,yenidenrefah,İstanbul,istanbul,İstanbul 3. Bölge,26,Samet Peker,36
Y.Refah,yenidenrefah,İstanbul,istanbul,İstanbul 3. Bölge,27,Ramazan Deyirmenci,36
Y.Refah,yenidenrefah,İstanbul,istanbul,İstanbul 3. Bölge,28,Yahya Kemal Koç,36
Y.Refah,yenidenrefah,İstanbul,istanbul,İstanbul 3. Bölge,29,Esra Baysal,36
Y.Refah,yenidenrefah,İstanbul,istanbul,İstanbul 3. Bölge,30,Batuhan Fatih Doğan,36
Y.Refah,yenidenrefah,İstanbul,istanbul,İstanbul 3. Bölge,31,Faysal İlkan,36
Y.Refah,yenidenrefah,İstanbul,istanbul,İstanbul 3. Bölge,32,Nihat Tokuş,36
Y.Refah,yenidenrefah,İstanbul,istanbul,İstanbul 3. Bölge,33,Mahmut Fındık,36
Y.Refah,yenidenrefah,İstanbul,istanbul,İstanbul 3. Bölge,34,Muhammet Koç,36
Y.Refah,yenidenrefah,İstanbul,istanbul,İstanbul 3. Bölge,35,Tansu Yılmaz,36
Y.Refah,yenidenrefah,İstanbul,istanbul,İstanbul 3. Bölge,36,Yasin Tosun,36
Y.Sol Parti,yesilsolparti,İstanbul,istanbul,İstanbul 1. Bölge,1,Sırrı Süreyya Önder,35
Y.Sol Parti,yesilsolparti,İstanbul,istanbul,İstanbul 1. Bölge,2,Keziban Konukcu Kok,35
Y.Sol Parti,yesilsolparti,İstanbul,istanbul,İstanbul 1. Bölge,3,Hakan Öztürk,35
Y.Sol Parti,yesilsolparti,İstanbul,istanbul,İstanbul 1. Bölge,4,Turgut Öker,35
Y.Sol Parti,yesilsolparti,İstanbul,istanbul,İstanbul 1. Bölge,5,Dersim Dağ,35
Y.Sol Parti,yesilsolparti,İstanbul,istanbul,İstanbul 1. Bölge,6,Ülker Özadıkti,35
Y.Sol Parti,yesilsolparti,İstanbul,istanbul,İstanbul 1. Bölge,7,Tuncay Gökçe,35
Y.Sol Parti,yesilsolparti,İstanbul,istanbul,İstanbul 1. Bölge,8,Abdulcebar Barış,35
Y.Sol Parti,yesilsolparti,İstanbul,istanbul,İstanbul 1. Bölge,9,Mehmet Timurtaş,35
Y.Sol Parti,yesilsolparti,İstanbul,istanbul,İstanbul 1. Bölge,10,Ekaterini Nikolao,35
Y.Sol Parti,yesilsolparti,İstanbul,istanbul,İstanbul 1. Bölge,11,Erdal Güzel,35
Y.Sol Parti,yesilsolparti,İstanbul,istanbul,İstanbul 1. Bölge,12,Pervin Tunbul,35
Y.Sol Parti,yesilsolparti,İstanbul,istanbul,İstanbul 1. Bölge,13,Ayhan Ergenç,35
Y.Sol Parti,yesilsolparti,İstanbul,istanbul,İstanbul 1. Bölge,14,Çiğdem Sadioğlu,35
Y.Sol Parti,yesilsolparti,İstanbul,istanbul,İstanbul 1. Bölge,15,Devrim Şimşek,35
Y.Sol Parti,yesilsolparti,İstanbul,istanbul,İstanbul 1. Bölge,16,Burcu Ayyıldız,35
Y.Sol Parti,yesilsolparti,İstanbul,istanbul,İstanbul 1. Bölge,17,Bekir Kırıcı,35
Y.Sol Parti,yesilsolparti,İstanbul,istanbul,İstanbul 1. Bölge,18,Sıla Öztürk,35
Y.Sol Parti,yesilsolparti,İstanbul,istanbul,İstanbul 1. Bölge,19,Hüsnü Alkan,35
Y.Sol Parti,yesilsolparti,İstanbul,istanbul,İstanbul 1. Bölge,20,Özgül Bingöl,35
Y.Sol Parti,yesilsolparti,İstanbul,istanbul,İstanbul 1. Bölge,21,Alaettin Altıntaş,35
Y.Sol Parti,yesilsolparti,İstanbul,istanbul,İstanbul 1. Bölge,22,Talin Diana Özkeşiş Özboyar,35
Y.Sol Parti,yesilsolparti,İstanbul,istanbul,İstanbul 1. Bölge,23,Mehmet Yusufoğlu,35
Y.Sol Parti,yesilsolparti,İstanbul,istanbul,İstanbul 1. Bölge,24,Cevriye Aydın,35
Y.Sol Parti,yesilsolparti,İstanbul,istanbul,İstanbul 1. Bölge,25,Musa Karademir,35
Y.Sol Parti,yesilsolparti,İstanbul,istanbul,İstanbul 1. Bölge,26,Zekine Türkeri,35
Y.Sol Parti,yesilsolparti,İstanbul,istanbul,İstanbul 1. Bölge,27,İshak Karakaş,35
Y.Sol Parti,yesilsolparti,İstanbul,istanbul,İstanbul 1. Bölge,28,Ayşe Tepe Doğan,35
Y.Sol Parti,yesilsolparti,İstanbul,istanbul,İstanbul 1. Bölge,29,Ali Doğan,35
Y.Sol Parti,yesilsolparti,İstanbul,istanbul,İstanbul 1. Bölge,30,Ayten Bingöl,35
Y.Sol Parti,yesilsolparti,İstanbul,istanbul,İstanbul 1. Bölge,31,Reşit Köçeroğlu,35
Y.Sol Parti,yesilsolparti,İstanbul,istanbul,İstanbul 1. Bölge,32,Rozerin Kaya,35
Y.Sol Parti,yesilsolparti,İstanbul,istanbul,İstanbul 1. Bölge,33,Nefise Aksoy,35
Y.Sol Parti,yesilsolparti,İstanbul,istanbul,İstanbul 1. Bölge,34,Yılmaz Cesur,35
Y.Sol Parti,yesilsolparti,İstanbul,istanbul,İstanbul 1. Bölge,35,Yağmur Kavak,35
Y.Sol Parti,yesilsolparti,İstanbul,istanbul,İstanbul 2. Bölge,1,Cengiz Çiçek,27
Y.Sol Parti,yesilsolparti,İstanbul,istanbul,İstanbul 2. Bölge,2,Özgül Saki,27
Y.Sol Parti,yesilsolparti,İstanbul,istanbul,İstanbul 2. Bölge,3,Hasan Kaya Cemal,27
Y.Sol Parti,yesilsolparti,İstanbul,istanbul,İstanbul 2. Bölge,4,Öztürk Türkdoğan,27
Y.Sol Parti,yesilsolparti,İstanbul,istanbul,İstanbul 2. Bölge,5,Kamile Kandal,27
Y.Sol Parti,yesilsolparti,İstanbul,istanbul,İstanbul 2. Bölge,6,Hıdır Karadaş,27
Y.Sol Parti,yesilsolparti,İstanbul,istanbul,İstanbul 2. Bölge,7,Nilay Kuş,27
Y.Sol Parti,yesilsolparti,İstanbul,istanbul,İstanbul 2. Bölge,8,Cemil Aksu,27
Y.Sol Parti,yesilsolparti,İstanbul,istanbul,İstanbul 2. Bölge,9,Rıza Karaman,27
Y.Sol Parti,yesilsolparti,İstanbul,istanbul,İstanbul 2. Bölge,10,Dilşat Canbaz Kaya,27
Y.Sol Parti,yesilsolparti,İstanbul,istanbul,İstanbul 2. Bölge,11,Erdal Doğan,27
Y.Sol Parti,yesilsolparti,İstanbul,istanbul,İstanbul 2. Bölge,12,Ayşan Aksoy,27
Y.Sol Parti,yesilsolparti,İstanbul,istanbul,İstanbul 2. Bölge,13,Ahmet Saymadi,27
Y.Sol Parti,yesilsolparti,İstanbul,istanbul,İstanbul 2. Bölge,14,Menekşe Kızıldere,27
Y.Sol Parti,yesilsolparti,İstanbul,istanbul,İstanbul 2. Bölge,15,Celal Alphan,27
Y.Sol Parti,yesilsolparti,İstanbul,istanbul,İstanbul 2. Bölge,16,Hazan İlik,27
Y.Sol Parti,yesilsolparti,İstanbul,istanbul,İstanbul 2. Bölge,17,Servet Güzel,27
Y.Sol Parti,yesilsolparti,İstanbul,istanbul,İstanbul 2. Bölge,18,Berfin Polat,27
Y.Sol Parti,yesilsolparti,İstanbul,istanbul,İstanbul 2. Bölge,19,Mustafa Öztürk,27
Y.Sol Parti,yesilsolparti,İstanbul,istanbul,İstanbul 2. Bölge,20,Aylin Hacaloğlu,27
Y.Sol Parti,yesilsolparti,İstanbul,istanbul,İstanbul 2. Bölge,21,Şadi Özdemir,27
Y.Sol Parti,yesilsolparti,İstanbul,istanbul,İstanbul 2. Bölge,22,Dilek Odabaş Bakır,27
Y.Sol Parti,yesilsolparti,İstanbul,istanbul,İstanbul 2. Bölge,23,Nuray Onuk,27
Y.Sol Parti,yesilsolparti,İstanbul,istanbul,İstanbul 2. Bölge,24,Abdurrahman Öztürk,27
Y.Sol Parti,yesilsolparti,İstanbul,istanbul,İstanbul 2. Bölge,25,Güner Basut,27
Y.Sol Parti,yesilsolparti,İstanbul,istanbul,İstanbul 2. Bölge,26,Gökhan Çetin,27
Y.Sol Parti,yesilsolparti,İstanbul,istanbul,İstanbul 2. Bölge,27,Şengül Bila Ayaz,27
Y.Sol Parti,yesilsolparti,İstanbul,istanbul,İstanbul 3. Bölge,1,Çiğdem Kılıçgün Uçar,36
Y.Sol Parti,yesilsolparti,İstanbul,istanbul,İstanbul 3. Bölge,2,İskender Bayhan,36
Y.Sol Parti,yesilsolparti,İstanbul,istanbul,İstanbul 3. Bölge,3,Çiçek Otlu,36
Y.Sol Parti,yesilsolparti,İstanbul,istanbul,İstanbul 3. Bölge,4,Celal Fırat,36
Y.Sol Parti,yesilsolparti,İstanbul,istanbul,İstanbul 3. Bölge,5,Cemil Güngören,36
Y.Sol Parti,yesilsolparti,İstanbul,istanbul,İstanbul 3. Bölge,6,Kerem Fırtına,36
Y.Sol Parti,yesilsolparti,İstanbul,istanbul,İstanbul 3. Bölge,7,İlknur Birol,36
Y.Sol Parti,yesilsolparti,İstanbul,istanbul,İstanbul 3. Bölge,8,Abdulhakim Daş,36
Y.Sol Parti,yesilsolparti,İstanbul,istanbul,İstanbul 3. Bölge,9,Çiçek Arıç,36
Y.Sol Parti,yesilsolparti,İstanbul,istanbul,İstanbul 3. Bölge,10,Edip Arslan,36
Y.Sol Parti,yesilsolparti,İstanbul,istanbul,İstanbul 3. Bölge,11,Erdal Ataş,36
Y.Sol Parti,yesilsolparti,İstanbul,istanbul,İstanbul 3. Bölge,12,Yıldız Seven,36
Y.Sol Parti,yesilsolparti,İstanbul,istanbul,İstanbul 3. Bölge,13,Yavuz Okçuoğlu,36
Y.Sol Parti,yesilsolparti,İstanbul,istanbul,İstanbul 3. Bölge,14,Ferdi Yamar,36
Y.Sol Parti,yesilsolparti,İstanbul,istanbul,İstanbul 3. Bölge,15,Nalan Çelik,36
Y.Sol Parti,yesilsolparti,İstanbul,istanbul,İstanbul 3. Bölge,16,Uğur Şeker,36
Y.Sol Parti,yesilsolparti,İstanbul,istanbul,İstanbul 3. Bölge,17,Nevrim Kotanoğlu,36
Y.Sol Parti,yesilsolparti,İstanbul,istanbul,İstanbul 3. Bölge,18,Yusuf Yalvaç,36
Y.Sol Parti,yesilsolparti,İstanbul,istanbul,İstanbul 3. Bölge,19,Gülfiraz Sağlık,36
Y.Sol Parti,yesilsolparti,İstanbul,istanbul,İstanbul 3. Bölge,20,Hüseyin Çalişci,36
Y.Sol Parti,yesilsolparti,İstanbul,istanbul,İstanbul 3. Bölge,21,Elif Baysal,36
Y.Sol Parti,yesilsolparti,İstanbul,istanbul,İstanbul 3. Bölge,22,Nizamettin Öztürk,36
Y.Sol Parti,yesilsolparti,İstanbul,istanbul,İstanbul 3. Bölge,23,Özgül Baydoğan,36
Y.Sol Parti,yesilsolparti,İstanbul,istanbul,İstanbul 3. Bölge,24,Ercan Sağlam,36
Y.Sol Parti,yesilsolparti,İstanbul,istanbul,İstanbul 3. Bölge,25,Nesrin Aslan,36
Y.Sol Parti,yesilsolparti,İstanbul,istanbul,İstanbul 3. Bölge,26,Faik Deli,36
Y.Sol Parti,yesilsolparti,İstanbul,istanbul,İstanbul 3. Bölge,27,Fatma Kömürcü,36
Y.Sol Parti,yesilsolparti,İstanbul,istanbul,İstanbul 3. Bölge,28,Hüseyin Fidanboy,36
Y.Sol Parti,yesilsolparti,İstanbul,istanbul,İstanbul 3. Bölge,29,Levent Gökçek,36
Y.Sol Parti,yesilsolparti,İstanbul,istanbul,İstanbul 3. Bölge,30,Ayşe Cengiz,36
Y.Sol Parti,yesilsolparti,İstanbul,istanbul,İstanbul 3. Bölge,31,Abdurrazak Ekinci,36
Y.Sol Parti,yesilsolparti,İstanbul,istanbul,İstanbul 3. Bölge,32,Hasan Arda İlaldı,36
Y.Sol Parti,yesilsolparti,İstanbul,istanbul,İstanbul 3. Bölge,33,Sefa Öztürk,36
Y.Sol Parti,yesilsolparti,İstanbul,istanbul,İstanbul 3. Bölge,34,Mehmet Şerif Öner,36
Y.Sol Parti,yesilsolparti,İstanbul,istanbul,İstanbul 3. Bölge,35,Ergün Şimşek,36
Y.Sol Parti,yesilsolparti,İstanbul,istanbul,İstanbul 3. Bölge,36,İrfan Hülakü,36
YP,yp,İstanbul,istanbul,İstanbul 1. Bölge,1,Barış Erdovan,35
YP,yp,İstanbul,istanbul,İstanbul 1. Bölge,2,Orhan Katar,35
YP,yp,İstanbul,istanbul,İstanbul 1. Bölge,3,Yusuf Salman,35
YP,yp,İstanbul,istanbul,İstanbul 1. Bölge,4,Barış Karahan,35
YP,yp,İstanbul,istanbul,İstanbul 1. Bölge,5,Mudrik Çekcan,35
YP,yp,İstanbul,istanbul,İstanbul 1. Bölge,6,Münire Turan,35
YP,yp,İstanbul,istanbul,İstanbul 1. Bölge,7,Sercan Demir,35
YP,yp,İstanbul,istanbul,İstanbul 1. Bölge,8,Emine Yaramaz,35
YP,yp,İstanbul,istanbul,İstanbul 1. Bölge,9,Çiğdem Yılmaz,35
YP,yp,İstanbul,istanbul,İstanbul 1. Bölge,10,Erkut Duman,35
YP,yp,İstanbul,istanbul,İstanbul 1. Bölge,11,Ali Kayhan,35
YP,yp,İstanbul,istanbul,İstanbul 1. Bölge,12,Abdurrahman Özen,35
YP,yp,İstanbul,istanbul,İstanbul 1. Bölge,13,Özcan Samanci,35
YP,yp,İstanbul,istanbul,İstanbul 1. Bölge,14,Hülya Avcular,35
YP,yp,İstanbul,istanbul,İstanbul 1. Bölge,15,Kamuran Çelik,35
YP,yp,İstanbul,istanbul,İstanbul 1. Bölge,16,Boğaç Bastoncu,35
YP,yp,İstanbul,istanbul,İstanbul 1. Bölge,17,Tamer Kenar,35
YP,yp,İstanbul,istanbul,İstanbul 1. Bölge,18,Ethem Alp,35
YP,yp,İstanbul,istanbul,İstanbul 1. Bölge,19,Nurbaki Salman,35
YP,yp,İstanbul,istanbul,İstanbul 1. Bölge,20,Veysel Sevimli,35
YP,yp,İstanbul,istanbul,İstanbul 1. Bölge,21,İsmahan Öztürk,35
YP,yp,İstanbul,istanbul,İstanbul 1. Bölge,22,Arif Burak Akıncı,35
YP,yp,İstanbul,istanbul,İstanbul 1. Bölge,23,Zelal Aksakal,35
YP,yp,İstanbul,istanbul,İstanbul 1. Bölge,24,İlknur Baykara,35
YP,yp,İstanbul,istanbul,İstanbul 1. Bölge,25,İlayda Baykara,35
YP,yp,İstanbul,istanbul,İstanbul 1. Bölge,26,Özlem Bal,35
YP,yp,İstanbul,istanbul,İstanbul 1. Bölge,27,Veysel Akıncı,35
YP,yp,İstanbul,istanbul,İstanbul 1. Bölge,28,Bilal Seyyar,35
YP,yp,İstanbul,istanbul,İstanbul 1. Bölge,29,Saim Alparslan,35
YP,yp,İstanbul,istanbul,İstanbul 1. Bölge,30,Alperen Arif Eymur,35
YP,yp,İstanbul,istanbul,İstanbul 1. Bölge,31,Neval Ceviz Olcaysoy,35
YP,yp,İstanbul,istanbul,İstanbul 1. Bölge,32,Ecem Hatipoğlu,35
YP,yp,İstanbul,istanbul,İstanbul 1. Bölge,33,Gökçe Alagöz,35
YP,yp,İstanbul,istanbul,İstanbul 1. Bölge,34,Birsen Yüksel,35
YP,yp,İstanbul,istanbul,İstanbul 1. Bölge,35,Hatice Bircan Kaya,35
YP,yp,İstanbul,istanbul,İstanbul 2. Bölge,1,İzzet Emre Aygen,27
YP,yp,İstanbul,istanbul,İstanbul 2. Bölge,2,Faruk Dönmez,27
YP,yp,İstanbul,istanbul,İstanbul 2. Bölge,3,Saadet Başgöze,27
YP,yp,İstanbul,istanbul,İstanbul 2. Bölge,4,Haffari Atlıhan,27
YP,yp,İstanbul,istanbul,İstanbul 2. Bölge,5,Ayfer Erdovan,27
YP,yp,İstanbul,istanbul,İstanbul 2. Bölge,6,Asuman Çelik,27
YP,yp,İstanbul,istanbul,İstanbul 2. Bölge,7,İmdat Şık,27
YP,yp,İstanbul,istanbul,İstanbul 2. Bölge,8,Hakan Güzel,27
YP,yp,İstanbul,istanbul,İstanbul 2. Bölge,9,İpek Demir,27
YP,yp,İstanbul,istanbul,İstanbul 2. Bölge,10,Fatma Duygu Karadeniz,27
YP,yp,İstanbul,istanbul,İstanbul 2. Bölge,11,Can Altundaş,27
YP,yp,İstanbul,istanbul,İstanbul 2. Bölge,12,Mihriban Bay,27
YP,yp,İstanbul,istanbul,İstanbul 2. Bölge,13,Gökçe Şahin Çelik,27
YP,yp,İstanbul,istanbul,İstanbul 2. Bölge,14,Abdurrahman Anık,27
YP,yp,İstanbul,istanbul,İstanbul 2. Bölge,15,Karacan Bergil,27
YP,yp,İstanbul,istanbul,İstanbul 2. Bölge,16,Aziz Yalavaç,27
YP,yp,İstanbul,istanbul,İstanbul 2. Bölge,17,Duygu Yılmaz,27
YP,yp,İstanbul,istanbul,İstanbul 2. Bölge,18,Ensar Demir,27
YP,yp,İstanbul,istanbul,İstanbul 2. Bölge,19,Semih Salman,27
YP,yp,İstanbul,istanbul,İstanbul 2. Bölge,20,Deniz Karadeniz,27
YP,yp,İstanbul,istanbul,İstanbul 2. Bölge,21,Bayram Yılmaz,27
YP,yp,İstanbul,istanbul,İstanbul 2. Bölge,22,Adem Erdoğan,27
YP,yp,İstanbul,istanbul,İstanbul 2. Bölge,23,Emircan Gökdemir,27
YP,yp,İstanbul,istanbul,İstanbul 2. Bölge,24,İsa Zamur,27
YP,yp,İstanbul,istanbul,İstanbul 2. Bölge,25,Şahabettin Şengel,27
YP,yp,İstanbul,istanbul,İstanbul 2. Bölge,26,Amine Eymur,27
YP,yp,İstanbul,istanbul,İstanbul 2. Bölge,27,Beyzanur Eymur,27
Zafer,zaferpartisi,İstanbul,istanbul,İstanbul 1. Bölge,1,Ali Dinçer Çolak,35
Zafer,zaferpartisi,İstanbul,istanbul,İstanbul 1. Bölge,2,Tuğrul Kihtir,35
Zafer,zaferpartisi,İstanbul,istanbul,İstanbul 1. Bölge,3,Fatih Çinan,35
Zafer,zaferpartisi,İstanbul,istanbul,İstanbul 1. Bölge,4,Jülide Sarıkaya Kurdoğlu,35
Zafer,zaferpartisi,İstanbul,istanbul,İstanbul 1. Bölge,5,Dursun Atabek,35
Zafer,zaferpartisi,İstanbul,istanbul,İstanbul 1. Bölge,6,Asena Kolburan,35
Zafer,zaferpartisi,İstanbul,istanbul,İstanbul 1. Bölge,7,Mustafa Koray Yücel,35
Zafer,zaferpartisi,İstanbul,istanbul,İstanbul 1. Bölge,8,Sibel Zeren,35
Zafer,zaferpartisi,İstanbul,istanbul,İstanbul 1. Bölge,9,Mehmet Akif Cenkci,35
Zafer,zaferpartisi,İstanbul,istanbul,İstanbul 1. Bölge,10,Şahin Kaşdan,35
Zafer,zaferpartisi,İstanbul,istanbul,İstanbul 1. Bölge,11,Burak Tok,35
Zafer,zaferpartisi,İstanbul,istanbul,İstanbul 1. Bölge,12,Emre Aksoy,35
Zafer,zaferpartisi,İstanbul,istanbul,İstanbul 1. Bölge,13,Faik Tunç Yalav,35
Zafer,zaferpartisi,İstanbul,istanbul,İstanbul 1. Bölge,14,Tayyibe Merve Çakar,35
Zafer,zaferpartisi,İstanbul,istanbul,İstanbul 1. Bölge,15,Kadri Şenol,35
Zafer,zaferpartisi,İstanbul,istanbul,İstanbul 1. Bölge,16,Doğan Haktan Manav,35
Zafer,zaferpartisi,İstanbul,istanbul,İstanbul 1. Bölge,17,Muhammet Şamil Çalışkan,35
Zafer,zaferpartisi,İstanbul,istanbul,İstanbul 1. Bölge,18,Bülent Gür,35
Zafer,zaferpartisi,İstanbul,istanbul,İstanbul 1. Bölge,19,Betül Azra Yaşar,35
Zafer,zaferpartisi,İstanbul,istanbul,İstanbul 1. Bölge,20,Oğuz Kağan Çakıroğlu,35
Zafer,zaferpartisi,İstanbul,istanbul,İstanbul 1. Bölge,21,Gürkan Gürgen,35
Zafer,zaferpartisi,İstanbul,istanbul,İstanbul 1. Bölge,22,Fatih Döngelli,35
Zafer,zaferpartisi,İstanbul,istanbul,İstanbul 1. Bölge,23,Oğuzhan Dinçer,35
Zafer,zaferpartisi,İstanbul,istanbul,İstanbul 1. Bölge,24,Hakan Çelen,35
Zafer,zaferpartisi,İstanbul,istanbul,İstanbul 1. Bölge,25,Zeynep Özden,35
Zafer,zaferpartisi,İstanbul,istanbul,İstanbul 1. Bölge,26,Kemal Aktaş,35
Zafer,zaferpartisi,İstanbul,istanbul,İstanbul 1. Bölge,27,Turgay Papakçı,35
Zafer,zaferpartisi,İstanbul,istanbul,İstanbul 1. Bölge,28,İlker İde,35
Zafer,zaferpartisi,İstanbul,istanbul,İstanbul 1. Bölge,29,Mustafa Gündoğdu,35
Zafer,zaferpartisi,İstanbul,istanbul,İstanbul 1. Bölge,30,Oktay Mumcu,35
Zafer,zaferpartisi,İstanbul,istanbul,İstanbul 1. Bölge,31,Caner Bayer,35
Zafer,zaferpartisi,İstanbul,istanbul,İstanbul 1. Bölge,32,Erkan Işık,35
Zafer,zaferpartisi,İstanbul,istanbul,İstanbul 1. Bölge,33,Yıldıray Eraslan,35
Zafer,zaferpartisi,İstanbul,istanbul,İstanbul 1. Bölge,34,Tarkan Güler,35
Zafer,zaferpartisi,İstanbul,istanbul,İstanbul 1. Bölge,35,Songül Dinçer,35
Zafer,zaferpartisi,İstanbul,istanbul,İstanbul 2. Bölge,1,Mustafa Hakan Akşit,27
Zafer,zaferpartisi,İstanbul,istanbul,İstanbul 2. Bölge,2,Sevdagül Tunçer,27
Zafer,zaferpartisi,İstanbul,istanbul,İstanbul 2. Bölge,3,Sedat Cezayirlioğlu,27
Zafer,zaferpartisi,İstanbul,istanbul,İstanbul 2. Bölge,4,Nezih İlter Karaman,27
Zafer,zaferpartisi,İstanbul,istanbul,İstanbul 2. Bölge,5,Tansu Küçük,27
Zafer,zaferpartisi,İstanbul,istanbul,İstanbul 2. Bölge,6,Mevlüt Tekdemir,27
Zafer,zaferpartisi,İstanbul,istanbul,İstanbul 2. Bölge,7,İsmail Layiç,27
Zafer,zaferpartisi,İstanbul,istanbul,İstanbul 2. Bölge,8,Murat Erdoğan,27
Zafer,zaferpartisi,İstanbul,istanbul,İstanbul 2. Bölge,9,Hakan Kayrancı,27
Zafer,zaferpartisi,İstanbul,istanbul,İstanbul 2. Bölge,10,Işıl Öztürkler,27
Zafer,zaferpartisi,İstanbul,istanbul,İstanbul 2. Bölge,11,Murat Aslanoğlu,27
Zafer,zaferpartisi,İstanbul,istanbul,İstanbul 2. Bölge,12,Seyithan Şeyhanlıoğlu,27
Zafer,zaferpartisi,İstanbul,istanbul,İstanbul 2. Bölge,13,Şahin Çalık,27
Zafer,zaferpartisi,İstanbul,istanbul,İstanbul 2. Bölge,14,Mehmet Akif Erol,27
Zafer,zaferpartisi,İstanbul,istanbul,İstanbul 2. Bölge,15,Orhun Fatih Erdağı,27
Zafer,zaferpartisi,İstanbul,istanbul,İstanbul 2. Bölge,16,Rifat Tatar,27
Zafer,zaferpartisi,İstanbul,istanbul,İstanbul 2. Bölge,17,Şule Özarslan,27
Zafer,zaferpartisi,İstanbul,istanbul,İstanbul 2. Bölge,18,Saltuk Buğra Sarı,27
Zafer,zaferpartisi,İstanbul,istanbul,İstanbul 2. Bölge,19,Buğrahan Dağlı,27
Zafer,zaferpartisi,İstanbul,istanbul,İstanbul 2. Bölge,20,Ahmet Burak Güleç,27
Zafer,zaferpartisi,İstanbul,istanbul,İstanbul 2. Bölge,21,Levent Aslan,27
Zafer,zaferpartisi,İstanbul,istanbul,İstanbul 2. Bölge,22,Emine Arslan,27
Zafer,zaferpartisi,İstanbul,istanbul,İstanbul 2. Bölge,23,Sedat Cebeci,27
Zafer,zaferpartisi,İstanbul,istanbul,İstanbul 2. Bölge,24,Yiğit Can Talayman,27
Zafer,zaferpartisi,İstanbul,istanbul,İstanbul 2. Bölge,25,Burak Yalçınyiğit,27
Zafer,zaferpartisi,İstanbul,istanbul,İstanbul 2. Bölge,26,Cevat Küçüklü,27
Zafer,zaferpartisi,İstanbul,istanbul,İstanbul 2. Bölge,27,Saadet Doğaç,27
Zafer,zaferpartisi,İstanbul,istanbul,İstanbul 3. Bölge,1,Vecdet Öz,36
Zafer,zaferpartisi,İstanbul,istanbul,İstanbul 3. Bölge,2,Yakup Kaptan,36
Zafer,zaferpartisi,İstanbul,istanbul,İstanbul 3. Bölge,3,Uğur Batur,36
Zafer,zaferpartisi,İstanbul,istanbul,İstanbul 3. Bölge,4,Ferruh Özkan,36
Zafer,zaferpartisi,İstanbul,istanbul,İstanbul 3. Bölge,5,Sedat Timur,36
Zafer,zaferpartisi,İstanbul,istanbul,İstanbul 3. Bölge,6,Kadriye Kunduracı,36
Zafer,zaferpartisi,İstanbul,istanbul,İstanbul 3. Bölge,7,Murat Emre Yardibi,36
Zafer,zaferpartisi,İstanbul,istanbul,İstanbul 3. Bölge,8,Zehra Çatalbaş,36
Zafer,zaferpartisi,İstanbul,istanbul,İstanbul 3. Bölge,9,Hasan Özuzun,36
Zafer,zaferpartisi,İstanbul,istanbul,İstanbul 3. Bölge,10,Kemal Noyanlı,36
Zafer,zaferpartisi,İstanbul,istanbul,İstanbul 3. Bölge,11,Şevki Özen,36
Zafer,zaferpartisi,İstanbul,istanbul,İstanbul 3. Bölge,12,Atilla Yıldırım,36
Zafer,zaferpartisi,İstanbul,istanbul,İstanbul 3. Bölge,13,Yusuf Savaş Fırat,36
Zafer,zaferpartisi,İstanbul,istanbul,İstanbul 3. Bölge,14,Eren Gök,36
Zafer,zaferpartisi,İstanbul,istanbul,İstanbul 3. Bölge,15,Uğur Işık,36
Zafer,zaferpartisi,İstanbul,istanbul,İstanbul 3. Bölge,16,Asena Gübül,36
Zafer,zaferpartisi,İstanbul,istanbul,İstanbul 3. Bölge,17,Seyit Kaya,36
Zafer,zaferpartisi,İstanbul,istanbul,İstanbul 3. Bölge,18,Hatice Barbaros Karadağ,36
Zafer,zaferpartisi,İstanbul,istanbul,İstanbul 3. Bölge,19,Muhammet Kılıç Arslan,36
Zafer,zaferpartisi,İstanbul,istanbul,İstanbul 3. Bölge,20,Şevval Erdel,36
Zafer,zaferpartisi,İstanbul,istanbul,İstanbul 3. Bölge,21,Mehmet Onat Albayrak,36
Zafer,zaferpartisi,İstanbul,istanbul,İstanbul 3. Bölge,22,Chasan Chasan,36
Zafer,zaferpartisi,İstanbul,istanbul,İstanbul 3. Bölge,23,Sadık Kırman,36
Zafer,zaferpartisi,İstanbul,istanbul,İstanbul 3. Bölge,24,Yusuf Jankat Gündoğan,36
Zafer,zaferpartisi,İstanbul,istanbul,İstanbul 3. Bölge,25,Uğur Türkyılmaz,36
Zafer,zaferpartisi,İstanbul,istanbul,İstanbul 3. Bölge,26,Ahmet Çetin,36
Zafer,zaferpartisi,İstanbul,istanbul,İstanbul 3. Bölge,27,Doğan Baydur,36
Zafer,zaferpartisi,İstanbul,istanbul,İstanbul 3. Bölge,28,Can Batur Yıldırım,36
Zafer,zaferpartisi,İstanbul,istanbul,İstanbul 3. Bölge,29,Bedirhan Öztürk,36
Zafer,zaferpartisi,İstanbul,istanbul,İstanbul 3. Bölge,30,Edanur Yanık,36
Zafer,zaferpartisi,İstanbul,istanbul,İstanbul 3. Bölge,31,İsmail İlkay Boduroğlu,36
Zafer,zaferpartisi,İstanbul,istanbul,İstanbul 3. Bölge,32,Ufkum Zeylan,36
Zafer,zaferpartisi,İstanbul,istanbul,İstanbul 3. Bölge,33,Osman Çetinkaya,36
Zafer,zaferpartisi,İstanbul,istanbul,İstanbul 3. Bölge,34,Fatih Kaya,36
Zafer,zaferpartisi,İstanbul,istanbul,İstanbul 3. Bölge,35,Nurcan Alptekin,36
Zafer,zaferpartisi,İstanbul,istanbul,İstanbul 3. Bölge,36,Muhammet Enes Cengiz,36
AB,ab,İzmir,izmir,İzmir 1. Bölge,1,Nilgün Pal,14
AB,ab,İzmir,izmir,İzmir 1. Bölge,2,Tijen Erkan,14
AB,ab,İzmir,izmir,İzmir 1. Bölge,3,Halim Oğuz,14
AB,ab,İzmir,izmir,İzmir 1. Bölge,4,Merve Akide,14
AB,ab,İzmir,izmir,İzmir 1. Bölge,5,Merve Kadifeli,14
AB,ab,İzmir,izmir,İzmir 1. Bölge,6,Barış Yalçınkaya,14
AB,ab,İzmir,izmir,İzmir 1. Bölge,7,Sedat Nalçacı,14
AB,ab,İzmir,izmir,İzmir 1. Bölge,8,Hakan Solak,14
AB,ab,İzmir,izmir,İzmir 1. Bölge,9,Süleyman Asker,14
AB,ab,İzmir,izmir,İzmir 1. Bölge,10,Osman Ünal,14
AB,ab,İzmir,izmir,İzmir 1. Bölge,11,Eyüp Demirbaş,14
AB,ab,İzmir,izmir,İzmir 1. Bölge,12,Yasin Şentürk,14
AB,ab,İzmir,izmir,İzmir 1. Bölge,13,Şems Kemal Tunçeri,14
AB,ab,İzmir,izmir,İzmir 1. Bölge,14,Mustafa Demir,14
AB,ab,İzmir,izmir,İzmir 2. Bölge,1,Ayperi Köseoğlu,14
AB,ab,İzmir,izmir,İzmir 2. Bölge,2,Levent Uğur Asker,14
AB,ab,İzmir,izmir,İzmir 2. Bölge,3,Servet Keleş,14
AB,ab,İzmir,izmir,İzmir 2. Bölge,4,Gökhan Yıldırım,14
AB,ab,İzmir,izmir,İzmir 2. Bölge,5,Bilal Yılmaz,14
AB,ab,İzmir,izmir,İzmir 2. Bölge,6,Abdullah Apaydın,14
AB,ab,İzmir,izmir,İzmir 2. Bölge,7,Emine Öztürk,14
AB,ab,İzmir,izmir,İzmir 2. Bölge,8,Kazım Bozkurt,14
AB,ab,İzmir,izmir,İzmir 2. Bölge,9,Şükrü Çoban,14
AB,ab,İzmir,izmir,İzmir 2. Bölge,10,Rıza Yiğitoğlu,14
AB,ab,İzmir,izmir,İzmir 2. Bölge,11,Muhammed Karademir,14
AB,ab,İzmir,izmir,İzmir 2. Bölge,12,Fatmagül Aslan,14
AB,ab,İzmir,izmir,İzmir 2. Bölge,13,İlkcan Bayraktaroğlu,14
AB,ab,İzmir,izmir,İzmir 2. Bölge,14,Selma Ünal,14
Adalet,ap,İzmir,izmir,İzmir 1. Bölge,1,Mehmet Zeki Bulut,14
Adalet,ap,İzmir,izmir,İzmir 1. Bölge,2,Sümeyra Polat,14
Adalet,ap,İzmir,izmir,İzmir 1. Bölge,3,Oğuz Aytaç,14
Adalet,ap,İzmir,izmir,İzmir 1. Bölge,4,Uğur Peynircioğlu,14
Adalet,ap,İzmir,izmir,İzmir 1. Bölge,5,Suat Yılmaz,14
Adalet,ap,İzmir,izmir,İzmir 1. Bölge,6,Serpil Döşlü,14
Adalet,ap,İzmir,izmir,İzmir 1. Bölge,7,Ahmet Kabadayı,14
Adalet,ap,İzmir,izmir,İzmir 1. Bölge,8,Lamia Taştan,14
Adalet,ap,İzmir,izmir,İzmir 1. Bölge,9,Nevin Muslu,14
Adalet,ap,İzmir,izmir,İzmir 1. Bölge,10,Mertcan Bulut,14
Adalet,ap,İzmir,izmir,İzmir 1. Bölge,11,Bülent Çerçi,14
Adalet,ap,İzmir,izmir,İzmir 1. Bölge,12,Mehmet Bulut,14
Adalet,ap,İzmir,izmir,İzmir 1. Bölge,13,Özlem Bulut,14
Adalet,ap,İzmir,izmir,İzmir 1. Bölge,14,İsa Ermiş,14
Adalet,ap,İzmir,izmir,İzmir 2. Bölge,1,Levent Aras,14
Adalet,ap,İzmir,izmir,İzmir 2. Bölge,2,Hüseyin Taşcı,14
Adalet,ap,İzmir,izmir,İzmir 2. Bölge,3,Süleyman Özcan Erdikler,14
Adalet,ap,İzmir,izmir,İzmir 2. Bölge,4,Gizem Yeşildağ,14
Adalet,ap,İzmir,izmir,İzmir 2. Bölge,5,Selami Ediz Erdoğdu,14
Adalet,ap,İzmir,izmir,İzmir 2. Bölge,6,Çağatay Taşcı,14
Adalet,ap,İzmir,izmir,İzmir 2. Bölge,7,Murat Cankaragöz,14
Adalet,ap,İzmir,izmir,İzmir 2. Bölge,8,Gülseren Çetin,14
Adalet,ap,İzmir,izmir,İzmir 2. Bölge,9,Hüsnü Yalçın,14
Adalet,ap,İzmir,izmir,İzmir 2. Bölge,10,Müge Aras,14
Adalet,ap,İzmir,izmir,İzmir 2. Bölge,11,Elif Şahin,14
Adalet,ap,İzmir,izmir,İzmir 2. Bölge,12,Şule Aras,14
Adalet,ap,İzmir,izmir,İzmir 2. Bölge,13,Enver Arar,14
Adalet,ap,İzmir,izmir,İzmir 2. Bölge,14,Aslıhan Tahmaz,14
AK Parti,akparti,İzmir,izmir,İzmir 1. Bölge,1,Mehmet Muharrem Kasapoğlu,14
AK Parti,akparti,İzmir,izmir,İzmir 1. Bölge,2,Mahmut Atilla Kaya,14
AK Parti,akparti,İzmir,izmir,İzmir 1. Bölge,3,Şebnem Bursalı,14
AK Parti,akparti,İzmir,izmir,İzmir 1. Bölge,4,Mehmet Ali Çelebi,14
AK Parti,akparti,İzmir,izmir,İzmir 1. Bölge,5,Cemal Bekle,14
AK Parti,akparti,İzmir,izmir,İzmir 1. Bölge,6,Savcı Sayan,14
AK Parti,akparti,İzmir,izmir,İzmir 1. Bölge,7,Enes Efendioğlu,14
AK Parti,akparti,İzmir,izmir,İzmir 1. Bölge,8,Ömür Şanlı,14
AK Parti,akparti,İzmir,izmir,İzmir 1. Bölge,9,Mehmet Sadık Tunç,14
AK Parti,akparti,İzmir,izmir,İzmir 1. Bölge,10,Nisa Alptekin,14
AK Parti,akparti,İzmir,izmir,İzmir 1. Bölge,11,Mehmet Sait Başdaş,14
AK Parti,akparti,İzmir,izmir,İzmir 1. Bölge,12,Selahattin Serdar Muçay,14
AK Parti,akparti,İzmir,izmir,İzmir 1. Bölge,13,Berkan Yıldızhan,14
AK Parti,akparti,İzmir,izmir,İzmir 1. Bölge,14,Hatice Yeliz Karataş,14
AK Parti,akparti,İzmir,izmir,İzmir 2. Bölge,1,Eyyüp Kadir İnan,14
AK Parti,akparti,İzmir,izmir,İzmir 2. Bölge,2,Fehmi Alpay Özalan,14
AK Parti,akparti,İzmir,izmir,İzmir 2. Bölge,3,Ceyda Bölünmez Çankırı,14
AK Parti,akparti,İzmir,izmir,İzmir 2. Bölge,4,Yaşar Kırkpınar,14
AK Parti,akparti,İzmir,izmir,İzmir 2. Bölge,5,Kerem Ali Sürekli,14
AK Parti,akparti,İzmir,izmir,İzmir 2. Bölge,6,Muhammet Doğan,14
AK Parti,akparti,İzmir,izmir,İzmir 2. Bölge,7,Dilek Yıldız,14
AK Parti,akparti,İzmir,izmir,İzmir 2. Bölge,8,İsmail Hancı,14
AK Parti,akparti,İzmir,izmir,İzmir 2. Bölge,9,Ahmet Can Çelik,14
AK Parti,akparti,İzmir,izmir,İzmir 2. Bölge,10,Gülşen Gezici,14
AK Parti,akparti,İzmir,izmir,İzmir 2. Bölge,11,Halil Polat,14
AK Parti,akparti,İzmir,izmir,İzmir 2. Bölge,12,Veysel Güldoğan,14
AK Parti,akparti,İzmir,izmir,İzmir 2. Bölge,13,Güven Demirağ,14
AK Parti,akparti,İzmir,izmir,İzmir 2. Bölge,14,Yasin Demirel,14
ANAP,anap,İzmir,izmir,İzmir 1. Bölge,1,Okan Niğdeli,14
ANAP,anap,İzmir,izmir,İzmir 1. Bölge,2,Metin Kocakurt,14
ANAP,anap,İzmir,izmir,İzmir 1. Bölge,3,Levent Çelikesir,14
ANAP,anap,İzmir,izmir,İzmir 1. Bölge,4,Nevzat Dağ,14
ANAP,anap,İzmir,izmir,İzmir 1. Bölge,5,Kazım Çıtıroğlu,14
ANAP,anap,İzmir,izmir,İzmir 1. Bölge,6,Emine Büşra Temiz,14
ANAP,anap,İzmir,izmir,İzmir 1. Bölge,7,Fatma Sözer,14
ANAP,anap,İzmir,izmir,İzmir 1. Bölge,8,Bekir Fidan,14
ANAP,anap,İzmir,izmir,İzmir 1. Bölge,9,Başak Balıkçılar,14
ANAP,anap,İzmir,izmir,İzmir 1. Bölge,10,Şeyma Soma,14
ANAP,anap,İzmir,izmir,İzmir 1. Bölge,11,Memduh Veysel Koşar,14
ANAP,anap,İzmir,izmir,İzmir 1. Bölge,12,Latif Yılmaz,14
ANAP,anap,İzmir,izmir,İzmir 1. Bölge,13,Talat Deniz,14
ANAP,anap,İzmir,izmir,İzmir 1. Bölge,14,Mehmet Müren,14
ANAP,anap,İzmir,izmir,İzmir 2. Bölge,1,İbrahim Ethem Canıdar,14
ANAP,anap,İzmir,izmir,İzmir 2. Bölge,2,Süleyman Bulduk,14
ANAP,anap,İzmir,izmir,İzmir 2. Bölge,3,Emre Kocakurt,14
ANAP,anap,İzmir,izmir,İzmir 2. Bölge,4,Kadir Demirtaş,14
ANAP,anap,İzmir,izmir,İzmir 2. Bölge,5,Yıldız Niğdeli,14
ANAP,anap,İzmir,izmir,İzmir 2. Bölge,6,Müşerref Canıdar,14
ANAP,anap,İzmir,izmir,İzmir 2. Bölge,7,Kamil Saygı,14
ANAP,anap,İzmir,izmir,İzmir 2. Bölge,8,Ayşe Fidan,14
ANAP,anap,İzmir,izmir,İzmir 2. Bölge,9,Özgür Özen,14
ANAP,anap,İzmir,izmir,İzmir 2. Bölge,10,Recep Çiftdal,14
ANAP,anap,İzmir,izmir,İzmir 2. Bölge,11,Gülseren Uyaner Bulduk,14
ANAP,anap,İzmir,izmir,İzmir 2. Bölge,12,Hasan Özkan,14
ANAP,anap,İzmir,izmir,İzmir 2. Bölge,13,Mehmet Oğuz,14
ANAP,anap,İzmir,izmir,İzmir 2. Bölge,14,Dilek Kocakurt,14
Bağımsız,bagimsiz,İzmir,izmir,İzmir 1. Bölge,1,Ferhan Ademhan,14
Bağımsız,bagimsiz,İzmir,izmir,İzmir 1. Bölge,2,Ali İhsan Erdenilgen,14
Bağımsız,bagimsiz,İzmir,izmir,İzmir 1. Bölge,3,Vedat Necmettin Arslanoğlu,14
Bağımsız,bagimsiz,İzmir,izmir,İzmir 1. Bölge,4,Sedat Kabay,14
Bağımsız,bagimsiz,İzmir,izmir,İzmir 2. Bölge,1,Mehmet Bayındır,14
Bağımsız,bagimsiz,İzmir,izmir,İzmir 2. Bölge,2,Ramazan Üzün,14
Bağımsız,bagimsiz,İzmir,izmir,İzmir 2. Bölge,3,Sinan Gündoğdu,14
Bağımsız,bagimsiz,İzmir,izmir,İzmir 2. Bölge,4,Kenan Kahraman,14
BBP,bbp,İzmir,izmir,İzmir 1. Bölge,1,Erdem Öksüz,14
BBP,bbp,İzmir,izmir,İzmir 1. Bölge,2,Mustafa Eser,14
BBP,bbp,İzmir,izmir,İzmir 1. Bölge,3,Hamza Çatır,14
BBP,bbp,İzmir,izmir,İzmir 1. Bölge,4,Mehmet Altunbaş,14
BBP,bbp,İzmir,izmir,İzmir 1. Bölge,5,Fatih Eser,14
BBP,bbp,İzmir,izmir,İzmir 1. Bölge,6,Faik Cennet,14
BBP,bbp,İzmir,izmir,İzmir 1. Bölge,7,İsmail Yılmaz,14
BBP,bbp,İzmir,izmir,İzmir 1. Bölge,8,Mehmet Dudu,14
BBP,bbp,İzmir,izmir,İzmir 1. Bölge,9,Salih Oktay Ümman,14
BBP,bbp,İzmir,izmir,İzmir 1. Bölge,10,Ali Şener,14
BBP,bbp,İzmir,izmir,İzmir 1. Bölge,11,Ramazan Mutlu,14
BBP,bbp,İzmir,izmir,İzmir 1. Bölge,12,Mehmet Ataş,14
BBP,bbp,İzmir,izmir,İzmir 1. Bölge,13,Cengiz Baştürk,14
BBP,bbp,İzmir,izmir,İzmir 1. Bölge,14,Osman Eser,14
BBP,bbp,İzmir,izmir,İzmir 2. Bölge,1,Yasin Yardımcı,14
BBP,bbp,İzmir,izmir,İzmir 2. Bölge,2,Ömrüye Elibol,14
BBP,bbp,İzmir,izmir,İzmir 2. Bölge,3,Emirhan Kılıç,14
BBP,bbp,İzmir,izmir,İzmir 2. Bölge,4,Ertuğrul Topçu,14
BBP,bbp,İzmir,izmir,İzmir 2. Bölge,5,Nurcan Şanlı,14
BBP,bbp,İzmir,izmir,İzmir 2. Bölge,6,Büşra Özdemir,14
BBP,bbp,İzmir,izmir,İzmir 2. Bölge,7,Melek Öztürkan,14
BBP,bbp,İzmir,izmir,İzmir 2. Bölge,8,Hayati Atmaca,14
BBP,bbp,İzmir,izmir,İzmir 2. Bölge,9,Osman Demir,14
BBP,bbp,İzmir,izmir,İzmir 2. Bölge,10,Abdurrahman Eser,14
BBP,bbp,İzmir,izmir,İzmir 2. Bölge,11,Recep Burgucu,14
BBP,bbp,İzmir,izmir,İzmir 2. Bölge,12,Bekir Sönmez,14
BBP,bbp,İzmir,izmir,İzmir 2. Bölge,13,Yavuz Tac,14
BBP,bbp,İzmir,izmir,İzmir 2. Bölge,14,Hüseyin Gazi Emre,14
CHP,chp,İzmir,izmir,İzmir 1. Bölge,1,Yüksel Taşkın,14
CHP,chp,İzmir,izmir,İzmir 1. Bölge,2,Ahmet Tuncay Özkan,14
CHP,chp,İzmir,izmir,İzmir 1. Bölge,3,Sevda Erdan Kılıç,14
CHP,chp,İzmir,izmir,İzmir 1. Bölge,4,Murat Bakan,14
CHP,chp,İzmir,izmir,İzmir 1. Bölge,5,Ednan Arslan,14
CHP,chp,İzmir,izmir,İzmir 1. Bölge,6,Seda Kâya Ösen,14
CHP,chp,İzmir,izmir,İzmir 1. Bölge,7,Haydar Altıntaş,14
CHP,chp,İzmir,izmir,İzmir 1. Bölge,8,Devrim Barış Çelik,14
CHP,chp,İzmir,izmir,İzmir 1. Bölge,9,Sefer İpekli,14
CHP,chp,İzmir,izmir,İzmir 1. Bölge,10,Güldem Atabay,14
CHP,chp,İzmir,izmir,İzmir 1. Bölge,11,Şahbal Aras,14
CHP,chp,İzmir,izmir,İzmir 1. Bölge,12,Fulya Alçay,14
CHP,chp,İzmir,izmir,İzmir 1. Bölge,13,Mehmet Şahin Fırat,14
CHP,chp,İzmir,izmir,İzmir 1. Bölge,14,Birgül Değirmenci,14
CHP,chp,İzmir,izmir,İzmir 2. Bölge,1,Gökçe Gökçen,14
CHP,chp,İzmir,izmir,İzmir 2. Bölge,2,Rıfat Turuntay Nalbantoğlu,14
CHP,chp,İzmir,izmir,İzmir 2. Bölge,3,Rahmi Aşkın Türeli,14
CHP,chp,İzmir,izmir,İzmir 2. Bölge,4,Mahir Polat,14
CHP,chp,İzmir,izmir,İzmir 2. Bölge,5,Mehmet Salih Uzun,14
CHP,chp,İzmir,izmir,İzmir 2. Bölge,6,Deniz Yücel,14
CHP,chp,İzmir,izmir,İzmir 2. Bölge,7,Mustafa Bilici,14
CHP,chp,İzmir,izmir,İzmir 2. Bölge,8,Hacer Foggo,14
CHP,chp,İzmir,izmir,İzmir 2. Bölge,9,Esin Doğan Metin,14
CHP,chp,İzmir,izmir,İzmir 2. Bölge,10,Altan İnanç,14
CHP,chp,İzmir,izmir,İzmir 2. Bölge,11,Emine Helil İnay Kınay,14
CHP,chp,İzmir,izmir,İzmir 2. Bölge,12,Ayten Gülsever,14
CHP,chp,İzmir,izmir,İzmir 2. Bölge,13,Nurşen Balcı,14
CHP,chp,İzmir,izmir,İzmir 2. Bölge,14,Burak Kotan,14
GBP,gbp,İzmir,izmir,İzmir 1. Bölge,1,Üstündağ Önalan,14
GBP,gbp,İzmir,izmir,İzmir 1. Bölge,2,Servet Sakcı,14
GBP,gbp,İzmir,izmir,İzmir 1. Bölge,3,Aykut Armağan,14
GBP,gbp,İzmir,izmir,İzmir 1. Bölge,4,Yağmur Sarı,14
GBP,gbp,İzmir,izmir,İzmir 1. Bölge,5,Remzi Erciyas,14
GBP,gbp,İzmir,izmir,İzmir 1. Bölge,6,Edanur Ekmekçioğlu,14
GBP,gbp,İzmir,izmir,İzmir 1. Bölge,7,Bedriye İyem,14
GBP,gbp,İzmir,izmir,İzmir 1. Bölge,8,Soner Mükyen,14
GBP,gbp,İzmir,izmir,İzmir 1. Bölge,9,Sami Aslan,14
GBP,gbp,İzmir,izmir,İzmir 1. Bölge,10,Busem Kayim,14
GBP,gbp,İzmir,izmir,İzmir 1. Bölge,11,Nergis Gültepe,14
GBP,gbp,İzmir,izmir,İzmir 1. Bölge,12,Alican Saldamlı,14
GBP,gbp,İzmir,izmir,İzmir 1. Bölge,13,Serhat Atabey,14
GBP,gbp,İzmir,izmir,İzmir 1. Bölge,14,Ayşe Akar,14
GBP,gbp,İzmir,izmir,İzmir 2. Bölge,1,Hakan İyem,14
GBP,gbp,İzmir,izmir,İzmir 2. Bölge,2,Okan Demir,14
GBP,gbp,İzmir,izmir,İzmir 2. Bölge,3,Canberk Baltacı,14
GBP,gbp,İzmir,izmir,İzmir 2. Bölge,4,Sergen Bedel,14
GBP,gbp,İzmir,izmir,İzmir 2. Bölge,5,Faruk İyem,14
GBP,gbp,İzmir,izmir,İzmir 2. Bölge,6,Hasret İlğen,14
GBP,gbp,İzmir,izmir,İzmir 2. Bölge,7,Elif İyem,14
GBP,gbp,İzmir,izmir,İzmir 2. Bölge,8,Evin Elalmış,14
GBP,gbp,İzmir,izmir,İzmir 2. Bölge,9,Ercan Dilekçi,14
GBP,gbp,İzmir,izmir,İzmir 2. Bölge,10,Serkan Yıkılmaz,14
GBP,gbp,İzmir,izmir,İzmir 2. Bölge,11,Yiğithan Koyuncu,14
GBP,gbp,İzmir,izmir,İzmir 2. Bölge,12,Kardelen Bilgin,14
GBP,gbp,İzmir,izmir,İzmir 2. Bölge,13,Emrullah Çevik,14
GBP,gbp,İzmir,izmir,İzmir 2. Bölge,14,Gülsaat Çevre,14
Genç Parti,gencparti,İzmir,izmir,İzmir 1. Bölge,1,Metin Altmışkara,14
Genç Parti,gencparti,İzmir,izmir,İzmir 1. Bölge,2,Tunç Buruşukoğlu,14
Genç Parti,gencparti,İzmir,izmir,İzmir 1. Bölge,3,Mehtap Pakçe,14
Genç Parti,gencparti,İzmir,izmir,İzmir 1. Bölge,4,Murat Yeşilyuva,14
Genç Parti,gencparti,İzmir,izmir,İzmir 1. Bölge,5,Selda Karakuzu,14
Genç Parti,gencparti,İzmir,izmir,İzmir 1. Bölge,6,Hülya Yavuz,14
Genç Parti,gencparti,İzmir,izmir,İzmir 1. Bölge,7,Ali Tibet,14
Genç Parti,gencparti,İzmir,izmir,İzmir 1. Bölge,8,Mustafa Çalışkan,14
Genç Parti,gencparti,İzmir,izmir,İzmir 1. Bölge,9,Cihan Balta,14
Genç Parti,gencparti,İzmir,izmir,İzmir 1. Bölge,10,Şafak Eşal,14
Genç Parti,gencparti,İzmir,izmir,İzmir 1. Bölge,11,Muammer Civan,14
Genç Parti,gencparti,İzmir,izmir,İzmir 1. Bölge,12,Derya Erdoğan,14
Genç Parti,gencparti,İzmir,izmir,İzmir 1. Bölge,13,Sezer Bora,14
Genç Parti,gencparti,İzmir,izmir,İzmir 1. Bölge,14,Gülhan Aldırmaz,14
Genç Parti,gencparti,İzmir,izmir,İzmir 2. Bölge,1,Koray Günüç,14
Genç Parti,gencparti,İzmir,izmir,İzmir 2. Bölge,2,Melek Dıngaz Yaralı,14
Genç Parti,gencparti,İzmir,izmir,İzmir 2. Bölge,3,Ümit Gökdan,14
Genç Parti,gencparti,İzmir,izmir,İzmir 2. Bölge,4,Gökhan Adalar,14
Genç Parti,gencparti,İzmir,izmir,İzmir 2. Bölge,5,Ceylan Büyükkaray,14
Genç Parti,gencparti,İzmir,izmir,İzmir 2. Bölge,6,Hayri Vurmaz,14
Genç Parti,gencparti,İzmir,izmir,İzmir 2. Bölge,7,Mehmet Onbaşıoğlu,14
Genç Parti,gencparti,İzmir,izmir,İzmir 2. Bölge,8,Gökhan Erçömlekçi,14
Genç Parti,gencparti,İzmir,izmir,İzmir 2. Bölge,9,Mehmet Aydoğdu,14
Genç Parti,gencparti,İzmir,izmir,İzmir 2. Bölge,10,Begüm Meriç,14
Genç Parti,gencparti,İzmir,izmir,İzmir 2. Bölge,11,Nurten Tuna,14
Genç Parti,gencparti,İzmir,izmir,İzmir 2. Bölge,12,Yunus Özbek,14
Genç Parti,gencparti,İzmir,izmir,İzmir 2. Bölge,13,İsmail Büyükkaray,14
Genç Parti,gencparti,İzmir,izmir,İzmir 2. Bölge,14,Bekir Özgen,14
HAK-PAR,hakpar,İzmir,izmir,İzmir 1. Bölge,1,Abdurrahman Beşer,14
HAK-PAR,hakpar,İzmir,izmir,İzmir 1. Bölge,2,Ali Reşat Öztürk,14
HAK-PAR,hakpar,İzmir,izmir,İzmir 1. Bölge,3,Ahmet Kandemir,14
HAK-PAR,hakpar,İzmir,izmir,İzmir 1. Bölge,4,Nevzat Topci,14
HAK-PAR,hakpar,İzmir,izmir,İzmir 1. Bölge,5,Güller Dindarik,14
HAK-PAR,hakpar,İzmir,izmir,İzmir 1. Bölge,6,Cemil Burkay,14
HAK-PAR,hakpar,İzmir,izmir,İzmir 1. Bölge,7,Hasan Kerpiç,14
HAK-PAR,hakpar,İzmir,izmir,İzmir 1. Bölge,8,Eren Öztürk,14
HAK-PAR,hakpar,İzmir,izmir,İzmir 1. Bölge,9,Berfin Öztopçu,14
HAK-PAR,hakpar,İzmir,izmir,İzmir 1. Bölge,10,Berfin Demir,14
HAK-PAR,hakpar,İzmir,izmir,İzmir 1. Bölge,11,Hatice Tünar,14
HAK-PAR,hakpar,İzmir,izmir,İzmir 1. Bölge,12,Güzel Demir,14
HAK-PAR,hakpar,İzmir,izmir,İzmir 1. Bölge,13,Tarık Genç,14
HAK-PAR,hakpar,İzmir,izmir,İzmir 1. Bölge,14,Neriman Sönmez,14
HAK-PAR,hakpar,İzmir,izmir,İzmir 2. Bölge,1,Mehmet Ali Sönmez,14
HAK-PAR,hakpar,İzmir,izmir,İzmir 2. Bölge,2,Abdurrahim Aydın,14
HAK-PAR,hakpar,İzmir,izmir,İzmir 2. Bölge,3,Sait Demir,14
HAK-PAR,hakpar,İzmir,izmir,İzmir 2. Bölge,4,Mehmet Irğıt,14
HAK-PAR,hakpar,İzmir,izmir,İzmir 2. Bölge,5,Mustafa Fehmi Yavuz,14
HAK-PAR,hakpar,İzmir,izmir,İzmir 2. Bölge,6,Veysel Karataş,14
HAK-PAR,hakpar,İzmir,izmir,İzmir 2. Bölge,7,Mehmet Salih Dindarik,14
HAK-PAR,hakpar,İzmir,izmir,İzmir 2. Bölge,8,Rahmi Ataman,14
HAK-PAR,hakpar,İzmir,izmir,İzmir 2. Bölge,9,Gülsüm Çelik,14
HAK-PAR,hakpar,İzmir,izmir,İzmir 2. Bölge,10,Asker Ali Demirel,14
HAK-PAR,hakpar,İzmir,izmir,İzmir 2. Bölge,11,Nazım Yarar,14
HAK-PAR,hakpar,İzmir,izmir,İzmir 2. Bölge,12,Kadir Demir,14
HAK-PAR,hakpar,İzmir,izmir,İzmir 2. Bölge,13,Metin Demir,14
HAK-PAR,hakpar,İzmir,izmir,İzmir 2. Bölge,14,Süleyman Bay,14
HKP,hkp,İzmir,izmir,İzmir 1. Bölge,1,Tacettin Çolak,14
HKP,hkp,İzmir,izmir,İzmir 1. Bölge,2,Fatma Özkuloğlu,14
HKP,hkp,İzmir,izmir,İzmir 1. Bölge,3,Zeki Olkun,14
HKP,hkp,İzmir,izmir,İzmir 1. Bölge,4,Adnan Gürcan Dalıcı,14
HKP,hkp,İzmir,izmir,İzmir 1. Bölge,5,Ahmet Pektopal,14
HKP,hkp,İzmir,izmir,İzmir 1. Bölge,6,Nihat Tunalı,14
HKP,hkp,İzmir,izmir,İzmir 1. Bölge,7,Doğan Kaya,14
HKP,hkp,İzmir,izmir,İzmir 1. Bölge,8,Ayşen Aşık,14
HKP,hkp,İzmir,izmir,İzmir 1. Bölge,9,Hasan Yaycı,14
HKP,hkp,İzmir,izmir,İzmir 1. Bölge,10,Hediye Ezgi Alpoğuz,14
HKP,hkp,İzmir,izmir,İzmir 1. Bölge,11,İbrahim Bayer,14
HKP,hkp,İzmir,izmir,İzmir 1. Bölge,12,Sakine Tosun,14
HKP,hkp,İzmir,izmir,İzmir 1. Bölge,13,Ufuk Kayhan,14
HKP,hkp,İzmir,izmir,İzmir 1. Bölge,14,Zafer Kurtuluş,14
HKP,hkp,İzmir,izmir,İzmir 2. Bölge,1,Özler Çakır,14
HKP,hkp,İzmir,izmir,İzmir 2. Bölge,2,Levent Çelik,14
HKP,hkp,İzmir,izmir,İzmir 2. Bölge,3,Muzaffer Çolak,14
HKP,hkp,İzmir,izmir,İzmir 2. Bölge,4,Hüseyin Fakioğlu,14
HKP,hkp,İzmir,izmir,İzmir 2. Bölge,5,Fahri Kaya,14
HKP,hkp,İzmir,izmir,İzmir 2. Bölge,6,Fatma Olkun,14
HKP,hkp,İzmir,izmir,İzmir 2. Bölge,7,Ayça Oral,14
HKP,hkp,İzmir,izmir,İzmir 2. Bölge,8,Semra Dalıcı,14
HKP,hkp,İzmir,izmir,İzmir 2. Bölge,9,Oya Tolunay,14
HKP,hkp,İzmir,izmir,İzmir 2. Bölge,10,Ayşegül Adıgüzel,14
HKP,hkp,İzmir,izmir,İzmir 2. Bölge,11,Aziz Gençer,14
HKP,hkp,İzmir,izmir,İzmir 2. Bölge,12,Hediye Karagedik,14
HKP,hkp,İzmir,izmir,İzmir 2. Bölge,13,Recep Kurnaz,14
HKP,hkp,İzmir,izmir,İzmir 2. Bölge,14,Leyla Tunalı,14
İyi Parti,iyiparti,İzmir,izmir,İzmir 1. Bölge,1,Dursun Müsavat Dervişoğlu,14
İyi Parti,iyiparti,İzmir,izmir,İzmir 1. Bölge,2,Ümit Özlale,14
İyi Parti,iyiparti,İzmir,izmir,İzmir 1. Bölge,3,Öztürk Keskin,14
İyi Parti,iyiparti,İzmir,izmir,İzmir 1. Bölge,4,Ülkü Doğan,14
İyi Parti,iyiparti,İzmir,izmir,İzmir 1. Bölge,5,Ali Topçu,14
İyi Parti,iyiparti,İzmir,izmir,İzmir 1. Bölge,6,Figen Yıldırım,14
İyi Parti,iyiparti,İzmir,izmir,İzmir 1. Bölge,7,Lütfi İlteriş Öney,14
İyi Parti,iyiparti,İzmir,izmir,İzmir 1. Bölge,8,İsmail Aybars Aksoy,14
İyi Parti,iyiparti,İzmir,izmir,İzmir 1. Bölge,9,Aslan Sezgin,14
İyi Parti,iyiparti,İzmir,izmir,İzmir 1. Bölge,10,Gizem Albaş,14
İyi Parti,iyiparti,İzmir,izmir,İzmir 1. Bölge,11,Kaan Altındağ,14
İyi Parti,iyiparti,İzmir,izmir,İzmir 1. Bölge,12,Murat Çakar,14
İyi Parti,iyiparti,İzmir,izmir,İzmir 1. Bölge,13,Hasan Yıldız,14
İyi Parti,iyiparti,İzmir,izmir,İzmir 1. Bölge,14,Gülşah Sakar,14
İyi Parti,iyiparti,İzmir,izmir,İzmir 2. Bölge,1,Hüsmen Kırkpınar,14
İyi Parti,iyiparti,İzmir,izmir,İzmir 2. Bölge,2,Yiğit Karakış,14
İyi Parti,iyiparti,İzmir,izmir,İzmir 2. Bölge,3,Arzu Yıldırım,14
İyi Parti,iyiparti,İzmir,izmir,İzmir 2. Bölge,4,Tamer Cücü,14
İyi Parti,iyiparti,İzmir,izmir,İzmir 2. Bölge,5,Dincer Işıktaş,14
İyi Parti,iyiparti,İzmir,izmir,İzmir 2. Bölge,6,Müjde Harput Apak,14
İyi Parti,iyiparti,İzmir,izmir,İzmir 2. Bölge,7,Mümin Yalçınkaya,14
İyi Parti,iyiparti,İzmir,izmir,İzmir 2. Bölge,8,Yeliz Çulha,14
İyi Parti,iyiparti,İzmir,izmir,İzmir 2. Bölge,9,Bülent Uygur,14
İyi Parti,iyiparti,İzmir,izmir,İzmir 2. Bölge,10,Miran Bacgeroğlu,14
İyi Parti,iyiparti,İzmir,izmir,İzmir 2. Bölge,11,Mustafa Nuri Deniz,14
İyi Parti,iyiparti,İzmir,izmir,İzmir 2. Bölge,12,Nazlı Buket Karasu,14
İyi Parti,iyiparti,İzmir,izmir,İzmir 2. Bölge,13,Mehmet Halis Köse,14
İyi Parti,iyiparti,İzmir,izmir,İzmir 2. Bölge,14,Mehmet Emin Cantürk,14
Memleket,memleket,İzmir,izmir,İzmir 1. Bölge,1,Cüneyt Oğuz,14
Memleket,memleket,İzmir,izmir,İzmir 1. Bölge,2,Ali Tunç Can,14
Memleket,memleket,İzmir,izmir,İzmir 1. Bölge,3,Gülderen Özafacan Zeğerek,14
Memleket,memleket,İzmir,izmir,İzmir 1. Bölge,4,Harun Düşenkalkan,14
Memleket,memleket,İzmir,izmir,İzmir 1. Bölge,5,Beyhan Mutlu,14
Memleket,memleket,İzmir,izmir,İzmir 1. Bölge,6,Başaran Aktan,14
Memleket,memleket,İzmir,izmir,İzmir 1. Bölge,7,İsmail Yıldız,14
Memleket,memleket,İzmir,izmir,İzmir 1. Bölge,8,Turan Çatal,14
Memleket,memleket,İzmir,izmir,İzmir 1. Bölge,9,Tufan Özbek,14
Memleket,memleket,İzmir,izmir,İzmir 1. Bölge,10,Ahmet Ömer Erkenci,14
Memleket,memleket,İzmir,izmir,İzmir 1. Bölge,11,Cem Merih Yener,14
Memleket,memleket,İzmir,izmir,İzmir 1. Bölge,12,Olca Ömür Aras,14
Memleket,memleket,İzmir,izmir,İzmir 1. Bölge,13,Efeyavuz Yurdakul,14
Memleket,memleket,İzmir,izmir,İzmir 1. Bölge,14,Furkan Molla,14
Memleket,memleket,İzmir,izmir,İzmir 2. Bölge,1,Asuman Ali Güven,14
Memleket,memleket,İzmir,izmir,İzmir 2. Bölge,2,Mahir Bakan,14
Memleket,memleket,İzmir,izmir,İzmir 2. Bölge,3,Tuğçe Semercioğlu,14
Memleket,memleket,İzmir,izmir,İzmir 2. Bölge,4,Mevhibe Bodur Koloğlu,14
Memleket,memleket,İzmir,izmir,İzmir 2. Bölge,5,Levent Ören,14
Memleket,memleket,İzmir,izmir,İzmir 2. Bölge,6,Merve Duman,14
Memleket,memleket,İzmir,izmir,İzmir 2. Bölge,7,Ömer Berk Gönençer,14
Memleket,memleket,İzmir,izmir,İzmir 2. Bölge,8,Alev Günyar,14
Memleket,memleket,İzmir,izmir,İzmir 2. Bölge,9,Burak Kurt,14
Memleket,memleket,İzmir,izmir,İzmir 2. Bölge,10,Gürsel Dinktepe,14
Memleket,memleket,İzmir,izmir,İzmir 2. Bölge,11,Mert Dikmen,14
Memleket,memleket,İzmir,izmir,İzmir 2. Bölge,12,Furkan Aslan,14
Memleket,memleket,İzmir,izmir,İzmir 2. Bölge,13,Görkem Süren,14
Memleket,memleket,İzmir,izmir,İzmir 2. Bölge,14,Taha Karaçelik,14
MHP,mhp,İzmir,izmir,İzmir 1. Bölge,1,Hasan Kalyoncu,14
MHP,mhp,İzmir,izmir,İzmir 1. Bölge,2,Bahadır Bumin Özarslan,14
MHP,mhp,İzmir,izmir,İzmir 1. Bölge,3,Cihan Aslan,14
MHP,mhp,İzmir,izmir,İzmir 1. Bölge,4,Salahattin Şahin,14
MHP,mhp,İzmir,izmir,İzmir 1. Bölge,5,Ufuk Aksoy,14
MHP,mhp,İzmir,izmir,İzmir 1. Bölge,6,Sıdıka Topal,14
MHP,mhp,İzmir,izmir,İzmir 1. Bölge,7,Salim Arduçlu,14
MHP,mhp,İzmir,izmir,İzmir 1. Bölge,8,Lokman Kızılörenli,14
MHP,mhp,İzmir,izmir,İzmir 1. Bölge,9,Nihal Baş,14
MHP,mhp,İzmir,izmir,İzmir 1. Bölge,10,Ali Durut,14
MHP,mhp,İzmir,izmir,İzmir 1. Bölge,11,Abdullah Batuhan Gürbüz,14
MHP,mhp,İzmir,izmir,İzmir 1. Bölge,12,Hülya Aykaç,14
MHP,mhp,İzmir,izmir,İzmir 1. Bölge,13,Halit Göndüz,14
MHP,mhp,İzmir,izmir,İzmir 1. Bölge,14,Kayhan Derya,14
MHP,mhp,İzmir,izmir,İzmir 2. Bölge,1,Tamer Osmanağaoğlu,14
MHP,mhp,İzmir,izmir,İzmir 2. Bölge,2,Abdulkadir Bektaş,14
MHP,mhp,İzmir,izmir,İzmir 2. Bölge,3,İsmail Obuz,14
MHP,mhp,İzmir,izmir,İzmir 2. Bölge,4,Ayşegül Ekşi,14
MHP,mhp,İzmir,izmir,İzmir 2. Bölge,5,Recep Akan,14
MHP,mhp,İzmir,izmir,İzmir 2. Bölge,6,Eyüp Erim Ergören,14
MHP,mhp,İzmir,izmir,İzmir 2. Bölge,7,Çetin Altın,14
MHP,mhp,İzmir,izmir,İzmir 2. Bölge,8,İhsan Gürkan Taşkın,14
MHP,mhp,İzmir,izmir,İzmir 2. Bölge,9,Ahmet Deha İmal,14
MHP,mhp,İzmir,izmir,İzmir 2. Bölge,10,Yiğit Fikri Atalı,14
MHP,mhp,İzmir,izmir,İzmir 2. Bölge,11,Hasan Sekin,14
MHP,mhp,İzmir,izmir,İzmir 2. Bölge,12,Erhan Elibol,14
MHP,mhp,İzmir,izmir,İzmir 2. Bölge,13,Mustafa Çintaş,14
MHP,mhp,İzmir,izmir,İzmir 2. Bölge,14,Mehmet Mert Dolğaç,14
MİLLET,millet,İzmir,izmir,İzmir 1. Bölge,1,Nejat Cebeci,14
MİLLET,millet,İzmir,izmir,İzmir 1. Bölge,2,Zeki Koçak,14
MİLLET,millet,İzmir,izmir,İzmir 1. Bölge,3,Kamil Pınar,14
MİLLET,millet,İzmir,izmir,İzmir 1. Bölge,4,Hulusi Armağan,14
MİLLET,millet,İzmir,izmir,İzmir 1. Bölge,5,Alper Çağrı Cebeci,14
MİLLET,millet,İzmir,izmir,İzmir 1. Bölge,6,Şükrü Kaya,14
MİLLET,millet,İzmir,izmir,İzmir 1. Bölge,7,Nalan Emir,14
MİLLET,millet,İzmir,izmir,İzmir 1. Bölge,8,İbrahim Karacan,14
MİLLET,millet,İzmir,izmir,İzmir 1. Bölge,9,Basri Çügen,14
MİLLET,millet,İzmir,izmir,İzmir 1. Bölge,10,Ramadan Yavuz,14
MİLLET,millet,İzmir,izmir,İzmir 1. Bölge,11,Mehmet Kara,14
MİLLET,millet,İzmir,izmir,İzmir 1. Bölge,12,Emrah Demirgöz,14
MİLLET,millet,İzmir,izmir,İzmir 1. Bölge,13,Fethiye Tuğba Erdem,14
MİLLET,millet,İzmir,izmir,İzmir 1. Bölge,14,Halime Tat,14
MİLLET,millet,İzmir,izmir,İzmir 2. Bölge,1,Rafet Kaya,14
MİLLET,millet,İzmir,izmir,İzmir 2. Bölge,2,Ergün Boyacıoğlu,14
MİLLET,millet,İzmir,izmir,İzmir 2. Bölge,3,Nuri Kaya,14
MİLLET,millet,İzmir,izmir,İzmir 2. Bölge,4,Çağrı Gökşen,14
MİLLET,millet,İzmir,izmir,İzmir 2. Bölge,5,Sefa Pişkin,14
MİLLET,millet,İzmir,izmir,İzmir 2. Bölge,6,Rana Gizem Zor,14
MİLLET,millet,İzmir,izmir,İzmir 2. Bölge,7,Yunus Emre Özgün,14
MİLLET,millet,İzmir,izmir,İzmir 2. Bölge,8,İbrahim Karaca,14
MİLLET,millet,İzmir,izmir,İzmir 2. Bölge,9,İsmail Yassıkaya,14
MİLLET,millet,İzmir,izmir,İzmir 2. Bölge,10,Tayfun Cebeci,14
MİLLET,millet,İzmir,izmir,İzmir 2. Bölge,11,Ayhan Kendir,14
MİLLET,millet,İzmir,izmir,İzmir 2. Bölge,12,Beytullah Bayat,14
MİLLET,millet,İzmir,izmir,İzmir 2. Bölge,13,Ali Urbaş,14
MİLLET,millet,İzmir,izmir,İzmir 2. Bölge,14,Recep Akşit,14
Milli Yol,milliyol,İzmir,izmir,İzmir 1. Bölge,1,Vural Turan,14
Milli Yol,milliyol,İzmir,izmir,İzmir 1. Bölge,2,Emine Güleç,14
Milli Yol,milliyol,İzmir,izmir,İzmir 1. Bölge,3,Yaşar Yusuf Süveren,14
Milli Yol,milliyol,İzmir,izmir,İzmir 1. Bölge,4,Çağlar Kara,14
Milli Yol,milliyol,İzmir,izmir,İzmir 1. Bölge,5,Mükremil Babur,14
Milli Yol,milliyol,İzmir,izmir,İzmir 1. Bölge,6,Hasan Yaman,14
Milli Yol,milliyol,İzmir,izmir,İzmir 1. Bölge,7,Serkan Tutum,14
Milli Yol,milliyol,İzmir,izmir,İzmir 1. Bölge,8,Fikret Onar,14
Milli Yol,milliyol,İzmir,izmir,İzmir 1. Bölge,9,Selami Selçuk,14
Milli Yol,milliyol,İzmir,izmir,İzmir 1. Bölge,10,Süleyman Çelik,14
Milli Yol,milliyol,İzmir,izmir,İzmir 1. Bölge,11,Aykut Burak Bulut,14
Milli Yol,milliyol,İzmir,izmir,İzmir 1. Bölge,12,Birkan Aktay,14
Milli Yol,milliyol,İzmir,izmir,İzmir 1. Bölge,13,Mehmet Can Kara,14
Milli Yol,milliyol,İzmir,izmir,İzmir 1. Bölge,14,Ceren Bağdatlı,14
Milli Yol,milliyol,İzmir,izmir,İzmir 2. Bölge,1,Fatma Yıldırım Ölmezcan,14
Milli Yol,milliyol,İzmir,izmir,İzmir 2. Bölge,2,Nurşah Turan,14
Milli Yol,milliyol,İzmir,izmir,İzmir 2. Bölge,3,Sertaş Arslan,14
Milli Yol,milliyol,İzmir,izmir,İzmir 2. Bölge,4,Zarife Uygun,14
Milli Yol,milliyol,İzmir,izmir,İzmir 2. Bölge,5,Ali Tayfun Ölmezcan,14
Milli Yol,milliyol,İzmir,izmir,İzmir 2. Bölge,6,Aylin Turan,14
Milli Yol,milliyol,İzmir,izmir,İzmir 2. Bölge,7,Doğan Çeliktel,14
Milli Yol,milliyol,İzmir,izmir,İzmir 2. Bölge,8,Faruk Aydoğmuş,14
Milli Yol,milliyol,İzmir,izmir,İzmir 2. Bölge,9,Ömer Faruk Yıldız,14
Milli Yol,milliyol,İzmir,izmir,İzmir 2. Bölge,10,Evgin Edik,14
Milli Yol,milliyol,İzmir,izmir,İzmir 2. Bölge,11,Döne Akman,14
Milli Yol,milliyol,İzmir,izmir,İzmir 2. Bölge,12,Abdullah Dağ,14
Milli Yol,milliyol,İzmir,izmir,İzmir 2. Bölge,13,Mehtap Kara,14
Milli Yol,milliyol,İzmir,izmir,İzmir 2. Bölge,14,Zehra Karakülah,14
Sol Parti,solparti,İzmir,izmir,İzmir 1. Bölge,1,Erkal Günel,14
Sol Parti,solparti,İzmir,izmir,İzmir 1. Bölge,2,Cansu Keskin,14
Sol Parti,solparti,İzmir,izmir,İzmir 1. Bölge,3,Yüksel Keleş,14
Sol Parti,solparti,İzmir,izmir,İzmir 1. Bölge,4,Zeliha Ertunç,14
Sol Parti,solparti,İzmir,izmir,İzmir 1. Bölge,5,Nazif Sümer,14
Sol Parti,solparti,İzmir,izmir,İzmir 1. Bölge,6,Beyhan Güngör,14
Sol Parti,solparti,İzmir,izmir,İzmir 1. Bölge,7,Deniz Özçelik,14
Sol Parti,solparti,İzmir,izmir,İzmir 1. Bölge,8,Hatice Bülbül,14
Sol Parti,solparti,İzmir,izmir,İzmir 1. Bölge,9,Yalçın Şardağı,14
Sol Parti,solparti,İzmir,izmir,İzmir 1. Bölge,10,Berrin Küçük,14
Sol Parti,solparti,İzmir,izmir,İzmir 1. Bölge,11,Ulaş Karabakır,14
Sol Parti,solparti,İzmir,izmir,İzmir 1. Bölge,12,Bayram Ali Aksoy,14
Sol Parti,solparti,İzmir,izmir,İzmir 1. Bölge,13,Nurettin Mamalı,14
Sol Parti,solparti,İzmir,izmir,İzmir 1. Bölge,14,Sümer Sami Gürel,14
Sol Parti,solparti,İzmir,izmir,İzmir 2. Bölge,1,Galip Güçlü,14
Sol Parti,solparti,İzmir,izmir,İzmir 2. Bölge,2,Sevim Yoleri,14
Sol Parti,solparti,İzmir,izmir,İzmir 2. Bölge,3,Ercan Çetinyılmaz,14
Sol Parti,solparti,İzmir,izmir,İzmir 2. Bölge,4,Gonca Yıldız,14
Sol Parti,solparti,İzmir,izmir,İzmir 2. Bölge,5,Ali Ekber Öztürk,14
Sol Parti,solparti,İzmir,izmir,İzmir 2. Bölge,6,Yusuf Tipi,14
Sol Parti,solparti,İzmir,izmir,İzmir 2. Bölge,7,Anıl Şık,14
Sol Parti,solparti,İzmir,izmir,İzmir 2. Bölge,8,Oktay Terzi,14
Sol Parti,solparti,İzmir,izmir,İzmir 2. Bölge,9,Halil Azamet Yazıcı,14
Sol Parti,solparti,İzmir,izmir,İzmir 2. Bölge,10,Berke Yeni,14
Sol Parti,solparti,İzmir,izmir,İzmir 2. Bölge,11,Ozan Sürer,14
Sol Parti,solparti,İzmir,izmir,İzmir 2. Bölge,12,Mehmet Deniz Yürür,14
Sol Parti,solparti,İzmir,izmir,İzmir 2. Bölge,13,Mert Can,14
Sol Parti,solparti,İzmir,izmir,İzmir 2. Bölge,14,Naci Çetin,14
TİP,tip,İzmir,izmir,İzmir 2. Bölge,1,İrfan Değirmenci,14
TİP,tip,İzmir,izmir,İzmir 2. Bölge,2,Mehmet Kani,14
TİP,tip,İzmir,izmir,İzmir 2. Bölge,3,Eser Atak,14
TİP,tip,İzmir,izmir,İzmir 2. Bölge,4,Adalet Kul,14
TİP,tip,İzmir,izmir,İzmir 2. Bölge,5,Özlem Avcı,14
TİP,tip,İzmir,izmir,İzmir 2. Bölge,6,Aydın Tepe,14
TİP,tip,İzmir,izmir,İzmir 2. Bölge,7,Aykut Yüksel,14
TİP,tip,İzmir,izmir,İzmir 2. Bölge,8,Deniz Kondil,14
TİP,tip,İzmir,izmir,İzmir 2. Bölge,9,Mevluda Sena Yazıbağlı Selanik,14
TİP,tip,İzmir,izmir,İzmir 2. Bölge,10,Ali Haydar Öztürk,14
TİP,tip,İzmir,izmir,İzmir 2. Bölge,11,Güzel Öztürk,14
TİP,tip,İzmir,izmir,İzmir 2. Bölge,12,Oya Oybir Midillili,14
TİP,tip,İzmir,izmir,İzmir 2. Bölge,13,Beyza Yaman,14
TİP,tip,İzmir,izmir,İzmir 2. Bölge,14,Melisa Aydınlı,14
TKH,tkh,İzmir,izmir,İzmir 1. Bölge,1,Hüseyin Murat Yurttaş,14
TKH,tkh,İzmir,izmir,İzmir 1. Bölge,2,Ali Demir,14
TKH,tkh,İzmir,izmir,İzmir 1. Bölge,3,Emrecan Alpargun,14
TKH,tkh,İzmir,izmir,İzmir 1. Bölge,4,Gezal Arın,14
TKH,tkh,İzmir,izmir,İzmir 1. Bölge,5,Ali Akif Ece,14
TKH,tkh,İzmir,izmir,İzmir 1. Bölge,6,Tahir Günaydın,14
TKH,tkh,İzmir,izmir,İzmir 1. Bölge,7,Tuba Pehlivan,14
TKH,tkh,İzmir,izmir,İzmir 1. Bölge,8,Sinan Karaköçek,14
TKH,tkh,İzmir,izmir,İzmir 1. Bölge,9,Baran Köstek,14
TKH,tkh,İzmir,izmir,İzmir 1. Bölge,10,Mehmet Buha Pertev Tunç,14
TKH,tkh,İzmir,izmir,İzmir 1. Bölge,11,Mücahit Mustafa Eren,14
TKH,tkh,İzmir,izmir,İzmir 1. Bölge,12,Devrim Barış Erdağı,14
TKH,tkh,İzmir,izmir,İzmir 1. Bölge,13,Gülcan Karadaş,14
TKH,tkh,İzmir,izmir,İzmir 1. Bölge,14,Hamza Aksoy,14
TKH,tkh,İzmir,izmir,İzmir 2. Bölge,1,Mercan Ünver,14
TKH,tkh,İzmir,izmir,İzmir 2. Bölge,2,Kenan Doğan,14
TKH,tkh,İzmir,izmir,İzmir 2. Bölge,3,Ahmet Dalyan,14
TKH,tkh,İzmir,izmir,İzmir 2. Bölge,4,Cem Gözüaçık,14
TKH,tkh,İzmir,izmir,İzmir 2. Bölge,5,Haydar Sütçü,14
TKH,tkh,İzmir,izmir,İzmir 2. Bölge,6,Dilara Özkurt,14
TKH,tkh,İzmir,izmir,İzmir 2. Bölge,7,Savaş Gemicioğlu,14
TKH,tkh,İzmir,izmir,İzmir 2. Bölge,8,Özer Aydoğdu,14
TKH,tkh,İzmir,izmir,İzmir 2. Bölge,9,Menşure Kaya,14
TKH,tkh,İzmir,izmir,İzmir 2. Bölge,10,Nazlı Gülçin Gedleç,14
TKH,tkh,İzmir,izmir,İzmir 2. Bölge,11,Adem Ferhan Erdem,14
TKH,tkh,İzmir,izmir,İzmir 2. Bölge,12,Mert Torun,14
TKH,tkh,İzmir,izmir,İzmir 2. Bölge,13,Ali Akanoğlu,14
TKH,tkh,İzmir,izmir,İzmir 2. Bölge,14,Selin Asya Arslan,14
TKP,tkp,İzmir,izmir,İzmir 1. Bölge,1,Kemal İbrahim Okuyan,14
TKP,tkp,İzmir,izmir,İzmir 1. Bölge,2,Gizem Batı Ayaz,14
TKP,tkp,İzmir,izmir,İzmir 1. Bölge,3,Cem Yanar,14
TKP,tkp,İzmir,izmir,İzmir 1. Bölge,4,Elif Doğan Çiftçi,14
TKP,tkp,İzmir,izmir,İzmir 1. Bölge,5,Ulaş Erdoğan,14
TKP,tkp,İzmir,izmir,İzmir 1. Bölge,6,Esen Göktoğan,14
TKP,tkp,İzmir,izmir,İzmir 1. Bölge,7,Duygu Benzer,14
TKP,tkp,İzmir,izmir,İzmir 1. Bölge,8,Hayriye Üşümezgezer,14
TKP,tkp,İzmir,izmir,İzmir 1. Bölge,9,Gülseren Atal,14
TKP,tkp,İzmir,izmir,İzmir 1. Bölge,10,Emel Rona Çetin,14
TKP,tkp,İzmir,izmir,İzmir 1. Bölge,11,Zafer Yıldırım,14
TKP,tkp,İzmir,izmir,İzmir 1. Bölge,12,Mustafa Toptaş,14
TKP,tkp,İzmir,izmir,İzmir 1. Bölge,13,Eyüp Ozan Çayhan,14
TKP,tkp,İzmir,izmir,İzmir 1. Bölge,14,Ege Kaplan,14
TKP,tkp,İzmir,izmir,İzmir 2. Bölge,1,Gülperi Putgül Köybaşı,14
TKP,tkp,İzmir,izmir,İzmir 2. Bölge,2,Ülfiye Uludağ,14
TKP,tkp,İzmir,izmir,İzmir 2. Bölge,3,Rahmi Rençber,14
TKP,tkp,İzmir,izmir,İzmir 2. Bölge,4,Atilla Işık,14
TKP,tkp,İzmir,izmir,İzmir 2. Bölge,5,Cenk Kavut,14
TKP,tkp,İzmir,izmir,İzmir 2. Bölge,6,Ersel Aldabak,14
TKP,tkp,İzmir,izmir,İzmir 2. Bölge,7,Cem Gönenç,14
TKP,tkp,İzmir,izmir,İzmir 2. Bölge,8,Onur Çeliktaş,14
TKP,tkp,İzmir,izmir,İzmir 2. Bölge,9,Nurcan Taban,14
TKP,tkp,İzmir,izmir,İzmir 2. Bölge,10,Faruk Demir,14
TKP,tkp,İzmir,izmir,İzmir 2. Bölge,11,Hatun Özen,14
TKP,tkp,İzmir,izmir,İzmir 2. Bölge,12,Metin Aygören,14
TKP,tkp,İzmir,izmir,İzmir 2. Bölge,13,Neşet Pehlivan,14
TKP,tkp,İzmir,izmir,İzmir 2. Bölge,14,Berat Doğan,14
Vatan,vatanpartisi,İzmir,izmir,İzmir 1. Bölge,1,Çağdaş Cengiz,14
Vatan,vatanpartisi,İzmir,izmir,İzmir 1. Bölge,2,Hüseyin Tugay Şen,14
Vatan,vatanpartisi,İzmir,izmir,İzmir 1. Bölge,3,İhsan Sefa,14
Vatan,vatanpartisi,İzmir,izmir,İzmir 1. Bölge,4,Tuncay Sarıhan,14
Vatan,vatanpartisi,İzmir,izmir,İzmir 1. Bölge,5,Sebahat Kılıç,14
Vatan,vatanpartisi,İzmir,izmir,İzmir 1. Bölge,6,Bülent Karagöz,14
Vatan,vatanpartisi,İzmir,izmir,İzmir 1. Bölge,7,Asil Kocaçınar,14
Vatan,vatanpartisi,İzmir,izmir,İzmir 1. Bölge,8,Elfide Nur Atalay,14
Vatan,vatanpartisi,İzmir,izmir,İzmir 1. Bölge,9,Ayşe Gül Batıgün,14
Vatan,vatanpartisi,İzmir,izmir,İzmir 1. Bölge,10,Armağan Görenel,14
Vatan,vatanpartisi,İzmir,izmir,İzmir 1. Bölge,11,Abdullah Karşılayan,14
Vatan,vatanpartisi,İzmir,izmir,İzmir 1. Bölge,12,Füsün İkikardeş,14
Vatan,vatanpartisi,İzmir,izmir,İzmir 1. Bölge,13,Ali Özgür,14
Vatan,vatanpartisi,İzmir,izmir,İzmir 1. Bölge,14,İncilay Esen,14
Vatan,vatanpartisi,İzmir,izmir,İzmir 2. Bölge,1,Nuriye Kadan,14
Vatan,vatanpartisi,İzmir,izmir,İzmir 2. Bölge,2,Serhan Bolluk,14
Vatan,vatanpartisi,İzmir,izmir,İzmir 2. Bölge,3,Meltem Ayvalı,14
Vatan,vatanpartisi,İzmir,izmir,İzmir 2. Bölge,4,Nilay Özçetin,14
Vatan,vatanpartisi,İzmir,izmir,İzmir 2. Bölge,5,Hüseyin Cem Zeren,14
Vatan,vatanpartisi,İzmir,izmir,İzmir 2. Bölge,6,Levent Özciğer,14
Vatan,vatanpartisi,İzmir,izmir,İzmir 2. Bölge,7,Samet Kunt,14
Vatan,vatanpartisi,İzmir,izmir,İzmir 2. Bölge,8,Hasan Atilla Türköz,14
Vatan,vatanpartisi,İzmir,izmir,İzmir 2. Bölge,9,Mesut Çalışkan,14
Vatan,vatanpartisi,İzmir,izmir,İzmir 2. Bölge,10,Baittin Erbey,14
Vatan,vatanpartisi,İzmir,izmir,İzmir 2. Bölge,11,Nurten Kurnaz,14
Vatan,vatanpartisi,İzmir,izmir,İzmir 2. Bölge,12,Betül Kaya,14
Vatan,vatanpartisi,İzmir,izmir,İzmir 2. Bölge,13,Mustafa Karaçay,14
Vatan,vatanpartisi,İzmir,izmir,İzmir 2. Bölge,14,Mehmet İzgi,14
Y.Refah,yenidenrefah,İzmir,izmir,İzmir 1. Bölge,1,Cemal Arıkan,14
Y.Refah,yenidenrefah,İzmir,izmir,İzmir 1. Bölge,2,Baki Murat Top,14
Y.Refah,yenidenrefah,İzmir,izmir,İzmir 1. Bölge,3,Yusuf Aydoğan,14
Y.Refah,yenidenrefah,İzmir,izmir,İzmir 1. Bölge,4,Ali Osman Kalkan,14
Y.Refah,yenidenrefah,İzmir,izmir,İzmir 1. Bölge,5,Ruziye Tan,14
Y.Refah,yenidenrefah,İzmir,izmir,İzmir 1. Bölge,6,Nurettin Yakut,14
Y.Refah,yenidenrefah,İzmir,izmir,İzmir 1. Bölge,7,Emrah Uyan,14
Y.Refah,yenidenrefah,İzmir,izmir,İzmir 1. Bölge,8,İsmail Tanas,14
Y.Refah,yenidenrefah,İzmir,izmir,İzmir 1. Bölge,9,Ramazan Duran,14
Y.Refah,yenidenrefah,İzmir,izmir,İzmir 1. Bölge,10,Yunus Toprak,14
Y.Refah,yenidenrefah,İzmir,izmir,İzmir 1. Bölge,11,Necati Kavalcı,14
Y.Refah,yenidenrefah,İzmir,izmir,İzmir 1. Bölge,12,Mert Erkez,14
Y.Refah,yenidenrefah,İzmir,izmir,İzmir 1. Bölge,13,Samet Koçlu,14
Y.Refah,yenidenrefah,İzmir,izmir,İzmir 1. Bölge,14,Abdurrahman Kaya,14
Y.Refah,yenidenrefah,İzmir,izmir,İzmir 2. Bölge,1,Abdurrahman Karaman,14
Y.Refah,yenidenrefah,İzmir,izmir,İzmir 2. Bölge,2,Hacı Mehmet Solmaz,14
Y.Refah,yenidenrefah,İzmir,izmir,İzmir 2. Bölge,3,Özbek Taşdemir,14
Y.Refah,yenidenrefah,İzmir,izmir,İzmir 2. Bölge,4,Ali Hakan Külahcıoğlu,14
Y.Refah,yenidenrefah,İzmir,izmir,İzmir 2. Bölge,5,Reşat Saymaz,14
Y.Refah,yenidenrefah,İzmir,izmir,İzmir 2. Bölge,6,Yusuf Şimşek,14
Y.Refah,yenidenrefah,İzmir,izmir,İzmir 2. Bölge,7,Murat Avcıoğlu,14
Y.Refah,yenidenrefah,İzmir,izmir,İzmir 2. Bölge,8,Nazif Tunahan Şen,14
Y.Refah,yenidenrefah,İzmir,izmir,İzmir 2. Bölge,9,Hasan Hüseyin Levent,14
Y.Refah,yenidenrefah,İzmir,izmir,İzmir 2. Bölge,10,Reşide Yavaş,14
Y.Refah,yenidenrefah,İzmir,izmir,İzmir 2. Bölge,11,Rahmi Özbak,14
Y.Refah,yenidenrefah,İzmir,izmir,İzmir 2. Bölge,12,Hakan Çenber,14
Y.Refah,yenidenrefah,İzmir,izmir,İzmir 2. Bölge,13,Hasan Göl,14
Y.Refah,yenidenrefah,İzmir,izmir,İzmir 2. Bölge,14,Muammer Sarıbaş,14
Y.Sol Parti,yesilsolparti,İzmir,izmir,İzmir 1. Bölge,1,Burcugül Çubuk,14
Y.Sol Parti,yesilsolparti,İzmir,izmir,İzmir 1. Bölge,2,Abdulmecit Yıldırım,14
Y.Sol Parti,yesilsolparti,İzmir,izmir,İzmir 1. Bölge,3,Semra Kıratlı,14
Y.Sol Parti,yesilsolparti,İzmir,izmir,İzmir 1. Bölge,4,Erhan Morkoç,14
Y.Sol Parti,yesilsolparti,İzmir,izmir,İzmir 1. Bölge,5,Mustafa Okcu,14
Y.Sol Parti,yesilsolparti,İzmir,izmir,İzmir 1. Bölge,6,Fatih Sürenkök,14
Y.Sol Parti,yesilsolparti,İzmir,izmir,İzmir 1. Bölge,7,Sebüktay Kaan,14
Y.Sol Parti,yesilsolparti,İzmir,izmir,İzmir 1. Bölge,8,Arefe Meryem Yıldırım,14
Y.Sol Parti,yesilsolparti,İzmir,izmir,İzmir 1. Bölge,9,Hurşi Ataman,14
Y.Sol Parti,yesilsolparti,İzmir,izmir,İzmir 1. Bölge,10,Mehmet Yıldırım,14
Y.Sol Parti,yesilsolparti,İzmir,izmir,İzmir 1. Bölge,11,Nevin Aytekin,14
Y.Sol Parti,yesilsolparti,İzmir,izmir,İzmir 1. Bölge,12,Kerem Ay,14
Y.Sol Parti,yesilsolparti,İzmir,izmir,İzmir 1. Bölge,13,Bülent Tekin,14
Y.Sol Parti,yesilsolparti,İzmir,izmir,İzmir 1. Bölge,14,Hediye Korkut,14
Y.Sol Parti,yesilsolparti,İzmir,izmir,İzmir 2. Bölge,1,İbrahim Akın,14
Y.Sol Parti,yesilsolparti,İzmir,izmir,İzmir 2. Bölge,2,Canan Kebenç Özkan,14
Y.Sol Parti,yesilsolparti,İzmir,izmir,İzmir 2. Bölge,3,Mevlüt Ülgen,14
Y.Sol Parti,yesilsolparti,İzmir,izmir,İzmir 2. Bölge,4,Sevgi Ersan,14
Y.Sol Parti,yesilsolparti,İzmir,izmir,İzmir 2. Bölge,5,Hasip Erkan Gökber,14
Y.Sol Parti,yesilsolparti,İzmir,izmir,İzmir 2. Bölge,6,Mehmet Ortakaya,14
Y.Sol Parti,yesilsolparti,İzmir,izmir,İzmir 2. Bölge,7,Önder Aktaş,14
Y.Sol Parti,yesilsolparti,İzmir,izmir,İzmir 2. Bölge,8,Ramazan İdin,14
Y.Sol Parti,yesilsolparti,İzmir,izmir,İzmir 2. Bölge,9,Aysel Önen Turan,14
Y.Sol Parti,yesilsolparti,İzmir,izmir,İzmir 2. Bölge,10,Önder Birol Bıyık,14
Y.Sol Parti,yesilsolparti,İzmir,izmir,İzmir 2. Bölge,11,İrfan Altan,14
Y.Sol Parti,yesilsolparti,İzmir,izmir,İzmir 2. Bölge,12,Serkan Çiftçi,14
Y.Sol Parti,yesilsolparti,İzmir,izmir,İzmir 2. Bölge,13,İsmail Doğan,14
Y.Sol Parti,yesilsolparti,İzmir,izmir,İzmir 2. Bölge,14,Erol Çırak,14
YP,yp,İzmir,izmir,İzmir 1. Bölge,1,Sinan Koyuncu,14
YP,yp,İzmir,izmir,İzmir 1. Bölge,2,Ayça Aksu,14
YP,yp,İzmir,izmir,İzmir 1. Bölge,3,Tuğhan Büyüktaş,14
YP,yp,İzmir,izmir,İzmir 1. Bölge,4,Zehra Erden,14
YP,yp,İzmir,izmir,İzmir 1. Bölge,5,Erkut Kıbrıs,14
YP,yp,İzmir,izmir,İzmir 1. Bölge,6,Mustafa Ergüner,14
YP,yp,İzmir,izmir,İzmir 1. Bölge,7,Nuriye Nohutlu,14
YP,yp,İzmir,izmir,İzmir 1. Bölge,8,Bülent Kara,14
YP,yp,İzmir,izmir,İzmir 1. Bölge,9,Mert Metin,14
YP,yp,İzmir,izmir,İzmir 1. Bölge,10,Erkan Aktaş,14
YP,yp,İzmir,izmir,İzmir 1. Bölge,11,İlhan Çakar,14
YP,yp,İzmir,izmir,İzmir 1. Bölge,12,Emre Gezginci,14
YP,yp,İzmir,izmir,İzmir 1. Bölge,13,Adem Akça,14
YP,yp,İzmir,izmir,İzmir 1. Bölge,14,Mehmet Erdinç,14
YP,yp,İzmir,izmir,İzmir 2. Bölge,1,Batuhan Bursalı,14
YP,yp,İzmir,izmir,İzmir 2. Bölge,2,Mustafa Cüneyt Erdoğan,14
YP,yp,İzmir,izmir,İzmir 2. Bölge,3,Şener Gezginci,14
YP,yp,İzmir,izmir,İzmir 2. Bölge,4,Gülseren Ergüner,14
YP,yp,İzmir,izmir,İzmir 2. Bölge,5,Yavuz Aksu,14
YP,yp,İzmir,izmir,İzmir 2. Bölge,6,Emine Bayrakdar,14
YP,yp,İzmir,izmir,İzmir 2. Bölge,7,Berk Aksu,14
YP,yp,İzmir,izmir,İzmir 2. Bölge,8,Fırtına Temel,14
YP,yp,İzmir,izmir,İzmir 2. Bölge,9,Arda Savaşcıoğulları,14
YP,yp,İzmir,izmir,İzmir 2. Bölge,10,Ercan Mutlu,14
YP,yp,İzmir,izmir,İzmir 2. Bölge,11,İskender Gümüş,14
YP,yp,İzmir,izmir,İzmir 2. Bölge,12,Metin Gözkaya,14
YP,yp,İzmir,izmir,İzmir 2. Bölge,13,Nedim Yurtseven,14
YP,yp,İzmir,izmir,İzmir 2. Bölge,14,Yusuf Arslan,14
Zafer,zaferpartisi,İzmir,izmir,İzmir 1. Bölge,1,Fikret Bayır,14
Zafer,zaferpartisi,İzmir,izmir,İzmir 1. Bölge,2,Adnan Selvi,14
Zafer,zaferpartisi,İzmir,izmir,İzmir 1. Bölge,3,Necati Anıl Sencer,14
Zafer,zaferpartisi,İzmir,izmir,İzmir 1. Bölge,4,Birce Türker,14
Zafer,zaferpartisi,İzmir,izmir,İzmir 1. Bölge,5,Hatice Kırkız,14
Zafer,zaferpartisi,İzmir,izmir,İzmir 1. Bölge,6,Kadriye Çınaroğlu,14
Zafer,zaferpartisi,İzmir,izmir,İzmir 1. Bölge,7,Batuhan Barut,14
Zafer,zaferpartisi,İzmir,izmir,İzmir 1. Bölge,8,Ceren Atay,14
Zafer,zaferpartisi,İzmir,izmir,İzmir 1. Bölge,9,Yiğitcan Ünsal,14
Zafer,zaferpartisi,İzmir,izmir,İzmir 1. Bölge,10,Osman Binici,14
Zafer,zaferpartisi,İzmir,izmir,İzmir 1. Bölge,11,Recep Kayan,14
Zafer,zaferpartisi,İzmir,izmir,İzmir 1. Bölge,12,Gürhan Gürleroğlu,14
Zafer,zaferpartisi,İzmir,izmir,İzmir 1. Bölge,13,Mümin Durmaz,14
Zafer,zaferpartisi,İzmir,izmir,İzmir 1. Bölge,14,Defne Ürkmez,14
Zafer,zaferpartisi,İzmir,izmir,İzmir 2. Bölge,1,Mehmet Kamil Ergenekon,14
Zafer,zaferpartisi,İzmir,izmir,İzmir 2. Bölge,2,Zeliha Gürel,14
Zafer,zaferpartisi,İzmir,izmir,İzmir 2. Bölge,3,Umut Özyurt,14
Zafer,zaferpartisi,İzmir,izmir,İzmir 2. Bölge,4,Durmuş Aydınlıkol,14
Zafer,zaferpartisi,İzmir,izmir,İzmir 2. Bölge,5,Halis Cenk Dolu,14
Zafer,zaferpartisi,İzmir,izmir,İzmir 2. Bölge,6,Ahmet Alper Kobal,14
Zafer,zaferpartisi,İzmir,izmir,İzmir 2. Bölge,7,Çağrı Altınışık,14
Zafer,zaferpartisi,İzmir,izmir,İzmir 2. Bölge,8,Serpil Yakan,14
Zafer,zaferpartisi,İzmir,izmir,İzmir 2. Bölge,9,Zeki Önal,14
Zafer,zaferpartisi,İzmir,izmir,İzmir 2. Bölge,10,Saadet Denizay Çakrak,14
Zafer,zaferpartisi,İzmir,izmir,İzmir 2. Bölge,11,Yağız Metin,14
Zafer,zaferpartisi,İzmir,izmir,İzmir 2. Bölge,12,Alparslan Turan,14
Zafer,zaferpartisi,İzmir,izmir,İzmir 2. Bölge,13,Özgül Güldiken,14
Zafer,zaferpartisi,İzmir,izmir,İzmir 2. Bölge,14,Turhan Güraksın,14
Adalet,ap,Kahramanmaraş,kahramanmaras,Kahramanmaraş,1,İsmail Özbay,8
Adalet,ap,Kahramanmaraş,kahramanmaras,Kahramanmaraş,2,Melike Ünlü,8
Adalet,ap,Kahramanmaraş,kahramanmaras,Kahramanmaraş,3,Erdem Okumuş,8
Adalet,ap,Kahramanmaraş,kahramanmaras,Kahramanmaraş,4,Nureddin Fidan,8
Adalet,ap,Kahramanmaraş,kahramanmaras,Kahramanmaraş,5,Ahmet Durular,8
Adalet,ap,Kahramanmaraş,kahramanmaras,Kahramanmaraş,6,Abdulkadir Eyicil,8
Adalet,ap,Kahramanmaraş,kahramanmaras,Kahramanmaraş,7,Hatice Gürbüz,8
Adalet,ap,Kahramanmaraş,kahramanmaras,Kahramanmaraş,8,Ali Bozköse,8
AK Parti,akparti,Kahramanmaraş,kahramanmaras,Kahramanmaraş,1,Vahit Kirişci,8
AK Parti,akparti,Kahramanmaraş,kahramanmaras,Kahramanmaraş,2,Ömer Oruç Bilal Debgici,8
AK Parti,akparti,Kahramanmaraş,kahramanmaras,Kahramanmaraş,3,Mevlüt Kurt,8
AK Parti,akparti,Kahramanmaraş,kahramanmaras,Kahramanmaraş,4,Tuba Köksal,8
AK Parti,akparti,Kahramanmaraş,kahramanmaras,Kahramanmaraş,5,Mehmet Şahin,8
AK Parti,akparti,Kahramanmaraş,kahramanmaras,Kahramanmaraş,6,Hasan Gezginç,8
AK Parti,akparti,Kahramanmaraş,kahramanmaras,Kahramanmaraş,7,Koray Kıraç,8
AK Parti,akparti,Kahramanmaraş,kahramanmaras,Kahramanmaraş,8,Ramazan Gürbak,8
ANAP,anap,Kahramanmaraş,kahramanmaras,Kahramanmaraş,1,Ali Bal,8
ANAP,anap,Kahramanmaraş,kahramanmaras,Kahramanmaraş,2,Alev Nur Ceritli,8
ANAP,anap,Kahramanmaraş,kahramanmaras,Kahramanmaraş,3,Özlem Gür,8
ANAP,anap,Kahramanmaraş,kahramanmaras,Kahramanmaraş,4,Ömür Arslan,8
ANAP,anap,Kahramanmaraş,kahramanmaras,Kahramanmaraş,5,Kader Boybaşı,8
ANAP,anap,Kahramanmaraş,kahramanmaras,Kahramanmaraş,6,Kenan Sil,8
ANAP,anap,Kahramanmaraş,kahramanmaras,Kahramanmaraş,7,Nuran Kenger,8
ANAP,anap,Kahramanmaraş,kahramanmaras,Kahramanmaraş,8,İlker Köstekli,8
Bağımsız,bagimsiz,Kahramanmaraş,kahramanmaras,Kahramanmaraş,1,Hüseyin Arslantürk,8
Bağımsız,bagimsiz,Kahramanmaraş,kahramanmaras,Kahramanmaraş,2,Mehmet Sabancı,8
Bağımsız,bagimsiz,Kahramanmaraş,kahramanmaras,Kahramanmaraş,3,Turan Orak,8
Bağımsız,bagimsiz,Kahramanmaraş,kahramanmaras,Kahramanmaraş,4,Yusuf Güler,8
BBP,bbp,Kahramanmaraş,kahramanmaras,Kahramanmaraş,1,Bülent İspir,8
BBP,bbp,Kahramanmaraş,kahramanmaras,Kahramanmaraş,2,Nedat Türk,8
BBP,bbp,Kahramanmaraş,kahramanmaras,Kahramanmaraş,3,Oğuzhan Koca,8
BBP,bbp,Kahramanmaraş,kahramanmaras,Kahramanmaraş,4,Songül Zülkadiroğlu,8
BBP,bbp,Kahramanmaraş,kahramanmaras,Kahramanmaraş,5,Nevzat Ulutürk,8
BBP,bbp,Kahramanmaraş,kahramanmaras,Kahramanmaraş,6,Ahmet Hakan Kaya,8
BBP,bbp,Kahramanmaraş,kahramanmaras,Kahramanmaraş,7,Ahmet Arslan,8
BBP,bbp,Kahramanmaraş,kahramanmaras,Kahramanmaraş,8,Hayrullah Can,8
CHP,chp,Kahramanmaraş,kahramanmaras,Kahramanmaraş,1,Ali Öztunç,8
CHP,chp,Kahramanmaraş,kahramanmaras,Kahramanmaraş,2,İrfan Karatutlu,8
CHP,chp,Kahramanmaraş,kahramanmaras,Kahramanmaraş,3,Mehmet Bağlar,8
CHP,chp,Kahramanmaraş,kahramanmaras,Kahramanmaraş,4,Ejder Kaygusuz,8
CHP,chp,Kahramanmaraş,kahramanmaras,Kahramanmaraş,5,Naile İşlek,8
CHP,chp,Kahramanmaraş,kahramanmaras,Kahramanmaraş,6,Tufan Yanar,8
CHP,chp,Kahramanmaraş,kahramanmaras,Kahramanmaraş,7,Aziz Cem Güner,8
CHP,chp,Kahramanmaraş,kahramanmaras,Kahramanmaraş,8,Çağatay Atasay,8
GBP,gbp,Kahramanmaraş,kahramanmaras,Kahramanmaraş,1,Mis Kelebek Kılıçaslan,8
GBP,gbp,Kahramanmaraş,kahramanmaras,Kahramanmaraş,2,Murat Özçil,8
GBP,gbp,Kahramanmaraş,kahramanmaras,Kahramanmaraş,3,Harun Öğün,8
GBP,gbp,Kahramanmaraş,kahramanmaras,Kahramanmaraş,4,Ömer Acar,8
GBP,gbp,Kahramanmaraş,kahramanmaras,Kahramanmaraş,5,Mehmet Sincer,8
GBP,gbp,Kahramanmaraş,kahramanmaras,Kahramanmaraş,6,Halil Türkmen,8
GBP,gbp,Kahramanmaraş,kahramanmaras,Kahramanmaraş,7,Mevlüt Türkmen,8
GBP,gbp,Kahramanmaraş,kahramanmaras,Kahramanmaraş,8,Hasan Kayğusuz,8
Genç Parti,gencparti,Kahramanmaraş,kahramanmaras,Kahramanmaraş,1,Aytekin Selanikli,8
Genç Parti,gencparti,Kahramanmaraş,kahramanmaras,Kahramanmaraş,2,Mihriban Dönmez,8
Genç Parti,gencparti,Kahramanmaraş,kahramanmaras,Kahramanmaraş,3,Çağlar Karakız,8
Genç Parti,gencparti,Kahramanmaraş,kahramanmaras,Kahramanmaraş,4,Muhammet Çağrı Korkmaz,8
Genç Parti,gencparti,Kahramanmaraş,kahramanmaras,Kahramanmaraş,5,Mustafa Kalaycı,8
Genç Parti,gencparti,Kahramanmaraş,kahramanmaras,Kahramanmaraş,6,Gökhan Gezinmez,8
Genç Parti,gencparti,Kahramanmaraş,kahramanmaras,Kahramanmaraş,7,Levent Hacıümmetoğlu,8
Genç Parti,gencparti,Kahramanmaraş,kahramanmaras,Kahramanmaraş,8,Esra Habibe Selanikli,8
HAK-PAR,hakpar,Kahramanmaraş,kahramanmaras,Kahramanmaraş,1,Ali Kaya,8
HAK-PAR,hakpar,Kahramanmaraş,kahramanmaras,Kahramanmaraş,2,Ramazan Duruk,8
HAK-PAR,hakpar,Kahramanmaraş,kahramanmaras,Kahramanmaraş,3,Murat Aşır,8
HAK-PAR,hakpar,Kahramanmaraş,kahramanmaras,Kahramanmaraş,4,Fatih Yıldız,8
HAK-PAR,hakpar,Kahramanmaraş,kahramanmaras,Kahramanmaraş,5,Yılmaz Hacıosmanoğlu,8
HAK-PAR,hakpar,Kahramanmaraş,kahramanmaras,Kahramanmaraş,6,Reşit Ronay Kurtay,8
HAK-PAR,hakpar,Kahramanmaraş,kahramanmaras,Kahramanmaraş,7,Mehmet Baha Bozkur,8
HAK-PAR,hakpar,Kahramanmaraş,kahramanmaras,Kahramanmaraş,8,Özcan Zengin,8
HKP,hkp,Kahramanmaraş,kahramanmaras,Kahramanmaraş,1,Doğan Zafer Çıngı,8
HKP,hkp,Kahramanmaraş,kahramanmaras,Kahramanmaraş,2,Nilgün Maşa,8
HKP,hkp,Kahramanmaraş,kahramanmaras,Kahramanmaraş,3,Kadir Avcu,8
HKP,hkp,Kahramanmaraş,kahramanmaras,Kahramanmaraş,4,Dilaver Oruncak,8
HKP,hkp,Kahramanmaraş,kahramanmaras,Kahramanmaraş,5,Helin Kaya,8
HKP,hkp,Kahramanmaraş,kahramanmaras,Kahramanmaraş,6,Mehmet Adıyaman,8
HKP,hkp,Kahramanmaraş,kahramanmaras,Kahramanmaraş,7,Mehmet Uğur,8
HKP,hkp,Kahramanmaraş,kahramanmaras,Kahramanmaraş,8,Şahin Özdemir,8
İyi Parti,iyiparti,Kahramanmaraş,kahramanmaras,Kahramanmaraş,1,Ahmet Çabukel,8
İyi Parti,iyiparti,Kahramanmaraş,kahramanmaras,Kahramanmaraş,2,Neslihan Koca Nergiz,8
İyi Parti,iyiparti,Kahramanmaraş,kahramanmaras,Kahramanmaraş,3,Ziya Dumlupınar,8
İyi Parti,iyiparti,Kahramanmaraş,kahramanmaras,Kahramanmaraş,4,Burak Sert,8
İyi Parti,iyiparti,Kahramanmaraş,kahramanmaras,Kahramanmaraş,5,Şeyma Aytemiz Arslantürk,8
İyi Parti,iyiparti,Kahramanmaraş,kahramanmaras,Kahramanmaraş,6,İrfan Mert Yıkan,8
İyi Parti,iyiparti,Kahramanmaraş,kahramanmaras,Kahramanmaraş,7,Emine Leblebici,8
İyi Parti,iyiparti,Kahramanmaraş,kahramanmaras,Kahramanmaraş,8,Serdal Kurtoğlu,8
Memleket,memleket,Kahramanmaraş,kahramanmaras,Kahramanmaraş,1,Hilmi Emre Kazancı,8
Memleket,memleket,Kahramanmaraş,kahramanmaras,Kahramanmaraş,2,Halil İbrahim Kuruçay,8
Memleket,memleket,Kahramanmaraş,kahramanmaras,Kahramanmaraş,3,Ömer Canpolat,8
Memleket,memleket,Kahramanmaraş,kahramanmaras,Kahramanmaraş,4,Durmuş Karakaş,8
Memleket,memleket,Kahramanmaraş,kahramanmaras,Kahramanmaraş,5,Hamza Erpaylaştıran,8
Memleket,memleket,Kahramanmaraş,kahramanmaras,Kahramanmaraş,6,Erdal Çiftci,8
Memleket,memleket,Kahramanmaraş,kahramanmaras,Kahramanmaraş,7,Oğuzhan Keklik,8
Memleket,memleket,Kahramanmaraş,kahramanmaras,Kahramanmaraş,8,Feriha Cansu Aksoy Kayacık,8
MHP,mhp,Kahramanmaraş,kahramanmaras,Kahramanmaraş,1,Zuhal Karakoç Dora,8
MHP,mhp,Kahramanmaraş,kahramanmaras,Kahramanmaraş,2,Turan Şahin,8
MHP,mhp,Kahramanmaraş,kahramanmaras,Kahramanmaraş,3,Ertuğrul Doğan,8
MHP,mhp,Kahramanmaraş,kahramanmaras,Kahramanmaraş,4,Ömer Özkan,8
MHP,mhp,Kahramanmaraş,kahramanmaras,Kahramanmaraş,5,Aziz Kömürcü,8
MHP,mhp,Kahramanmaraş,kahramanmaras,Kahramanmaraş,6,Hüseyin Çiçek,8
MHP,mhp,Kahramanmaraş,kahramanmaras,Kahramanmaraş,7,Sermet Yıldız,8
MHP,mhp,Kahramanmaraş,kahramanmaras,Kahramanmaraş,8,Mesut Çakar,8
MİLLET,millet,Kahramanmaraş,kahramanmaras,Kahramanmaraş,1,Mehmet Karakaya,8
MİLLET,millet,Kahramanmaraş,kahramanmaras,Kahramanmaraş,2,İbrahim Atilla Emrullah,8
MİLLET,millet,Kahramanmaraş,kahramanmaras,Kahramanmaraş,3,Fatma Çakıroğlu,8
MİLLET,millet,Kahramanmaraş,kahramanmaras,Kahramanmaraş,4,Ramazan Kara,8
MİLLET,millet,Kahramanmaraş,kahramanmaras,Kahramanmaraş,5,Duygu Bardak Dertli,8
MİLLET,millet,Kahramanmaraş,kahramanmaras,Kahramanmaraş,6,Muhammet Ali Gök,8
MİLLET,millet,Kahramanmaraş,kahramanmaras,Kahramanmaraş,7,Ülger İncearık,8
MİLLET,millet,Kahramanmaraş,kahramanmaras,Kahramanmaraş,8,Belkıs Çetiner,8
Milli Yol,milliyol,Kahramanmaraş,kahramanmaras,Kahramanmaraş,1,Hayrettin Arslanhan,8
Milli Yol,milliyol,Kahramanmaraş,kahramanmaras,Kahramanmaraş,2,Ecevit Kavak,8
Milli Yol,milliyol,Kahramanmaraş,kahramanmaras,Kahramanmaraş,3,Ramazan Dağcı,8
Milli Yol,milliyol,Kahramanmaraş,kahramanmaras,Kahramanmaraş,4,Fatma Sönmez,8
Milli Yol,milliyol,Kahramanmaraş,kahramanmaras,Kahramanmaraş,5,Nevzat Aksu,8
Milli Yol,milliyol,Kahramanmaraş,kahramanmaras,Kahramanmaraş,6,İsmail Ağır,8
Milli Yol,milliyol,Kahramanmaraş,kahramanmaras,Kahramanmaraş,7,Yılmaz Yeşilağaç,8
Milli Yol,milliyol,Kahramanmaraş,kahramanmaras,Kahramanmaraş,8,Ayhan Özdemir,8
Sol Parti,solparti,Kahramanmaraş,kahramanmaras,Kahramanmaraş,1,Feyzi Özdemir,8
Sol Parti,solparti,Kahramanmaraş,kahramanmaras,Kahramanmaraş,2,Sevim Emre,8
Sol Parti,solparti,Kahramanmaraş,kahramanmaras,Kahramanmaraş,3,Cengiz Göltaş,8
Sol Parti,solparti,Kahramanmaraş,kahramanmaras,Kahramanmaraş,4,Yağmur Çavuş,8
Sol Parti,solparti,Kahramanmaraş,kahramanmaras,Kahramanmaraş,5,Yücel Bazo,8
Sol Parti,solparti,Kahramanmaraş,kahramanmaras,Kahramanmaraş,6,Gökalp Mengü,8
Sol Parti,solparti,Kahramanmaraş,kahramanmaras,Kahramanmaraş,7,Ömer Gökmen,8
Sol Parti,solparti,Kahramanmaraş,kahramanmaras,Kahramanmaraş,8,Sezai Korkmaz,8
TKH,tkh,Kahramanmaraş,kahramanmaras,Kahramanmaraş,1,Aslıhan Umar,8
TKH,tkh,Kahramanmaraş,kahramanmaras,Kahramanmaraş,2,Şevin Şenol,8
TKH,tkh,Kahramanmaraş,kahramanmaras,Kahramanmaraş,3,Turgut Berber,8
TKH,tkh,Kahramanmaraş,kahramanmaras,Kahramanmaraş,4,Yaşar Dertli,8
TKH,tkh,Kahramanmaraş,kahramanmaras,Kahramanmaraş,5,Umut Can Atmaca,8
TKH,tkh,Kahramanmaraş,kahramanmaras,Kahramanmaraş,6,Volkan Gültekin,8
TKH,tkh,Kahramanmaraş,kahramanmaras,Kahramanmaraş,7,Mehmet Halisdemir,8
TKH,tkh,Kahramanmaraş,kahramanmaras,Kahramanmaraş,8,Yiğit Niyazi Temiroğlu,8
TKP,tkp,Kahramanmaraş,kahramanmaras,Kahramanmaraş,1,Ahmet Balık,8
TKP,tkp,Kahramanmaraş,kahramanmaras,Kahramanmaraş,2,Ali Mert Canel,8
TKP,tkp,Kahramanmaraş,kahramanmaras,Kahramanmaraş,3,Veysel Solak,8
TKP,tkp,Kahramanmaraş,kahramanmaras,Kahramanmaraş,4,Evren Canlı,8
TKP,tkp,Kahramanmaraş,kahramanmaras,Kahramanmaraş,5,İlyas Derman Boztok,8
TKP,tkp,Kahramanmaraş,kahramanmaras,Kahramanmaraş,6,Mümtaz Aktaş,8
TKP,tkp,Kahramanmaraş,kahramanmaras,Kahramanmaraş,7,Şenay Mermi,8
TKP,tkp,Kahramanmaraş,kahramanmaras,Kahramanmaraş,8,Özgür Çıkın,8
Vatan,vatanpartisi,Kahramanmaraş,kahramanmaras,Kahramanmaraş,1,Osman Yılmaz,8
Vatan,vatanpartisi,Kahramanmaraş,kahramanmaras,Kahramanmaraş,2,Mehmet Gürbostan,8
Vatan,vatanpartisi,Kahramanmaraş,kahramanmaras,Kahramanmaraş,3,Ekrem Yurdusev,8
Vatan,vatanpartisi,Kahramanmaraş,kahramanmaras,Kahramanmaraş,4,Fatma Yaraşır,8
Vatan,vatanpartisi,Kahramanmaraş,kahramanmaras,Kahramanmaraş,5,Mustafa Osman Sarıtaş,8
Vatan,vatanpartisi,Kahramanmaraş,kahramanmaras,Kahramanmaraş,6,Yunus Emre Özgün,8
Vatan,vatanpartisi,Kahramanmaraş,kahramanmaras,Kahramanmaraş,7,Hüseyin Marangoz,8
Vatan,vatanpartisi,Kahramanmaraş,kahramanmaras,Kahramanmaraş,8,Ahmet Kurt,8
Y.Refah,yenidenrefah,Kahramanmaraş,kahramanmaras,Kahramanmaraş,1,Muhammed Aydoğar,8
Y.Refah,yenidenrefah,Kahramanmaraş,kahramanmaras,Kahramanmaraş,2,Mehmet Dere,8
Y.Refah,yenidenrefah,Kahramanmaraş,kahramanmaras,Kahramanmaraş,3,Levent Parlak,8
Y.Refah,yenidenrefah,Kahramanmaraş,kahramanmaras,Kahramanmaraş,4,Mahmut Sulayıcı,8
Y.Refah,yenidenrefah,Kahramanmaraş,kahramanmaras,Kahramanmaraş,5,Ekrem Bekereci,8
Y.Refah,yenidenrefah,Kahramanmaraş,kahramanmaras,Kahramanmaraş,6,Merve Kırmacı Kutlu,8
Y.Refah,yenidenrefah,Kahramanmaraş,kahramanmaras,Kahramanmaraş,7,Hakan Zıba,8
Y.Refah,yenidenrefah,Kahramanmaraş,kahramanmaras,Kahramanmaraş,8,Mikdat Kuzhan,8
Y.Sol Parti,yesilsolparti,Kahramanmaraş,kahramanmaras,Kahramanmaraş,1,Hüseyin Eroğlu,8
Y.Sol Parti,yesilsolparti,Kahramanmaraş,kahramanmaras,Kahramanmaraş,2,Ayşegül Demiroğlu,8
Y.Sol Parti,yesilsolparti,Kahramanmaraş,kahramanmaras,Kahramanmaraş,3,Abdulhakim Gülmez,8
Y.Sol Parti,yesilsolparti,Kahramanmaraş,kahramanmaras,Kahramanmaraş,4,Nurten Gülmez,8
Y.Sol Parti,yesilsolparti,Kahramanmaraş,kahramanmaras,Kahramanmaraş,5,Bahir Horuz,8
Y.Sol Parti,yesilsolparti,Kahramanmaraş,kahramanmaras,Kahramanmaraş,6,Ali İper,8
Y.Sol Parti,yesilsolparti,Kahramanmaraş,kahramanmaras,Kahramanmaraş,7,Ali Ardıç,8
Y.Sol Parti,yesilsolparti,Kahramanmaraş,kahramanmaras,Kahramanmaraş,8,Yunus Yıldız,8
YP,yp,Kahramanmaraş,kahramanmaras,Kahramanmaraş,1,Bekir Bayram Çubukkesen,8
YP,yp,Kahramanmaraş,kahramanmaras,Kahramanmaraş,2,Alihan Özdoğan,8
YP,yp,Kahramanmaraş,kahramanmaras,Kahramanmaraş,3,Ahmet Cengiz Yazar,8
YP,yp,Kahramanmaraş,kahramanmaras,Kahramanmaraş,4,Yusuf Zenit,8
YP,yp,Kahramanmaraş,kahramanmaras,Kahramanmaraş,5,Fazlı Akdemir,8
YP,yp,Kahramanmaraş,kahramanmaras,Kahramanmaraş,6,Hüsnü Balbaba,8
YP,yp,Kahramanmaraş,kahramanmaras,Kahramanmaraş,7,Şiyar Altın,8
YP,yp,Kahramanmaraş,kahramanmaras,Kahramanmaraş,8,Ömer Posut,8
Zafer,zaferpartisi,Kahramanmaraş,kahramanmaras,Kahramanmaraş,1,Alparslan Kenger,8
Zafer,zaferpartisi,Kahramanmaraş,kahramanmaras,Kahramanmaraş,2,Ufuk Doğan,8
Zafer,zaferpartisi,Kahramanmaraş,kahramanmaras,Kahramanmaraş,3,Osman Doğan Bastırmacı,8
Zafer,zaferpartisi,Kahramanmaraş,kahramanmaras,Kahramanmaraş,4,Kamber Harmankaya,8
Zafer,zaferpartisi,Kahramanmaraş,kahramanmaras,Kahramanmaraş,5,Merve Suyadal,8
Zafer,zaferpartisi,Kahramanmaraş,kahramanmaras,Kahramanmaraş,6,Hüseyin Çolak,8
Zafer,zaferpartisi,Kahramanmaraş,kahramanmaras,Kahramanmaraş,7,Yunus Emre Kurt,8
Zafer,zaferpartisi,Kahramanmaraş,kahramanmaras,Kahramanmaraş,8,Yüksel Bağcıoğlu,8
AB,ab,Karabük,karabuk,Karabük,1,Ekrem Karaaslan,3
AB,ab,Karabük,karabuk,Karabük,2,Berrin Günaydın,3
AB,ab,Karabük,karabuk,Karabük,3,Yüksel Günaydın,3
Adalet,ap,Karabük,karabuk,Karabük,1,Muhammet Almatepe,3
Adalet,ap,Karabük,karabuk,Karabük,2,Yunus Ülkem,3
Adalet,ap,Karabük,karabuk,Karabük,3,Muhammet Uyanık,3
AK Parti,akparti,Karabük,karabuk,Karabük,1,Cem Şahin,3
AK Parti,akparti,Karabük,karabuk,Karabük,2,Durmuş Ali Keskinkılıç,3
AK Parti,akparti,Karabük,karabuk,Karabük,3,Hüseyin Gündoğdu,3
ANAP,anap,Karabük,karabuk,Karabük,1,Aykut Kasap,3
ANAP,anap,Karabük,karabuk,Karabük,2,Sevilay Çağlayan,3
ANAP,anap,Karabük,karabuk,Karabük,3,Dilek Yıldırım,3
BBP,bbp,Karabük,karabuk,Karabük,1,Halil Yıldırım,3
BBP,bbp,Karabük,karabuk,Karabük,2,Fatih Keleş,3
BBP,bbp,Karabük,karabuk,Karabük,3,Alparslan Güngör Üsküp,3
CHP,chp,Karabük,karabuk,Karabük,1,Cevdet Akay,3
CHP,chp,Karabük,karabuk,Karabük,2,Abdullah Çakır,3
CHP,chp,Karabük,karabuk,Karabük,3,Bayram Karadağ,3
GBP,gbp,Karabük,karabuk,Karabük,1,Ramazan Turan,3
GBP,gbp,Karabük,karabuk,Karabük,2,Süleyman Tunçer,3
GBP,gbp,Karabük,karabuk,Karabük,3,Gül Asya Yıldırım,3
Genç Parti,gencparti,Karabük,karabuk,Karabük,1,Resul Ulupınar,3
Genç Parti,gencparti,Karabük,karabuk,Karabük,2,Muhammet Çakır,3
Genç Parti,gencparti,Karabük,karabuk,Karabük,3,Nesrin Koymat,3
HAK-PAR,hakpar,Karabük,karabuk,Karabük,1,Şakire Sterk,3
HAK-PAR,hakpar,Karabük,karabuk,Karabük,2,Doğan Güler,3
HAK-PAR,hakpar,Karabük,karabuk,Karabük,3,Muhammet Dağlı,3
HKP,hkp,Karabük,karabuk,Karabük,1,Fadime Özer,3
HKP,hkp,Karabük,karabuk,Karabük,2,İzzet Kardaş,3
HKP,hkp,Karabük,karabuk,Karabük,3,Ramazan Bağcı,3
İyi Parti,iyiparti,Karabük,karabuk,Karabük,1,Kübra Dursun,3
İyi Parti,iyiparti,Karabük,karabuk,Karabük,2,Ozan Canyurt,3
İyi Parti,iyiparti,Karabük,karabuk,Karabük,3,Gökçe Özdemir,3
Memleket,memleket,Karabük,karabuk,Karabük,1,Muharrem Uğur Ünsal,3
Memleket,memleket,Karabük,karabuk,Karabük,2,Özlem Ünal,3
Memleket,memleket,Karabük,karabuk,Karabük,3,Barış Aydemir,3
MHP,mhp,Karabük,karabuk,Karabük,1,Ahmet Dönmez,3
MHP,mhp,Karabük,karabuk,Karabük,2,Murat Orhan,3
MHP,mhp,Karabük,karabuk,Karabük,3,Dilek Ünver,3
MİLLET,millet,Karabük,karabuk,Karabük,1,Ramazan Güler,3
MİLLET,millet,Karabük,karabuk,Karabük,2,Cevriye Göktekin,3
MİLLET,millet,Karabük,karabuk,Karabük,3,Emine Erdem,3
Milli Yol,milliyol,Karabük,karabuk,Karabük,1,Uğur Aydın,3
Milli Yol,milliyol,Karabük,karabuk,Karabük,2,Melek Tuncer,3
Milli Yol,milliyol,Karabük,karabuk,Karabük,3,Anıl Turan Savaş,3
Sol Parti,solparti,Karabük,karabuk,Karabük,1,Ahmet Çetin,3
Sol Parti,solparti,Karabük,karabuk,Karabük,2,Ayşegül Sarı Terzi,3
Sol Parti,solparti,Karabük,karabuk,Karabük,3,Burhan Kelez,3
TİP,tip,Karabük,karabuk,Karabük,1,Günuz Fulya Uz,3
TİP,tip,Karabük,karabuk,Karabük,2,Arzu Genlik,3
TİP,tip,Karabük,karabuk,Karabük,3,Özüm Hancı,3
TKH,tkh,Karabük,karabuk,Karabük,1,Selin Aksoy Duru,3
TKH,tkh,Karabük,karabuk,Karabük,2,Erdinç Eker,3
TKH,tkh,Karabük,karabuk,Karabük,3,Şevval Daşdemir,3
TKP,tkp,Karabük,karabuk,Karabük,1,Cem Taylan Erden,3
TKP,tkp,Karabük,karabuk,Karabük,2,Mehmet Özbağcı,3
TKP,tkp,Karabük,karabuk,Karabük,3,Aysel Aydoğdu Gündüz,3
Vatan,vatanpartisi,Karabük,karabuk,Karabük,1,Mehmet Pençek,3
Vatan,vatanpartisi,Karabük,karabuk,Karabük,2,Kaan Arslan,3
Vatan,vatanpartisi,Karabük,karabuk,Karabük,3,Seher Yeşildağ,3
Y.Refah,yenidenrefah,Karabük,karabuk,Karabük,1,İsmail Özer,3
Y.Refah,yenidenrefah,Karabük,karabuk,Karabük,2,Mevlüt Başdemir,3
Y.Refah,yenidenrefah,Karabük,karabuk,Karabük,3,Nesrin Adakoğlu,3
Y.Sol Parti,yesilsolparti,Karabük,karabuk,Karabük,1,İbrahim Eker,3
Y.Sol Parti,yesilsolparti,Karabük,karabuk,Karabük,2,Ezgi Çadırcı,3
Y.Sol Parti,yesilsolparti,Karabük,karabuk,Karabük,3,Efkan Daşkaya,3
YP,yp,Karabük,karabuk,Karabük,1,Berk Can Kuzu,3
YP,yp,Karabük,karabuk,Karabük,2,Kübra Kuşhan,3
YP,yp,Karabük,karabuk,Karabük,3,Sabri Malkoç,3
Zafer,zaferpartisi,Karabük,karabuk,Karabük,1,İlhan Alpboğa,3
Zafer,zaferpartisi,Karabük,karabuk,Karabük,2,Yasemin Odabaşı,3
Zafer,zaferpartisi,Karabük,karabuk,Karabük,3,Furkan Sarıoğlu,3
AB,ab,Karaman,karaman,Karaman,1,Ramazan Coşkun,3
AB,ab,Karaman,karaman,Karaman,2,Cihan Bozkurt,3
AB,ab,Karaman,karaman,Karaman,3,Özgür Nikbay,3
Adalet,ap,Karaman,karaman,Karaman,1,Samet Güner,3
Adalet,ap,Karaman,karaman,Karaman,2,Halime Şengezer,3
Adalet,ap,Karaman,karaman,Karaman,3,Zülkif Yontürk,3
AK Parti,akparti,Karaman,karaman,Karaman,1,Selman Oğuzhan Eser,3
AK Parti,akparti,Karaman,karaman,Karaman,2,Osman Sağlam,3
AK Parti,akparti,Karaman,karaman,Karaman,3,Fatma Çoştu,3
ANAP,anap,Karaman,karaman,Karaman,1,Ergin Salih Aksoy,3
ANAP,anap,Karaman,karaman,Karaman,2,Yasin Karalı,3
ANAP,anap,Karaman,karaman,Karaman,3,Engin Sertdemir,3
Bağımsız,bagimsiz,Karaman,karaman,Karaman,1,Mustafa Köpüklü,3
BBP,bbp,Karaman,karaman,Karaman,1,Mesut Soyfidan,3
BBP,bbp,Karaman,karaman,Karaman,2,Ramazan Yeşil,3
BBP,bbp,Karaman,karaman,Karaman,3,Avni Yağcı,3
CHP,chp,Karaman,karaman,Karaman,1,İsmail Atakan Ünver,3
CHP,chp,Karaman,karaman,Karaman,2,Yusuf Baştuğ,3
CHP,chp,Karaman,karaman,Karaman,3,Hasan Ehliz,3
GBP,gbp,Karaman,karaman,Karaman,1,Neslihan Kaplan,3
GBP,gbp,Karaman,karaman,Karaman,2,Enes Kerem Şerefoğlu,3
GBP,gbp,Karaman,karaman,Karaman,3,Alpay Şahin,3
Genç Parti,gencparti,Karaman,karaman,Karaman,1,Dilek Şimşek,3
Genç Parti,gencparti,Karaman,karaman,Karaman,2,Mustafa Özcan,3
Genç Parti,gencparti,Karaman,karaman,Karaman,3,Furkan Demiroğlu,3
HAK-PAR,hakpar,Karaman,karaman,Karaman,1,Yaprak Erdem,3
HAK-PAR,hakpar,Karaman,karaman,Karaman,2,Bekir Baydıllı,3
HAK-PAR,hakpar,Karaman,karaman,Karaman,3,Ömer Çalışkan,3
HKP,hkp,Karaman,karaman,Karaman,1,Ebru Keçeci,3
HKP,hkp,Karaman,karaman,Karaman,2,Nebi Akıncı,3
HKP,hkp,Karaman,karaman,Karaman,3,Hacı Uyar,3
İyi Parti,iyiparti,Karaman,karaman,Karaman,1,Atila Zorlu,3
İyi Parti,iyiparti,Karaman,karaman,Karaman,2,Zihni Kocaerkek,3
İyi Parti,iyiparti,Karaman,karaman,Karaman,3,Fadime Harmanizi,3
Memleket,memleket,Karaman,karaman,Karaman,1,Necati Şenok,3
Memleket,memleket,Karaman,karaman,Karaman,2,Eren Yiğitoğlu,3
Memleket,memleket,Karaman,karaman,Karaman,3,Adem Tancı,3
MHP,mhp,Karaman,karaman,Karaman,1,Mahmut Ünüvar,3
MHP,mhp,Karaman,karaman,Karaman,2,Turan Şener,3
MHP,mhp,Karaman,karaman,Karaman,3,Soydan Evci,3
MİLLET,millet,Karaman,karaman,Karaman,1,Salih Mısral,3
MİLLET,millet,Karaman,karaman,Karaman,2,Mustafa Sayar,3
MİLLET,millet,Karaman,karaman,Karaman,3,Emine Şahin,3
Sol Parti,solparti,Karaman,karaman,Karaman,1,Metin Bakıcı,3
Sol Parti,solparti,Karaman,karaman,Karaman,2,Durmuş Ali Öztürk,3
Sol Parti,solparti,Karaman,karaman,Karaman,3,Ayşe Nilgün Aydın,3
TİP,tip,Karaman,karaman,Karaman,1,Ezgi Gülşen,3
TİP,tip,Karaman,karaman,Karaman,2,Kenan Yılmaz,3
TİP,tip,Karaman,karaman,Karaman,3,Oğuz Yaşargil,3
TKH,tkh,Karaman,karaman,Karaman,1,Semih Güldalı,3
TKH,tkh,Karaman,karaman,Karaman,2,Uğur Tan,3
TKH,tkh,Karaman,karaman,Karaman,3,Ercan Yavanoğlu,3
TKP,tkp,Karaman,karaman,Karaman,1,İbrahim Küçük,3
TKP,tkp,Karaman,karaman,Karaman,2,Uğur Yazıcı,3
TKP,tkp,Karaman,karaman,Karaman,3,İsmet Demirbaş,3
Vatan,vatanpartisi,Karaman,karaman,Karaman,1,Hasan Özaslan,3
Vatan,vatanpartisi,Karaman,karaman,Karaman,2,Cihat Melih Etli,3
Vatan,vatanpartisi,Karaman,karaman,Karaman,3,Nejla Muratoğlu,3
Y.Refah,yenidenrefah,Karaman,karaman,Karaman,1,Ahmet Taşkıran,3
Y.Refah,yenidenrefah,Karaman,karaman,Karaman,2,Nevzat Akdağ,3
Y.Refah,yenidenrefah,Karaman,karaman,Karaman,3,Gökhan Özyer,3
Y.Sol Parti,yesilsolparti,Karaman,karaman,Karaman,1,Yıldız Kılınç,3
Y.Sol Parti,yesilsolparti,Karaman,karaman,Karaman,2,Kayhan Yüksel,3
Y.Sol Parti,yesilsolparti,Karaman,karaman,Karaman,3,Elif Kıvırcık,3
YP,yp,Karaman,karaman,Karaman,1,Ural Demir,3
YP,yp,Karaman,karaman,Karaman,2,Nazife Sarıhan,3
YP,yp,Karaman,karaman,Karaman,3,Döndü Yıldız,3
Zafer,zaferpartisi,Karaman,karaman,Karaman,1,Süleyman Civcik,3
Zafer,zaferpartisi,Karaman,karaman,Karaman,2,Metin İçel,3
Zafer,zaferpartisi,Karaman,karaman,Karaman,3,Saniye Öz,3
AB,ab,Kars,kars,Kars,1,Hakan Yüksel,3
AB,ab,Kars,kars,Kars,2,Gökhan Memiş,3
AB,ab,Kars,kars,Kars,3,Bedirhan Yiğit,3
Adalet,ap,Kars,kars,Kars,1,Ebrül Mutlu,3
Adalet,ap,Kars,kars,Kars,2,Mehtap İşin Bilgin,3
Adalet,ap,Kars,kars,Kars,3,Levent Laçın,3
AK Parti,akparti,Kars,kars,Kars,1,Adem Çalkın,3
AK Parti,akparti,Kars,kars,Kars,2,Yunus Kılıç,3
AK Parti,akparti,Kars,kars,Kars,3,Serkant Aykul,3
BBP,bbp,Kars,kars,Kars,1,Muhamet Karahal,3
BBP,bbp,Kars,kars,Kars,2,Gültekin Bulut,3
BBP,bbp,Kars,kars,Kars,3,Kamal Aydemir,3
CHP,chp,Kars,kars,Kars,1,İnan Akgün Alp,3
CHP,chp,Kars,kars,Kars,2,Onur Uludaşdemir,3
CHP,chp,Kars,kars,Kars,3,Evren Yerdelen,3
GBP,gbp,Kars,kars,Kars,1,Cengiz Satı,3
GBP,gbp,Kars,kars,Kars,2,Songül Benzer,3
GBP,gbp,Kars,kars,Kars,3,Mehmet Acar,3
Genç Parti,gencparti,Kars,kars,Kars,1,Yüksel Çolpan,3
Genç Parti,gencparti,Kars,kars,Kars,2,Cevdet Altın,3
Genç Parti,gencparti,Kars,kars,Kars,3,Emine Öztürk,3
HAK-PAR,hakpar,Kars,kars,Kars,1,Yusuf Baran Timur,3
HAK-PAR,hakpar,Kars,kars,Kars,2,Umut Aldemir,3
HAK-PAR,hakpar,Kars,kars,Kars,3,Hanım Öztürk,3
HKP,hkp,Kars,kars,Kars,1,Sürmeli Karabulut,3
HKP,hkp,Kars,kars,Kars,2,Sibel Kalkan,3
HKP,hkp,Kars,kars,Kars,3,Orhan Sayğılı,3
İyi Parti,iyiparti,Kars,kars,Kars,1,Alpaslan Yüce,3
İyi Parti,iyiparti,Kars,kars,Kars,2,Aytaç Erman Kesgin,3
İyi Parti,iyiparti,Kars,kars,Kars,3,Ayşe Tarlak Yılmaz,3
Memleket,memleket,Kars,kars,Kars,1,Mehmet Gökhan Araç,3
Memleket,memleket,Kars,kars,Kars,2,Ercan Çınar,3
Memleket,memleket,Kars,kars,Kars,3,Kenan Olgun,3
MHP,mhp,Kars,kars,Kars,1,Taner Gökçek,3
MHP,mhp,Kars,kars,Kars,2,Uğur Boy,3
MHP,mhp,Kars,kars,Kars,3,Halil Kerem Aydın,3
MİLLET,millet,Kars,kars,Kars,1,Handan Yakın,3
MİLLET,millet,Kars,kars,Kars,2,Olgun Polat,3
MİLLET,millet,Kars,kars,Kars,3,Ahmet Duran Güvener,3
Milli Yol,milliyol,Kars,kars,Kars,1,Ayşen Arda İşçi,3
Milli Yol,milliyol,Kars,kars,Kars,2,Ömer Güner,3
Milli Yol,milliyol,Kars,kars,Kars,3,Kadriye Yıldırım,3
Sol Parti,solparti,Kars,kars,Kars,1,Yakup Özarslantürk,3
Sol Parti,solparti,Kars,kars,Kars,2,Özay Karabag,3
Sol Parti,solparti,Kars,kars,Kars,3,Mahir Karabag,3
TKH,tkh,Kars,kars,Kars,1,Mehmet Hiçkorkmaz,3
TKH,tkh,Kars,kars,Kars,2,Gülseren Ercan,3
TKH,tkh,Kars,kars,Kars,3,Funda Odabaş,3
TKP,tkp,Kars,kars,Kars,1,Barış Şayir,3
TKP,tkp,Kars,kars,Kars,2,Eren Selanik,3
TKP,tkp,Kars,kars,Kars,3,Ali Aytaç Mehmetoğlu,3
Vatan,vatanpartisi,Kars,kars,Kars,1,Ata Pelvanoğlu,3
Vatan,vatanpartisi,Kars,kars,Kars,2,Semra Kalkan,3
Vatan,vatanpartisi,Kars,kars,Kars,3,Kayra Çanakçı,3
Y.Refah,yenidenrefah,Kars,kars,Kars,1,Murat Kızıltaş,3
Y.Refah,yenidenrefah,Kars,kars,Kars,2,Okay Akarçay,3
Y.Refah,yenidenrefah,Kars,kars,Kars,3,Ertürk Topçu,3
Y.Sol Parti,yesilsolparti,Kars,kars,Kars,1,Gülüstan Kılıç Koçyiğit,3
Y.Sol Parti,yesilsolparti,Kars,kars,Kars,2,Gülcan Alp,3
Y.Sol Parti,yesilsolparti,Kars,kars,Kars,3,Sertaç Çelikkaleli,3
YP,yp,Kars,kars,Kars,1,Selçuk Altunbey,3
YP,yp,Kars,kars,Kars,2,Yakup Altunbey,3
YP,yp,Kars,kars,Kars,3,Can Altunbey,3
Adalet,ap,Kastamonu,kastamonu,Kastamonu,1,Hasan Kurt,3
Adalet,ap,Kastamonu,kastamonu,Kastamonu,2,Devlet Avcıl,3
Adalet,ap,Kastamonu,kastamonu,Kastamonu,3,Nuri Akca,3
AK Parti,akparti,Kastamonu,kastamonu,Kastamonu,1,Halil Uluay,3
AK Parti,akparti,Kastamonu,kastamonu,Kastamonu,2,Fatma Serap Ekmekci,3
AK Parti,akparti,Kastamonu,kastamonu,Kastamonu,3,Mehmet Umur,3
ANAP,anap,Kastamonu,kastamonu,Kastamonu,1,Ahmet Oğuzhan Mersin,3
ANAP,anap,Kastamonu,kastamonu,Kastamonu,2,Emre Polat,3
ANAP,anap,Kastamonu,kastamonu,Kastamonu,3,Mert Metin,3
Bağımsız,bagimsiz,Kastamonu,kastamonu,Kastamonu,1,Hasan Doğan Vurdu,3
BBP,bbp,Kastamonu,kastamonu,Kastamonu,1,Mahir Alay,3
BBP,bbp,Kastamonu,kastamonu,Kastamonu,2,Satılmış Külçe,3
BBP,bbp,Kastamonu,kastamonu,Kastamonu,3,Erhan Başer,3
CHP,chp,Kastamonu,kastamonu,Kastamonu,1,Hasan Baltacı,3
CHP,chp,Kastamonu,kastamonu,Kastamonu,2,Kadir Yalçın,3
CHP,chp,Kastamonu,kastamonu,Kastamonu,3,Ziver Kaplan,3
GBP,gbp,Kastamonu,kastamonu,Kastamonu,1,Eray İliş,3
GBP,gbp,Kastamonu,kastamonu,Kastamonu,2,Arabkhan Aliyev,3
GBP,gbp,Kastamonu,kastamonu,Kastamonu,3,Ferhat Uluk,3
Genç Parti,gencparti,Kastamonu,kastamonu,Kastamonu,1,Mete Tafracı,3
Genç Parti,gencparti,Kastamonu,kastamonu,Kastamonu,2,Erkan Özgül,3
Genç Parti,gencparti,Kastamonu,kastamonu,Kastamonu,3,Bayram Bakırcı,3
HAK-PAR,hakpar,Kastamonu,kastamonu,Kastamonu,1,Ahmet Cemil Arcan,3
HAK-PAR,hakpar,Kastamonu,kastamonu,Kastamonu,2,Seda Barasi,3
HAK-PAR,hakpar,Kastamonu,kastamonu,Kastamonu,3,Enver Çakmak,3
HKP,hkp,Kastamonu,kastamonu,Kastamonu,1,Mehtap Güler,3
HKP,hkp,Kastamonu,kastamonu,Kastamonu,2,Metin Çoban,3
HKP,hkp,Kastamonu,kastamonu,Kastamonu,3,Ali Haydar Kopal,3
İyi Parti,iyiparti,Kastamonu,kastamonu,Kastamonu,1,Ahmet Katar,3
İyi Parti,iyiparti,Kastamonu,kastamonu,Kastamonu,2,Metin Ateş,3
İyi Parti,iyiparti,Kastamonu,kastamonu,Kastamonu,3,Mustafa Güvenç,3
Memleket,memleket,Kastamonu,kastamonu,Kastamonu,1,Mustafa Başesgioğlu,3
Memleket,memleket,Kastamonu,kastamonu,Kastamonu,2,Ayten Urganioğlu,3
Memleket,memleket,Kastamonu,kastamonu,Kastamonu,3,Yunus Emre Kay,3
MHP,mhp,Kastamonu,kastamonu,Kastamonu,1,Emin Çınar,3
MHP,mhp,Kastamonu,kastamonu,Kastamonu,2,Alperen Özmen,3
MHP,mhp,Kastamonu,kastamonu,Kastamonu,3,Engin Uzuner,3
MİLLET,millet,Kastamonu,kastamonu,Kastamonu,1,Necati Sofuoğlu,3
MİLLET,millet,Kastamonu,kastamonu,Kastamonu,2,İbrahim Halil Emrullah,3
MİLLET,millet,Kastamonu,kastamonu,Kastamonu,3,Hatice Can,3
Milli Yol,milliyol,Kastamonu,kastamonu,Kastamonu,1,Gökhan Ceylan,3
Milli Yol,milliyol,Kastamonu,kastamonu,Kastamonu,2,Emre Çağlar,3
Milli Yol,milliyol,Kastamonu,kastamonu,Kastamonu,3,Burak Su,3
Sol Parti,solparti,Kastamonu,kastamonu,Kastamonu,1,Uğur Berk Türkmenoğlu,3
Sol Parti,solparti,Kastamonu,kastamonu,Kastamonu,2,Sami Can Gökoğlu,3
Sol Parti,solparti,Kastamonu,kastamonu,Kastamonu,3,Berivan Cansu Korkmaz,3
TKH,tkh,Kastamonu,kastamonu,Kastamonu,1,Hatice Ünder,3
TKH,tkh,Kastamonu,kastamonu,Kastamonu,2,Cennet Kuryen,3
TKH,tkh,Kastamonu,kastamonu,Kastamonu,3,Berk Kaya,3
TKP,tkp,Kastamonu,kastamonu,Kastamonu,1,Ulaş Özer,3
TKP,tkp,Kastamonu,kastamonu,Kastamonu,2,Selçuk Tan,3
TKP,tkp,Kastamonu,kastamonu,Kastamonu,3,Hakan Bulut,3
Vatan,vatanpartisi,Kastamonu,kastamonu,Kastamonu,1,İsmail Gök,3
Vatan,vatanpartisi,Kastamonu,kastamonu,Kastamonu,2,Mustafa Doğan,3
Vatan,vatanpartisi,Kastamonu,kastamonu,Kastamonu,3,Bünyamin Gülcan,3
Y.Refah,yenidenrefah,Kastamonu,kastamonu,Kastamonu,1,İbrahim Demir,3
Y.Refah,yenidenrefah,Kastamonu,kastamonu,Kastamonu,2,Kağan Yorulmaz,3
Y.Refah,yenidenrefah,Kastamonu,kastamonu,Kastamonu,3,Hayri Çelik,3
Y.Sol Parti,yesilsolparti,Kastamonu,kastamonu,Kastamonu,1,Berrin Selbuz,3
Y.Sol Parti,yesilsolparti,Kastamonu,kastamonu,Kastamonu,2,Fikret Tufanyazıcı,3
Y.Sol Parti,yesilsolparti,Kastamonu,kastamonu,Kastamonu,3,Sözdar Akdoğan,3
YP,yp,Kastamonu,kastamonu,Kastamonu,1,Hüseyin Özcan,3
YP,yp,Kastamonu,kastamonu,Kastamonu,2,Nazlı Nafiye Gezgin,3
YP,yp,Kastamonu,kastamonu,Kastamonu,3,Mehmet İbrahim Yılmaz,3
Zafer,zaferpartisi,Kastamonu,kastamonu,Kastamonu,1,Özcan Büyükşen,3
Zafer,zaferpartisi,Kastamonu,kastamonu,Kastamonu,2,Aslıhan Koca,3
Zafer,zaferpartisi,Kastamonu,kastamonu,Kastamonu,3,Arif Emre Sürücü,3
AK Parti,akparti,Kayseri,kayseri,Kayseri,1,Hulusi Akar,10
AK Parti,akparti,Kayseri,kayseri,Kayseri,2,Ayşe Böhürler,10
AK Parti,akparti,Kayseri,kayseri,Kayseri,3,Şaban Çopuroğlu,10
AK Parti,akparti,Kayseri,kayseri,Kayseri,4,Murat Cahid Cıngı,10
AK Parti,akparti,Kayseri,kayseri,Kayseri,5,Sayın Bayar Özsoy,10
AK Parti,akparti,Kayseri,kayseri,Kayseri,6,Mahmut Gürcan,10
AK Parti,akparti,Kayseri,kayseri,Kayseri,7,Emine Timuçin,10
AK Parti,akparti,Kayseri,kayseri,Kayseri,8,Hüseyin Cahit Özden,10
AK Parti,akparti,Kayseri,kayseri,Kayseri,9,Hüseyin Okandan,10
AK Parti,akparti,Kayseri,kayseri,Kayseri,10,Deniz Mustafa Çağan,10
Bağımsız,bagimsiz,Kayseri,kayseri,Kayseri,1,Vedat Ali Özışık,10
Bağımsız,bagimsiz,Kayseri,kayseri,Kayseri,2,Mutlu Akkaya,10
Bağımsız,bagimsiz,Kayseri,kayseri,Kayseri,3,Ahmet Ülgen,10
Bağımsız,bagimsiz,Kayseri,kayseri,Kayseri,4,Emre Çakmakçi,10
Bağımsız,bagimsiz,Kayseri,kayseri,Kayseri,5,Bilal Bulut,10
BBP,bbp,Kayseri,kayseri,Kayseri,1,Hakan Satılmış,10
BBP,bbp,Kayseri,kayseri,Kayseri,2,Atilla Öniz,10
BBP,bbp,Kayseri,kayseri,Kayseri,3,Murat Kelek,10
BBP,bbp,Kayseri,kayseri,Kayseri,4,Ercan Yozgat,10
BBP,bbp,Kayseri,kayseri,Kayseri,5,Fatih Koç,10
BBP,bbp,Kayseri,kayseri,Kayseri,6,Ahmet Yıldız,10
BBP,bbp,Kayseri,kayseri,Kayseri,7,Ramazan Güneş,10
BBP,bbp,Kayseri,kayseri,Kayseri,8,Cengiz Göksün,10
BBP,bbp,Kayseri,kayseri,Kayseri,9,Bünyamin Mert,10
BBP,bbp,Kayseri,kayseri,Kayseri,10,Gazi Karataş,10
CHP,chp,Kayseri,kayseri,Kayseri,1,Aşkın Genç,10
CHP,chp,Kayseri,kayseri,Kayseri,2,Mahmut Arıkan,10
CHP,chp,Kayseri,kayseri,Kayseri,3,Burhan Bahadır Özsoy,10
CHP,chp,Kayseri,kayseri,Kayseri,4,Zülküf Arslan,10
CHP,chp,Kayseri,kayseri,Kayseri,5,Ümit Özer,10
CHP,chp,Kayseri,kayseri,Kayseri,6,Özgen Aydıncak,10
CHP,chp,Kayseri,kayseri,Kayseri,7,Ali Çetinkaya,10
CHP,chp,Kayseri,kayseri,Kayseri,8,Onur Sergen Doğan,10
CHP,chp,Kayseri,kayseri,Kayseri,9,İbrahim Kaan,10
CHP,chp,Kayseri,kayseri,Kayseri,10,Niyazi Ünalmış,10
Genç Parti,gencparti,Kayseri,kayseri,Kayseri,1,Eyüp Kutay,10
Genç Parti,gencparti,Kayseri,kayseri,Kayseri,2,Ahmet Duvan,10
Genç Parti,gencparti,Kayseri,kayseri,Kayseri,3,Mehmet Güven,10
Genç Parti,gencparti,Kayseri,kayseri,Kayseri,4,Ergün Savrum,10
Genç Parti,gencparti,Kayseri,kayseri,Kayseri,5,Eser Yılmaz,10
Genç Parti,gencparti,Kayseri,kayseri,Kayseri,6,Mesut Erbay,10
Genç Parti,gencparti,Kayseri,kayseri,Kayseri,7,Ergun Erdoğan,10
Genç Parti,gencparti,Kayseri,kayseri,Kayseri,8,Yasin Altıparmak,10
Genç Parti,gencparti,Kayseri,kayseri,Kayseri,9,Mustafa Sarıduman,10
Genç Parti,gencparti,Kayseri,kayseri,Kayseri,10,Mehmet Beder,10
HAK-PAR,hakpar,Kayseri,kayseri,Kayseri,1,Süreyya Arcan Kara,10
HAK-PAR,hakpar,Kayseri,kayseri,Kayseri,2,Yakup Timur,10
HAK-PAR,hakpar,Kayseri,kayseri,Kayseri,3,Arif Duran,10
HAK-PAR,hakpar,Kayseri,kayseri,Kayseri,4,Nuran Türel,10
HAK-PAR,hakpar,Kayseri,kayseri,Kayseri,5,Furkan Azat Erdem,10
HAK-PAR,hakpar,Kayseri,kayseri,Kayseri,6,Nurullah Arslan,10
HAK-PAR,hakpar,Kayseri,kayseri,Kayseri,7,Azime Kurt,10
HAK-PAR,hakpar,Kayseri,kayseri,Kayseri,8,Selami Catar,10
HAK-PAR,hakpar,Kayseri,kayseri,Kayseri,9,Eyüp Akın,10
HAK-PAR,hakpar,Kayseri,kayseri,Kayseri,10,Enes Ataş,10
HKP,hkp,Kayseri,kayseri,Kayseri,1,Fevzi Ender Ferahbaş,10
HKP,hkp,Kayseri,kayseri,Kayseri,2,Nuh Yavuz,10
HKP,hkp,Kayseri,kayseri,Kayseri,3,Mihrap Keskin,10
HKP,hkp,Kayseri,kayseri,Kayseri,4,Zeynep Kopal,10
HKP,hkp,Kayseri,kayseri,Kayseri,5,Mustafa Taşar,10
HKP,hkp,Kayseri,kayseri,Kayseri,6,Meryem Gençer,10
HKP,hkp,Kayseri,kayseri,Kayseri,7,Burak Göl,10
HKP,hkp,Kayseri,kayseri,Kayseri,8,Derviş Mustafa Ağaner,10
HKP,hkp,Kayseri,kayseri,Kayseri,9,Deniz Özaydın,10
HKP,hkp,Kayseri,kayseri,Kayseri,10,Hakan Borazan,10
İyi Parti,iyiparti,Kayseri,kayseri,Kayseri,1,Dursun Ataş,10
İyi Parti,iyiparti,Kayseri,kayseri,Kayseri,2,Abdullah İlker Sungur,10
İyi Parti,iyiparti,Kayseri,kayseri,Kayseri,3,Hüseyin Cengiz Gürbüz,10
İyi Parti,iyiparti,Kayseri,kayseri,Kayseri,4,Betül Tosun,10
İyi Parti,iyiparti,Kayseri,kayseri,Kayseri,5,Kazım Yücel,10
İyi Parti,iyiparti,Kayseri,kayseri,Kayseri,6,Serap Durmuş,10
İyi Parti,iyiparti,Kayseri,kayseri,Kayseri,7,Süleyman Bozkurt,10
İyi Parti,iyiparti,Kayseri,kayseri,Kayseri,8,Mehmet Sebati Ataman,10
İyi Parti,iyiparti,Kayseri,kayseri,Kayseri,9,Sedat Kılınç,10
İyi Parti,iyiparti,Kayseri,kayseri,Kayseri,10,Belgüzar Kılıç,10
Memleket,memleket,Kayseri,kayseri,Kayseri,1,Hasan Çetin,10
Memleket,memleket,Kayseri,kayseri,Kayseri,2,Furkan Ahmet Tecer,10
Memleket,memleket,Kayseri,kayseri,Kayseri,3,Beyza Şahin,10
Memleket,memleket,Kayseri,kayseri,Kayseri,4,Tunahan Önder,10
Memleket,memleket,Kayseri,kayseri,Kayseri,5,Yusuf İhsan Atasun,10
Memleket,memleket,Kayseri,kayseri,Kayseri,6,İsmail Furkan Altan,10
Memleket,memleket,Kayseri,kayseri,Kayseri,7,Ali Kerem Yağcıoğlu,10
Memleket,memleket,Kayseri,kayseri,Kayseri,8,Nuri Furkan Sarı,10
Memleket,memleket,Kayseri,kayseri,Kayseri,9,Yasir Çakmak,10
Memleket,memleket,Kayseri,kayseri,Kayseri,10,Yılmaz Altın,10
MHP,mhp,Kayseri,kayseri,Kayseri,1,İsmail Özdemir,10
MHP,mhp,Kayseri,kayseri,Kayseri,2,Mustafa Baki Ersoy,10
MHP,mhp,Kayseri,kayseri,Kayseri,3,Adnan İncetoprak,10
MHP,mhp,Kayseri,kayseri,Kayseri,4,Mete Kurt,10
MHP,mhp,Kayseri,kayseri,Kayseri,5,Mülayim Gül Akarsu,10
MHP,mhp,Kayseri,kayseri,Kayseri,6,Ergün Eryılmaz,10
MHP,mhp,Kayseri,kayseri,Kayseri,7,Ertuğrul Yücebaş,10
MHP,mhp,Kayseri,kayseri,Kayseri,8,Kayhan Saraç,10
MHP,mhp,Kayseri,kayseri,Kayseri,9,Mustafa Bozkurt,10
MHP,mhp,Kayseri,kayseri,Kayseri,10,Batuhan Berke Başpınar,10
MİLLET,millet,Kayseri,kayseri,Kayseri,1,Mustafa İdiz,10
MİLLET,millet,Kayseri,kayseri,Kayseri,2,Osman İkinci,10
MİLLET,millet,Kayseri,kayseri,Kayseri,3,Mehmet Sümer,10
MİLLET,millet,Kayseri,kayseri,Kayseri,4,Hayrettin Cengiz,10
MİLLET,millet,Kayseri,kayseri,Kayseri,5,Nadi Kaynak,10
MİLLET,millet,Kayseri,kayseri,Kayseri,6,Hasan Öztürk,10
MİLLET,millet,Kayseri,kayseri,Kayseri,7,Menduh Tokyay,10
MİLLET,millet,Kayseri,kayseri,Kayseri,8,Eda Pınarbaşı,10
MİLLET,millet,Kayseri,kayseri,Kayseri,9,Ahmet Yarılkaya,10
MİLLET,millet,Kayseri,kayseri,Kayseri,10,Ömer Ulutekin,10
Milli Yol,milliyol,Kayseri,kayseri,Kayseri,1,Atakan Acar,10
Milli Yol,milliyol,Kayseri,kayseri,Kayseri,2,Caner Boyraz,10
Milli Yol,milliyol,Kayseri,kayseri,Kayseri,3,İbrahim Yalçın,10
Milli Yol,milliyol,Kayseri,kayseri,Kayseri,4,Ferudun Özcan,10
Milli Yol,milliyol,Kayseri,kayseri,Kayseri,5,Erol Güvenç,10
Milli Yol,milliyol,Kayseri,kayseri,Kayseri,6,Mehmet Şenaltun,10
Milli Yol,milliyol,Kayseri,kayseri,Kayseri,7,Aysel Büyükbaş,10
Milli Yol,milliyol,Kayseri,kayseri,Kayseri,8,Bayram Özkan,10
Milli Yol,milliyol,Kayseri,kayseri,Kayseri,9,Ziya Akbucak,10
Milli Yol,milliyol,Kayseri,kayseri,Kayseri,10,Ebubekir Bilgi,10
Sol Parti,solparti,Kayseri,kayseri,Kayseri,1,Tebessüm Zeril Özdağ,10
Sol Parti,solparti,Kayseri,kayseri,Kayseri,2,İldeniz Köksal,10
Sol Parti,solparti,Kayseri,kayseri,Kayseri,3,Ahmet Samed Mutlu,10
Sol Parti,solparti,Kayseri,kayseri,Kayseri,4,Yusuf Can Coşkun,10
Sol Parti,solparti,Kayseri,kayseri,Kayseri,5,Mehtap Kaya,10
Sol Parti,solparti,Kayseri,kayseri,Kayseri,6,Cem Tolga Yıldız,10
Sol Parti,solparti,Kayseri,kayseri,Kayseri,7,Özge İnal,10
Sol Parti,solparti,Kayseri,kayseri,Kayseri,8,Ali Özülke,10
Sol Parti,solparti,Kayseri,kayseri,Kayseri,9,Mesut Kaan Aktop,10
Sol Parti,solparti,Kayseri,kayseri,Kayseri,10,Mert Akyüz,10
TİP,tip,Kayseri,kayseri,Kayseri,1,Bilgin Aslan,10
TİP,tip,Kayseri,kayseri,Kayseri,2,Nazır Kapusuz,10
TİP,tip,Kayseri,kayseri,Kayseri,3,İlayda Tok,10
TİP,tip,Kayseri,kayseri,Kayseri,4,Özlem Demir,10
TİP,tip,Kayseri,kayseri,Kayseri,5,Sercan Laçın,10
TİP,tip,Kayseri,kayseri,Kayseri,6,Eren Gürpınar,10
TİP,tip,Kayseri,kayseri,Kayseri,7,Ahmet İşbilen,10
TİP,tip,Kayseri,kayseri,Kayseri,8,Beril Karabulut,10
TİP,tip,Kayseri,kayseri,Kayseri,9,Cevher Özbolat,10
TİP,tip,Kayseri,kayseri,Kayseri,10,Aysel Duman,10
TKH,tkh,Kayseri,kayseri,Kayseri,1,Ogün Duran,10
TKH,tkh,Kayseri,kayseri,Kayseri,2,Pınar Avcı,10
TKH,tkh,Kayseri,kayseri,Kayseri,3,Mehmet Ceran,10
TKH,tkh,Kayseri,kayseri,Kayseri,4,Berkan Derun,10
TKH,tkh,Kayseri,kayseri,Kayseri,5,Umut Kuruç Kılçer,10
TKH,tkh,Kayseri,kayseri,Kayseri,6,Başak Odabaş,10
TKH,tkh,Kayseri,kayseri,Kayseri,7,Suphan Sucuğ,10
TKH,tkh,Kayseri,kayseri,Kayseri,8,Songül Ok Çataltepe,10
TKH,tkh,Kayseri,kayseri,Kayseri,9,Bilgütay Hakkı Durna,10
TKH,tkh,Kayseri,kayseri,Kayseri,10,Ozan Keçeci,10
TKP,tkp,Kayseri,kayseri,Kayseri,1,Ali Rıza Aydın,10
TKP,tkp,Kayseri,kayseri,Kayseri,2,Sevda Çiçek,10
TKP,tkp,Kayseri,kayseri,Kayseri,3,Fatma İplikci,10
TKP,tkp,Kayseri,kayseri,Kayseri,4,Havise Atlıhan,10
TKP,tkp,Kayseri,kayseri,Kayseri,5,Nezihe Özdemir,10
TKP,tkp,Kayseri,kayseri,Kayseri,6,Berkan Karakaya,10
TKP,tkp,Kayseri,kayseri,Kayseri,7,Muhammed Bayram,10
TKP,tkp,Kayseri,kayseri,Kayseri,8,Murat Karakaya,10
TKP,tkp,Kayseri,kayseri,Kayseri,9,Melih Can Gökmenoğlu,10
TKP,tkp,Kayseri,kayseri,Kayseri,10,Berfin Gişioğlu,10
Vatan,vatanpartisi,Kayseri,kayseri,Kayseri,1,Eyup Salahattin Karakaş,10
Vatan,vatanpartisi,Kayseri,kayseri,Kayseri,2,Gürkan Demir,10
Vatan,vatanpartisi,Kayseri,kayseri,Kayseri,3,Yiğit Alp Yurdakul,10
Vatan,vatanpartisi,Kayseri,kayseri,Kayseri,4,Hacı Bekir Özkarcı,10
Vatan,vatanpartisi,Kayseri,kayseri,Kayseri,5,Erdoğan Demir,10
Vatan,vatanpartisi,Kayseri,kayseri,Kayseri,6,Ali Dadı,10
Vatan,vatanpartisi,Kayseri,kayseri,Kayseri,7,İbrahim Kani,10
Vatan,vatanpartisi,Kayseri,kayseri,Kayseri,8,Asiye Işık,10
Vatan,vatanpartisi,Kayseri,kayseri,Kayseri,9,Hasan Beker,10
Vatan,vatanpartisi,Kayseri,kayseri,Kayseri,10,Güzide Külah,10
Y.Refah,yenidenrefah,Kayseri,kayseri,Kayseri,1,Önder Narin,10
Y.Refah,yenidenrefah,Kayseri,kayseri,Kayseri,2,Ercan Aras,10
Y.Refah,yenidenrefah,Kayseri,kayseri,Kayseri,3,Ali Rızvan,10
Y.Refah,yenidenrefah,Kayseri,kayseri,Kayseri,4,Selver Boztaş,10
Y.Refah,yenidenrefah,Kayseri,kayseri,Kayseri,5,Adem Kahveci,10
Y.Refah,yenidenrefah,Kayseri,kayseri,Kayseri,6,Murat Yılmaz,10
Y.Refah,yenidenrefah,Kayseri,kayseri,Kayseri,7,Cengiz Gençtürk,10
Y.Refah,yenidenrefah,Kayseri,kayseri,Kayseri,8,Gökhan Duman,10
Y.Refah,yenidenrefah,Kayseri,kayseri,Kayseri,9,Hüseyin Acarı,10
Y.Refah,yenidenrefah,Kayseri,kayseri,Kayseri,10,Yusuf Adıyaman,10
Y.Sol Parti,yesilsolparti,Kayseri,kayseri,Kayseri,1,Dağıstan Budak,10
Y.Sol Parti,yesilsolparti,Kayseri,kayseri,Kayseri,2,Nuran Ergen Kılıç,10
Y.Sol Parti,yesilsolparti,Kayseri,kayseri,Kayseri,3,Hasan Daşkın,10
Y.Sol Parti,yesilsolparti,Kayseri,kayseri,Kayseri,4,Fadik Temizyürek,10
Y.Sol Parti,yesilsolparti,Kayseri,kayseri,Kayseri,5,İzzet Kaplan,10
Y.Sol Parti,yesilsolparti,Kayseri,kayseri,Kayseri,6,Rana Berk,10
Y.Sol Parti,yesilsolparti,Kayseri,kayseri,Kayseri,7,İhsan Sarıyar,10
Y.Sol Parti,yesilsolparti,Kayseri,kayseri,Kayseri,8,Selma Karaman,10
Y.Sol Parti,yesilsolparti,Kayseri,kayseri,Kayseri,9,Ali Çelebi,10
Y.Sol Parti,yesilsolparti,Kayseri,kayseri,Kayseri,10,Necla Aktay,10
YP,yp,Kayseri,kayseri,Kayseri,1,Aziz Aydın,10
YP,yp,Kayseri,kayseri,Kayseri,2,Mustafa Acer,10
YP,yp,Kayseri,kayseri,Kayseri,3,Muhammed Aslan,10
YP,yp,Kayseri,kayseri,Kayseri,4,Levent Teke,10
YP,yp,Kayseri,kayseri,Kayseri,5,Şuayip Gülhan,10
YP,yp,Kayseri,kayseri,Kayseri,6,Fatih Eymur,10
YP,yp,Kayseri,kayseri,Kayseri,7,Bekir Şahin,10
YP,yp,Kayseri,kayseri,Kayseri,8,Necip Yılmaz,10
YP,yp,Kayseri,kayseri,Kayseri,9,Kazım Zehir,10
YP,yp,Kayseri,kayseri,Kayseri,10,Hayati Davut,10
Zafer,zaferpartisi,Kayseri,kayseri,Kayseri,1,Serap Altuntaş,10
Zafer,zaferpartisi,Kayseri,kayseri,Kayseri,2,Şevket Murat Apaydın,10
Zafer,zaferpartisi,Kayseri,kayseri,Kayseri,3,İsmail Tanrıöven,10
Zafer,zaferpartisi,Kayseri,kayseri,Kayseri,4,Ahmet Erol,10
Zafer,zaferpartisi,Kayseri,kayseri,Kayseri,5,Abidin Sağdıç,10
Zafer,zaferpartisi,Kayseri,kayseri,Kayseri,6,Fatma Metin,10
Zafer,zaferpartisi,Kayseri,kayseri,Kayseri,7,Can Gümüş,10
Zafer,zaferpartisi,Kayseri,kayseri,Kayseri,8,Fedakar Sonyürek,10
Zafer,zaferpartisi,Kayseri,kayseri,Kayseri,9,Ahmet Yiğit,10
Zafer,zaferpartisi,Kayseri,kayseri,Kayseri,10,Mehmet Furkan Boya,10
Adalet,ap,Kırıkkale,kirikkale,Kırıkkale,1,Mehmet Uğur Talu,3
Adalet,ap,Kırıkkale,kirikkale,Kırıkkale,2,Orhan Dağ,3
Adalet,ap,Kırıkkale,kirikkale,Kırıkkale,3,Ahmet Can Şengezer,3
AK Parti,akparti,Kırıkkale,kirikkale,Kırıkkale,1,Mustafa Kaplan,3
AK Parti,akparti,Kırıkkale,kirikkale,Kırıkkale,2,Ergün Tekin,3
AK Parti,akparti,Kırıkkale,kirikkale,Kırıkkale,3,Muhammet Emin Avundukluoğlu,3
ANAP,anap,Kırıkkale,kirikkale,Kırıkkale,1,Osman Lüy,3
ANAP,anap,Kırıkkale,kirikkale,Kırıkkale,2,Ercan Başaran,3
ANAP,anap,Kırıkkale,kirikkale,Kırıkkale,3,Hasan Aykul,3
Bağımsız,bagimsiz,Kırıkkale,kirikkale,Kırıkkale,1,Mustafa Babacan,3
BBP,bbp,Kırıkkale,kirikkale,Kırıkkale,1,Mustafa Su,3
BBP,bbp,Kırıkkale,kirikkale,Kırıkkale,2,Murat Güneş,3
BBP,bbp,Kırıkkale,kirikkale,Kırıkkale,3,Alper Zararsız,3
CHP,chp,Kırıkkale,kirikkale,Kırıkkale,1,Ahmet Önal,3
CHP,chp,Kırıkkale,kirikkale,Kırıkkale,2,Ömer Eldemir,3
CHP,chp,Kırıkkale,kirikkale,Kırıkkale,3,Ümit Duman,3
Genç Parti,gencparti,Kırıkkale,kirikkale,Kırıkkale,1,Duran Yıldız,3
Genç Parti,gencparti,Kırıkkale,kirikkale,Kırıkkale,2,Mehmet Bölge,3
Genç Parti,gencparti,Kırıkkale,kirikkale,Kırıkkale,3,İsa Çakmaklı,3
HAK-PAR,hakpar,Kırıkkale,kirikkale,Kırıkkale,1,Rıza Özdemir,3
HAK-PAR,hakpar,Kırıkkale,kirikkale,Kırıkkale,2,Mustafa Korkmaz,3
HAK-PAR,hakpar,Kırıkkale,kirikkale,Kırıkkale,3,Mehmet Hakkı İdoğ,3
HKP,hkp,Kırıkkale,kirikkale,Kırıkkale,1,Semra Efe,3
HKP,hkp,Kırıkkale,kirikkale,Kırıkkale,2,Mehmet Cihan Çakır,3
HKP,hkp,Kırıkkale,kirikkale,Kırıkkale,3,Kemal Özdemir,3
İyi Parti,iyiparti,Kırıkkale,kirikkale,Kırıkkale,1,Bülent Şükrü Altınışık,3
İyi Parti,iyiparti,Kırıkkale,kirikkale,Kırıkkale,2,Orhan Kılıç,3
İyi Parti,iyiparti,Kırıkkale,kirikkale,Kırıkkale,3,Sevim Pehlivanlı Özbek,3
Memleket,memleket,Kırıkkale,kirikkale,Kırıkkale,1,Ali Akkoyun,3
Memleket,memleket,Kırıkkale,kirikkale,Kırıkkale,2,Alp Eren Açıkbaş,3
Memleket,memleket,Kırıkkale,kirikkale,Kırıkkale,3,Kübra Yaman,3
MHP,mhp,Kırıkkale,kirikkale,Kırıkkale,1,Halil Öztürk,3
MHP,mhp,Kırıkkale,kirikkale,Kırıkkale,2,Melike Boran İsmailoğulları,3
MHP,mhp,Kırıkkale,kirikkale,Kırıkkale,3,Menderes Eray,3
MİLLET,millet,Kırıkkale,kirikkale,Kırıkkale,1,Hacı Ömer Algül,3
MİLLET,millet,Kırıkkale,kirikkale,Kırıkkale,2,İsmail Özdemir,3
MİLLET,millet,Kırıkkale,kirikkale,Kırıkkale,3,Hasan Hüseyin Yiğit,3
Milli Yol,milliyol,Kırıkkale,kirikkale,Kırıkkale,1,Cantaş Kıymaz,3
Milli Yol,milliyol,Kırıkkale,kirikkale,Kırıkkale,2,Murat Delibaş,3
Milli Yol,milliyol,Kırıkkale,kirikkale,Kırıkkale,3,Mehmet Koç,3
Sol Parti,solparti,Kırıkkale,kirikkale,Kırıkkale,1,Bayram Şeker,3
Sol Parti,solparti,Kırıkkale,kirikkale,Kırıkkale,2,Ömer Tan Bastı,3
Sol Parti,solparti,Kırıkkale,kirikkale,Kırıkkale,3,Başak Grammeşin Arslan,3
TKH,tkh,Kırıkkale,kirikkale,Kırıkkale,1,İbrahim Özmen,3
TKH,tkh,Kırıkkale,kirikkale,Kırıkkale,2,Melis Alkılıç,3
TKH,tkh,Kırıkkale,kirikkale,Kırıkkale,3,Yakup Pehlivan,3
TKP,tkp,Kırıkkale,kirikkale,Kırıkkale,1,İsmail Hakkı Güler,3
TKP,tkp,Kırıkkale,kirikkale,Kırıkkale,2,Perihan Çoker Çetinkaya,3
TKP,tkp,Kırıkkale,kirikkale,Kırıkkale,3,Fatma Sinemce Şahin,3
Vatan,vatanpartisi,Kırıkkale,kirikkale,Kırıkkale,1,Sami Pehlivanlı,3
Vatan,vatanpartisi,Kırıkkale,kirikkale,Kırıkkale,2,Nezih Gülşen,3
Vatan,vatanpartisi,Kırıkkale,kirikkale,Kırıkkale,3,Zeynel Kaya,3
Y.Refah,yenidenrefah,Kırıkkale,kirikkale,Kırıkkale,1,Arif Erdal,3
Y.Refah,yenidenrefah,Kırıkkale,kirikkale,Kırıkkale,2,Ferhat Uysal,3
Y.Refah,yenidenrefah,Kırıkkale,kirikkale,Kırıkkale,3,Mehmet Pektaş,3
Y.Sol Parti,yesilsolparti,Kırıkkale,kirikkale,Kırıkkale,1,Burak Çoğalan,3
Y.Sol Parti,yesilsolparti,Kırıkkale,kirikkale,Kırıkkale,2,Rahime Kürkçü,3
Y.Sol Parti,yesilsolparti,Kırıkkale,kirikkale,Kırıkkale,3,Velat Aygün,3
YP,yp,Kırıkkale,kirikkale,Kırıkkale,1,Berhan Ödemiş,3
YP,yp,Kırıkkale,kirikkale,Kırıkkale,2,Şevki Anık,3
YP,yp,Kırıkkale,kirikkale,Kırıkkale,3,İsmail Aslanlı,3
Zafer,zaferpartisi,Kırıkkale,kirikkale,Kırıkkale,1,Tuğba Demirbağ,3
Zafer,zaferpartisi,Kırıkkale,kirikkale,Kırıkkale,2,Muhammed Yasir Aksu,3
Zafer,zaferpartisi,Kırıkkale,kirikkale,Kırıkkale,3,Yasemin Polatlı,3
AB,ab,Kırklareli,kirklareli,Kırklareli,1,Emre Can Yavuz,3
AB,ab,Kırklareli,kirklareli,Kırklareli,2,Abdulhamid Tilki,3
AB,ab,Kırklareli,kirklareli,Kırklareli,3,Semih Temizel,3
Adalet,ap,Kırklareli,kirklareli,Kırklareli,1,Halil Özcan,3
Adalet,ap,Kırklareli,kirklareli,Kırklareli,2,Adem Bilici,3
Adalet,ap,Kırklareli,kirklareli,Kırklareli,3,Sultan İnci Batı,3
AK Parti,akparti,Kırklareli,kirklareli,Kırklareli,1,Ahmet Gökhan Sarıçam,3
AK Parti,akparti,Kırklareli,kirklareli,Kırklareli,2,Hüseyin Tuzcu,3
AK Parti,akparti,Kırklareli,kirklareli,Kırklareli,3,Neşe Kiraz,3
ANAP,anap,Kırklareli,kirklareli,Kırklareli,1,Ali Erdinç Köleoğlu,3
ANAP,anap,Kırklareli,kirklareli,Kırklareli,2,Mustafa Samet Kalender,3
ANAP,anap,Kırklareli,kirklareli,Kırklareli,3,Yunus Emre Başbekçi,3
Bağımsız,bagimsiz,Kırklareli,kirklareli,Kırklareli,1,Ahmet Münür Bederli,3
Bağımsız,bagimsiz,Kırklareli,kirklareli,Kırklareli,2,Sezer Dündarlı,3
BBP,bbp,Kırklareli,kirklareli,Kırklareli,1,Ercan Andaç,3
BBP,bbp,Kırklareli,kirklareli,Kırklareli,2,Anıl Sarpdere,3
BBP,bbp,Kırklareli,kirklareli,Kırklareli,3,Kemal Karakaş,3
CHP,chp,Kırklareli,kirklareli,Kırklareli,1,Vecdi Gündoğdu,3
CHP,chp,Kırklareli,kirklareli,Kırklareli,2,Fahri Özkan,3
CHP,chp,Kırklareli,kirklareli,Kırklareli,3,Hatice Gül Bingöl,3
GBP,gbp,Kırklareli,kirklareli,Kırklareli,1,Okan Bozkuş,3
GBP,gbp,Kırklareli,kirklareli,Kırklareli,2,Şeyhmus Yıldırım,3
GBP,gbp,Kırklareli,kirklareli,Kırklareli,3,Murat Varol,3
Genç Parti,gencparti,Kırklareli,kirklareli,Kırklareli,1,Nasih Bülent Toyboy,3
Genç Parti,gencparti,Kırklareli,kirklareli,Kırklareli,2,Nail Erdan,3
Genç Parti,gencparti,Kırklareli,kirklareli,Kırklareli,3,Fettah Üstün,3
HAK-PAR,hakpar,Kırklareli,kirklareli,Kırklareli,1,Hanifi Eren,3
HAK-PAR,hakpar,Kırklareli,kirklareli,Kırklareli,2,Hazan Demir,3
HAK-PAR,hakpar,Kırklareli,kirklareli,Kırklareli,3,İbrahim Şener,3
HKP,hkp,Kırklareli,kirklareli,Kırklareli,1,Meral Küçükosmanoğlu,3
HKP,hkp,Kırklareli,kirklareli,Kırklareli,2,Sacit Erkan,3
HKP,hkp,Kırklareli,kirklareli,Kırklareli,3,Mehmet Karaca,3
İyi Parti,iyiparti,Kırklareli,kirklareli,Kırklareli,1,Türker Yörükçüoğlu,3
İyi Parti,iyiparti,Kırklareli,kirklareli,Kırklareli,2,Sibel Pişkin,3
İyi Parti,iyiparti,Kırklareli,kirklareli,Kırklareli,3,İrfan Gökler,3
Memleket,memleket,Kırklareli,kirklareli,Kırklareli,1,Aslı Eligüzel,3
Memleket,memleket,Kırklareli,kirklareli,Kırklareli,2,İdil Özkan,3
Memleket,memleket,Kırklareli,kirklareli,Kırklareli,3,Gizem Doğan,3
MHP,mhp,Kırklareli,kirklareli,Kırklareli,1,Nur Aybüke Baybaş,3
MHP,mhp,Kırklareli,kirklareli,Kırklareli,2,Gamze Bozdemir,3
MHP,mhp,Kırklareli,kirklareli,Kırklareli,3,Alaattin Ersan Şenyiğit,3
MİLLET,millet,Kırklareli,kirklareli,Kırklareli,1,Sevil Gülcan Gören,3
MİLLET,millet,Kırklareli,kirklareli,Kırklareli,2,Mehmet Ceylan,3
MİLLET,millet,Kırklareli,kirklareli,Kırklareli,3,Kemal Yörük,3
Milli Yol,milliyol,Kırklareli,kirklareli,Kırklareli,1,Gürkan Olur,3
Milli Yol,milliyol,Kırklareli,kirklareli,Kırklareli,2,Fatma Günen,3
Milli Yol,milliyol,Kırklareli,kirklareli,Kırklareli,3,Halis Nar,3
Sol Parti,solparti,Kırklareli,kirklareli,Kırklareli,1,Serpil Kozar,3
Sol Parti,solparti,Kırklareli,kirklareli,Kırklareli,2,Coşar Cömert,3
Sol Parti,solparti,Kırklareli,kirklareli,Kırklareli,3,Bülent Taşoğlu,3
TİP,tip,Kırklareli,kirklareli,Kırklareli,1,Zeynep Bilgiç,3
TİP,tip,Kırklareli,kirklareli,Kırklareli,2,Yılmaz Biçer,3
TİP,tip,Kırklareli,kirklareli,Kırklareli,3,Deniz Öztürk Ergün,3
TKH,tkh,Kırklareli,kirklareli,Kırklareli,1,Ali Atlıkan,3
TKH,tkh,Kırklareli,kirklareli,Kırklareli,2,Efkan Duman,3
TKH,tkh,Kırklareli,kirklareli,Kırklareli,3,Muhammed Cemil Balta,3
TKP,tkp,Kırklareli,kirklareli,Kırklareli,1,Efe Özdemir,3
TKP,tkp,Kırklareli,kirklareli,Kırklareli,2,Berke Özdemir,3
TKP,tkp,Kırklareli,kirklareli,Kırklareli,3,Onur Erköse,3
Vatan,vatanpartisi,Kırklareli,kirklareli,Kırklareli,1,Şebnem Çakır,3
Vatan,vatanpartisi,Kırklareli,kirklareli,Kırklareli,2,Selda Kılıç,3
Vatan,vatanpartisi,Kırklareli,kirklareli,Kırklareli,3,Hüseyin Şahin,3
Y.Refah,yenidenrefah,Kırklareli,kirklareli,Kırklareli,1,Yusuf Aydın,3
Y.Refah,yenidenrefah,Kırklareli,kirklareli,Kırklareli,2,Rıdvan Özay,3
Y.Refah,yenidenrefah,Kırklareli,kirklareli,Kırklareli,3,Ufuk Özkaracan,3
Y.Sol Parti,yesilsolparti,Kırklareli,kirklareli,Kırklareli,1,Meral Garip,3
Y.Sol Parti,yesilsolparti,Kırklareli,kirklareli,Kırklareli,2,Erdal Tektaş,3
Y.Sol Parti,yesilsolparti,Kırklareli,kirklareli,Kırklareli,3,Ayşen Ece Kavas,3
YP,yp,Kırklareli,kirklareli,Kırklareli,1,Devlet Polat,3
YP,yp,Kırklareli,kirklareli,Kırklareli,2,İlker Enes Öztürk,3
YP,yp,Kırklareli,kirklareli,Kırklareli,3,Osman Eren,3
Zafer,zaferpartisi,Kırklareli,kirklareli,Kırklareli,1,Yavuz Selim Ulubaş,3
Zafer,zaferpartisi,Kırklareli,kirklareli,Kırklareli,2,Kaan Okumuş,3
Zafer,zaferpartisi,Kırklareli,kirklareli,Kırklareli,3,Mert Şahin Üstün,3
Adalet,ap,Kırşehir,kirsehir,Kırşehir,1,Özgen Yalçınkaya,2
Adalet,ap,Kırşehir,kirsehir,Kırşehir,2,Asya Gölcü,2
AK Parti,akparti,Kırşehir,kirsehir,Kırşehir,1,Necmettin Erkan,2
AK Parti,akparti,Kırşehir,kirsehir,Kırşehir,2,Osman Arslan,2
ANAP,anap,Kırşehir,kirsehir,Kırşehir,1,İzzethan Yavuz,2
ANAP,anap,Kırşehir,kirsehir,Kırşehir,2,Muharrem Akalan,2
BBP,bbp,Kırşehir,kirsehir,Kırşehir,1,Mustafa Uslu,2
BBP,bbp,Kırşehir,kirsehir,Kırşehir,2,Sertan Bedirhan,2
CHP,chp,Kırşehir,kirsehir,Kırşehir,1,Metin İlhan,2
CHP,chp,Kırşehir,kirsehir,Kırşehir,2,Şeref Baran Genç,2
GBP,gbp,Kırşehir,kirsehir,Kırşehir,1,Muhsin Çekdemir,2
GBP,gbp,Kırşehir,kirsehir,Kırşehir,2,Ali İhsan Çorlu,2
Genç Parti,gencparti,Kırşehir,kirsehir,Kırşehir,1,Murat Atabey,2
Genç Parti,gencparti,Kırşehir,kirsehir,Kırşehir,2,Ali Karakuş,2
HAK-PAR,hakpar,Kırşehir,kirsehir,Kırşehir,1,Cennet Sevinç,2
HAK-PAR,hakpar,Kırşehir,kirsehir,Kırşehir,2,Celal Deniz,2
HKP,hkp,Kırşehir,kirsehir,Kırşehir,1,Ceren Yağmur Törün,2
HKP,hkp,Kırşehir,kirsehir,Kırşehir,2,Bayram Karkın,2
İyi Parti,iyiparti,Kırşehir,kirsehir,Kırşehir,1,Turan Yıldırım,2
İyi Parti,iyiparti,Kırşehir,kirsehir,Kırşehir,2,Asaf Kayaoğlu,2
Memleket,memleket,Kırşehir,kirsehir,Kırşehir,1,Gülay Baltalık,2
Memleket,memleket,Kırşehir,kirsehir,Kırşehir,2,Kerim Orhan,2
MHP,mhp,Kırşehir,kirsehir,Kırşehir,1,Ali Aydın Akpınar,2
MHP,mhp,Kırşehir,kirsehir,Kırşehir,2,Mehmet Ay,2
MİLLET,millet,Kırşehir,kirsehir,Kırşehir,1,Bilal Şentürk,2
MİLLET,millet,Kırşehir,kirsehir,Kırşehir,2,Mahmut Ağca,2
Milli Yol,milliyol,Kırşehir,kirsehir,Kırşehir,1,Şevket Göçmen,2
Milli Yol,milliyol,Kırşehir,kirsehir,Kırşehir,2,Murat Karaca,2
Sol Parti,solparti,Kırşehir,kirsehir,Kırşehir,1,Semine Şekertürk,2
Sol Parti,solparti,Kırşehir,kirsehir,Kırşehir,2,Ersan Şahin,2
TİP,tip,Kırşehir,kirsehir,Kırşehir,1,Sinan Yıldırım,2
TİP,tip,Kırşehir,kirsehir,Kırşehir,2,Fundagül Demirkol,2
TKH,tkh,Kırşehir,kirsehir,Kırşehir,1,Abdulhalim Yıldırım,2
TKH,tkh,Kırşehir,kirsehir,Kırşehir,2,Özer Çelik,2
TKP,tkp,Kırşehir,kirsehir,Kırşehir,1,Abdulkadir Dağıstan,2
TKP,tkp,Kırşehir,kirsehir,Kırşehir,2,Handan Sevim Demirayak,2
Vatan,vatanpartisi,Kırşehir,kirsehir,Kırşehir,1,Volkan Kılıçaslan,2
Vatan,vatanpartisi,Kırşehir,kirsehir,Kırşehir,2,İlker Özkamalı,2
Y.Refah,yenidenrefah,Kırşehir,kirsehir,Kırşehir,1,Bilal Çağrı Kaya,2
Y.Refah,yenidenrefah,Kırşehir,kirsehir,Kırşehir,2,Ali Yaşar,2
Y.Sol Parti,yesilsolparti,Kırşehir,kirsehir,Kırşehir,1,Mustafa Karaman,2
Y.Sol Parti,yesilsolparti,Kırşehir,kirsehir,Kırşehir,2,Behiye Akyol,2
YP,yp,Kırşehir,kirsehir,Kırşehir,1,Murat Canbolat,2
YP,yp,Kırşehir,kirsehir,Kırşehir,2,Oğuzhan Emir,2
Zafer,zaferpartisi,Kırşehir,kirsehir,Kırşehir,1,Mustafa Kılıç,2
Zafer,zaferpartisi,Kırşehir,kirsehir,Kırşehir,2,Tayfun Saatçi,2
AB,ab,Kilis,kilis,Kilis,1,Hüseyin İnce,2
AB,ab,Kilis,kilis,Kilis,2,Recep Şahin,2
Adalet,ap,Kilis,kilis,Kilis,1,Orhan Dede,2
Adalet,ap,Kilis,kilis,Kilis,2,Mehmet Ali Albayrak,2
AK Parti,akparti,Kilis,kilis,Kilis,1,Ahmet Salih Dal,2
AK Parti,akparti,Kilis,kilis,Kilis,2,Fazıl Arısoy,2
ANAP,anap,Kilis,kilis,Kilis,1,Mustafa Çelik,2
ANAP,anap,Kilis,kilis,Kilis,2,Ahmet Aktaş,2
BBP,bbp,Kilis,kilis,Kilis,1,Davut Cem Kaymakçı,2
BBP,bbp,Kilis,kilis,Kilis,2,Cemil Ercan Aslan,2
CHP,chp,Kilis,kilis,Kilis,1,Mehmet Akif Perker,2
CHP,chp,Kilis,kilis,Kilis,2,Mustafa Yavuz Yedilioğlu,2
GBP,gbp,Kilis,kilis,Kilis,1,Türkan Yıldırım,2
GBP,gbp,Kilis,kilis,Kilis,2,Osman Durna,2
Genç Parti,gencparti,Kilis,kilis,Kilis,1,Memet Ali Polat,2
Genç Parti,gencparti,Kilis,kilis,Kilis,2,Murat Yeşil,2
HAK-PAR,hakpar,Kilis,kilis,Kilis,1,Hanife Akboyun,2
HAK-PAR,hakpar,Kilis,kilis,Kilis,2,Reşat Bayram,2
HKP,hkp,Kilis,kilis,Kilis,1,Kemal Kaya,2
HKP,hkp,Kilis,kilis,Kilis,2,Hasan Bayesen,2
İyi Parti,iyiparti,Kilis,kilis,Kilis,1,Mustafa Araz,2
İyi Parti,iyiparti,Kilis,kilis,Kilis,2,Mustafa Polat,2
Memleket,memleket,Kilis,kilis,Kilis,1,Halil İbrahim Kabaklı,2
Memleket,memleket,Kilis,kilis,Kilis,2,Mikail Yılmaz,2
MHP,mhp,Kilis,kilis,Kilis,1,Mustafa Demir,2
MHP,mhp,Kilis,kilis,Kilis,2,Fatih Kaya,2
MİLLET,millet,Kilis,kilis,Kilis,1,Mehmet Ekinci,2
MİLLET,millet,Kilis,kilis,Kilis,2,Mehmet Seyit Tekbaş,2
Sol Parti,solparti,Kilis,kilis,Kilis,1,Hamiyet Kızıler,2
Sol Parti,solparti,Kilis,kilis,Kilis,2,Onur Arslan,2
TKH,tkh,Kilis,kilis,Kilis,1,Bengisu İçten,2
TKH,tkh,Kilis,kilis,Kilis,2,Nuray Oral,2
TKP,tkp,Kilis,kilis,Kilis,1,Petek Serçe,2
TKP,tkp,Kilis,kilis,Kilis,2,Mehmetcan Ergünöz,2
Vatan,vatanpartisi,Kilis,kilis,Kilis,1,Kutlay Beke,2
Vatan,vatanpartisi,Kilis,kilis,Kilis,2,Erol Aslan,2
Y.Refah,yenidenrefah,Kilis,kilis,Kilis,1,Fazıl Tosyalıoğlu,2
Y.Refah,yenidenrefah,Kilis,kilis,Kilis,2,Ali Ceceli,2
Y.Sol Parti,yesilsolparti,Kilis,kilis,Kilis,1,Mehmet Sefa Özdemir,2
Y.Sol Parti,yesilsolparti,Kilis,kilis,Kilis,2,Gülşen Karasu,2
YP,yp,Kilis,kilis,Kilis,1,Mehmet Bakır Özuçar,2
YP,yp,Kilis,kilis,Kilis,2,Recai Yegen,2
Zafer,zaferpartisi,Kilis,kilis,Kilis,1,Yusuf Can Çezik,2
Zafer,zaferpartisi,Kilis,kilis,Kilis,2,Kürşat Kağan Demirel,2
AB,ab,Kocaeli,kocaeli,Kocaeli,1,Ocan Uygar Aksu,14
AB,ab,Kocaeli,kocaeli,Kocaeli,2,Enis Kaçar,14
AB,ab,Kocaeli,kocaeli,Kocaeli,3,Volkan Özgedik,14
AB,ab,Kocaeli,kocaeli,Kocaeli,4,Nehircan Asker,14
AB,ab,Kocaeli,kocaeli,Kocaeli,5,Pınar Tekdal,14
AB,ab,Kocaeli,kocaeli,Kocaeli,6,Oğuzhan Denizeri,14
AB,ab,Kocaeli,kocaeli,Kocaeli,7,Mine Baler,14
AB,ab,Kocaeli,kocaeli,Kocaeli,8,Nilüfer Aydoğan,14
AB,ab,Kocaeli,kocaeli,Kocaeli,9,Murat Kalaycı,14
AB,ab,Kocaeli,kocaeli,Kocaeli,10,İsmail Emre Yılmaz,14
AB,ab,Kocaeli,kocaeli,Kocaeli,11,Eyüp Yücepur,14
AB,ab,Kocaeli,kocaeli,Kocaeli,12,Erkan Piliççi,14
AB,ab,Kocaeli,kocaeli,Kocaeli,13,Cengiz Alptekin,14
AB,ab,Kocaeli,kocaeli,Kocaeli,14,Ercan Şahin,14
Adalet,ap,Kocaeli,kocaeli,Kocaeli,1,Akın Öge,14
Adalet,ap,Kocaeli,kocaeli,Kocaeli,2,Umut Recep Yavuz,14
Adalet,ap,Kocaeli,kocaeli,Kocaeli,3,Hatice Koçak,14
Adalet,ap,Kocaeli,kocaeli,Kocaeli,4,Oktay Ayartepe,14
Adalet,ap,Kocaeli,kocaeli,Kocaeli,5,Hasan Şengül,14
Adalet,ap,Kocaeli,kocaeli,Kocaeli,6,Zeynep Ayaz,14
Adalet,ap,Kocaeli,kocaeli,Kocaeli,7,Gizem Çakıcı,14
Adalet,ap,Kocaeli,kocaeli,Kocaeli,8,Mert Metin İpek,14
Adalet,ap,Kocaeli,kocaeli,Kocaeli,9,Gül Burcu Cengiz,14
Adalet,ap,Kocaeli,kocaeli,Kocaeli,10,Ayşenur İlayda Karahan,14
Adalet,ap,Kocaeli,kocaeli,Kocaeli,11,Nazmiye Öztürk,14
Adalet,ap,Kocaeli,kocaeli,Kocaeli,12,Bekir Öztürk,14
Adalet,ap,Kocaeli,kocaeli,Kocaeli,13,Cemalettin Mete,14
Adalet,ap,Kocaeli,kocaeli,Kocaeli,14,Murat Alkış,14
AK Parti,akparti,Kocaeli,kocaeli,Kocaeli,1,Sadettin Hülagü,14
AK Parti,akparti,Kocaeli,kocaeli,Kocaeli,2,Radiye Sezer Katırcıoğlu,14
AK Parti,akparti,Kocaeli,kocaeli,Kocaeli,3,Veysal Tipioğlu,14
AK Parti,akparti,Kocaeli,kocaeli,Kocaeli,4,Mehmet Akif Yılmaz,14
AK Parti,akparti,Kocaeli,kocaeli,Kocaeli,5,Cemil Yaman,14
AK Parti,akparti,Kocaeli,kocaeli,Kocaeli,6,Sami Çakır,14
AK Parti,akparti,Kocaeli,kocaeli,Kocaeli,7,Yasemin Özdemir,14
AK Parti,akparti,Kocaeli,kocaeli,Kocaeli,8,Mehmet Ellibeş,14
AK Parti,akparti,Kocaeli,kocaeli,Kocaeli,9,Ali Güney,14
AK Parti,akparti,Kocaeli,kocaeli,Kocaeli,10,Berna Abiş,14
AK Parti,akparti,Kocaeli,kocaeli,Kocaeli,11,Hasan Soba,14
AK Parti,akparti,Kocaeli,kocaeli,Kocaeli,12,Erkan Aksoy,14
AK Parti,akparti,Kocaeli,kocaeli,Kocaeli,13,Gülay Artut,14
AK Parti,akparti,Kocaeli,kocaeli,Kocaeli,14,İbrahim Efe,14
BBP,bbp,Kocaeli,kocaeli,Kocaeli,1,Şerafettin Akdemir,14
BBP,bbp,Kocaeli,kocaeli,Kocaeli,2,Ömer Gökhan Aladağ,14
BBP,bbp,Kocaeli,kocaeli,Kocaeli,3,Selim Öztürk,14
BBP,bbp,Kocaeli,kocaeli,Kocaeli,4,Serkan Koç,14
BBP,bbp,Kocaeli,kocaeli,Kocaeli,5,Murat Sarı,14
BBP,bbp,Kocaeli,kocaeli,Kocaeli,6,Samet Çetin,14
BBP,bbp,Kocaeli,kocaeli,Kocaeli,7,Sadullah Kılıç,14
BBP,bbp,Kocaeli,kocaeli,Kocaeli,8,Batıkan Mehmet Akballı,14
BBP,bbp,Kocaeli,kocaeli,Kocaeli,9,Arif Emre Duman,14
BBP,bbp,Kocaeli,kocaeli,Kocaeli,10,Aysun Demirel,14
BBP,bbp,Kocaeli,kocaeli,Kocaeli,11,Fatma Kayraldağ,14
BBP,bbp,Kocaeli,kocaeli,Kocaeli,12,Ömer Balkan,14
BBP,bbp,Kocaeli,kocaeli,Kocaeli,13,Timur Acar,14
BBP,bbp,Kocaeli,kocaeli,Kocaeli,14,Emre Berk Seymen,14
CHP,chp,Kocaeli,kocaeli,Kocaeli,1,Mühip Kanko,14
CHP,chp,Kocaeli,kocaeli,Kocaeli,2,Harun Özgür Yıldızlı,14
CHP,chp,Kocaeli,kocaeli,Kocaeli,3,Hasan Bitmez,14
CHP,chp,Kocaeli,kocaeli,Kocaeli,4,Nail Çiler,14
CHP,chp,Kocaeli,kocaeli,Kocaeli,5,Serap Çakır,14
CHP,chp,Kocaeli,kocaeli,Kocaeli,6,Tülin Keçeci Güngör,14
CHP,chp,Kocaeli,kocaeli,Kocaeli,7,Cuma Karavar,14
CHP,chp,Kocaeli,kocaeli,Kocaeli,8,Caner Arduç,14
CHP,chp,Kocaeli,kocaeli,Kocaeli,9,Mehmet Ümit Küçükkaya,14
CHP,chp,Kocaeli,kocaeli,Kocaeli,10,Selman Kösalı,14
CHP,chp,Kocaeli,kocaeli,Kocaeli,11,Hülya Güreli Yolcubal,14
CHP,chp,Kocaeli,kocaeli,Kocaeli,12,Belkıza İlter,14
CHP,chp,Kocaeli,kocaeli,Kocaeli,13,İsmet İşeri,14
CHP,chp,Kocaeli,kocaeli,Kocaeli,14,Berna Çetin,14
Genç Parti,gencparti,Kocaeli,kocaeli,Kocaeli,1,İbrahim Altınoğlu,14
Genç Parti,gencparti,Kocaeli,kocaeli,Kocaeli,2,Turgut Özal Özkaya,14
Genç Parti,gencparti,Kocaeli,kocaeli,Kocaeli,3,Halime Alademir,14
Genç Parti,gencparti,Kocaeli,kocaeli,Kocaeli,4,Sebahattin Yılmaz,14
Genç Parti,gencparti,Kocaeli,kocaeli,Kocaeli,5,Hacı Kadir Hamamcıoğlu,14
Genç Parti,gencparti,Kocaeli,kocaeli,Kocaeli,6,Enis Kutal,14
Genç Parti,gencparti,Kocaeli,kocaeli,Kocaeli,7,Emre Dombaycı,14
Genç Parti,gencparti,Kocaeli,kocaeli,Kocaeli,8,Nejmi Gün,14
Genç Parti,gencparti,Kocaeli,kocaeli,Kocaeli,9,Güngör Akıncı,14
Genç Parti,gencparti,Kocaeli,kocaeli,Kocaeli,10,İsmail Uysal,14
Genç Parti,gencparti,Kocaeli,kocaeli,Kocaeli,11,Arda Takmaz,14
Genç Parti,gencparti,Kocaeli,kocaeli,Kocaeli,12,Samet Kocaman,14
Genç Parti,gencparti,Kocaeli,kocaeli,Kocaeli,13,Ruhan Bilir,14
Genç Parti,gencparti,Kocaeli,kocaeli,Kocaeli,14,Abdullah Bozkurt,14
HAK-PAR,hakpar,Kocaeli,kocaeli,Kocaeli,1,Abdullatif Epözdemir,14
HAK-PAR,hakpar,Kocaeli,kocaeli,Kocaeli,2,İsmail Arslan,14
HAK-PAR,hakpar,Kocaeli,kocaeli,Kocaeli,3,Mehmet Tutal,14
HAK-PAR,hakpar,Kocaeli,kocaeli,Kocaeli,4,Mehmet Erden,14
HAK-PAR,hakpar,Kocaeli,kocaeli,Kocaeli,5,Sertac Kılıç,14
HAK-PAR,hakpar,Kocaeli,kocaeli,Kocaeli,6,Mehmet Çelebi,14
HAK-PAR,hakpar,Kocaeli,kocaeli,Kocaeli,7,Nebahat Eren,14
HAK-PAR,hakpar,Kocaeli,kocaeli,Kocaeli,8,Mahmut Tosun,14
HAK-PAR,hakpar,Kocaeli,kocaeli,Kocaeli,9,Leyla Cengiz,14
HAK-PAR,hakpar,Kocaeli,kocaeli,Kocaeli,10,Ömer Cankara,14
HAK-PAR,hakpar,Kocaeli,kocaeli,Kocaeli,11,Hüseyin Duran,14
HAK-PAR,hakpar,Kocaeli,kocaeli,Kocaeli,12,Mehmet Turğa,14
HAK-PAR,hakpar,Kocaeli,kocaeli,Kocaeli,13,Kenan Cayhan,14
HAK-PAR,hakpar,Kocaeli,kocaeli,Kocaeli,14,Mehtap Erdolu,14
HKP,hkp,Kocaeli,kocaeli,Kocaeli,1,Tunya Kızıltaş,14
HKP,hkp,Kocaeli,kocaeli,Kocaeli,2,Hazal Göl,14
HKP,hkp,Kocaeli,kocaeli,Kocaeli,3,Selami Erdoğdu,14
HKP,hkp,Kocaeli,kocaeli,Kocaeli,4,Yasemin Kuzubaş,14
HKP,hkp,Kocaeli,kocaeli,Kocaeli,5,Nazmiye Pala,14
HKP,hkp,Kocaeli,kocaeli,Kocaeli,6,Derya Özçelik,14
HKP,hkp,Kocaeli,kocaeli,Kocaeli,7,Ahmet Uysal,14
HKP,hkp,Kocaeli,kocaeli,Kocaeli,8,Murat Kızıltaş,14
HKP,hkp,Kocaeli,kocaeli,Kocaeli,9,Fatih Söğüt,14
HKP,hkp,Kocaeli,kocaeli,Kocaeli,10,Fahrittin Büyükçam,14
HKP,hkp,Kocaeli,kocaeli,Kocaeli,11,Saniye Göçüm,14
HKP,hkp,Kocaeli,kocaeli,Kocaeli,12,İrfan Toy,14
HKP,hkp,Kocaeli,kocaeli,Kocaeli,13,Uğur Tekalmaz,14
HKP,hkp,Kocaeli,kocaeli,Kocaeli,14,Fatih Balcı,14
İyi Parti,iyiparti,Kocaeli,kocaeli,Kocaeli,1,Lütfü Türkkan,14
İyi Parti,iyiparti,Kocaeli,kocaeli,Kocaeli,2,Şanbaz Yıldız,14
İyi Parti,iyiparti,Kocaeli,kocaeli,Kocaeli,3,Mehmet Kamil Şirin,14
İyi Parti,iyiparti,Kocaeli,kocaeli,Kocaeli,4,Pelin Coştur Filiz,14
İyi Parti,iyiparti,Kocaeli,kocaeli,Kocaeli,5,Gökçe Nesli Kondu Çağlayan,14
İyi Parti,iyiparti,Kocaeli,kocaeli,Kocaeli,6,Ali Paşa Naipoğlu,14
İyi Parti,iyiparti,Kocaeli,kocaeli,Kocaeli,7,Abdulkadir Erbağcı,14
İyi Parti,iyiparti,Kocaeli,kocaeli,Kocaeli,8,Yüksel Ercan,14
İyi Parti,iyiparti,Kocaeli,kocaeli,Kocaeli,9,Özhan Aşkın Öztürk,14
İyi Parti,iyiparti,Kocaeli,kocaeli,Kocaeli,10,Hasan Sır,14
İyi Parti,iyiparti,Kocaeli,kocaeli,Kocaeli,11,Seda Büyükkara,14
İyi Parti,iyiparti,Kocaeli,kocaeli,Kocaeli,12,Güzin Aşkın Alparslan Atalı,14
İyi Parti,iyiparti,Kocaeli,kocaeli,Kocaeli,13,Aşkın Özön,14
İyi Parti,iyiparti,Kocaeli,kocaeli,Kocaeli,14,Savaş Eminoğlu,14
Memleket,memleket,Kocaeli,kocaeli,Kocaeli,1,Umut Hamit Birben,14
Memleket,memleket,Kocaeli,kocaeli,Kocaeli,2,Murat Erinç,14
Memleket,memleket,Kocaeli,kocaeli,Kocaeli,3,Murat Gökdemir,14
Memleket,memleket,Kocaeli,kocaeli,Kocaeli,4,Mehmet Bali,14
Memleket,memleket,Kocaeli,kocaeli,Kocaeli,5,Özlem Kamışoğlu,14
Memleket,memleket,Kocaeli,kocaeli,Kocaeli,6,Gürkan Okan Yıldız,14
Memleket,memleket,Kocaeli,kocaeli,Kocaeli,7,Celal Isırkan,14
Memleket,memleket,Kocaeli,kocaeli,Kocaeli,8,Baran Erseçkin,14
Memleket,memleket,Kocaeli,kocaeli,Kocaeli,9,Ahmet Yavuzhan Ünsür,14
Memleket,memleket,Kocaeli,kocaeli,Kocaeli,10,Samet Kırdudu,14
Memleket,memleket,Kocaeli,kocaeli,Kocaeli,11,Enes Özaltın,14
Memleket,memleket,Kocaeli,kocaeli,Kocaeli,12,Gökberk Altın,14
Memleket,memleket,Kocaeli,kocaeli,Kocaeli,13,Recep Cihad Şen,14
Memleket,memleket,Kocaeli,kocaeli,Kocaeli,14,Ünal Karasağız,14
MHP,mhp,Kocaeli,kocaeli,Kocaeli,1,Saffet Sancaklı,14
MHP,mhp,Kocaeli,kocaeli,Kocaeli,2,Yudum Kaşıkçı,14
MHP,mhp,Kocaeli,kocaeli,Kocaeli,3,Emre Külcü,14
MHP,mhp,Kocaeli,kocaeli,Kocaeli,4,Haktan Kalıntaş,14
MHP,mhp,Kocaeli,kocaeli,Kocaeli,5,Hasan Galyan,14
MHP,mhp,Kocaeli,kocaeli,Kocaeli,6,Celalettin Yaylak,14
MHP,mhp,Kocaeli,kocaeli,Kocaeli,7,Serkan Günaydın,14
MHP,mhp,Kocaeli,kocaeli,Kocaeli,8,Halil Maya,14
MHP,mhp,Kocaeli,kocaeli,Kocaeli,9,Murat Balta,14
MHP,mhp,Kocaeli,kocaeli,Kocaeli,10,Havva Köse,14
MHP,mhp,Kocaeli,kocaeli,Kocaeli,11,Muhteren Çay,14
MHP,mhp,Kocaeli,kocaeli,Kocaeli,12,Hacı Ertan,14
MHP,mhp,Kocaeli,kocaeli,Kocaeli,13,İsa Araz,14
MHP,mhp,Kocaeli,kocaeli,Kocaeli,14,Abdulkadir Danışmaz,14
MİLLET,millet,Kocaeli,kocaeli,Kocaeli,1,Ali Araba,14
MİLLET,millet,Kocaeli,kocaeli,Kocaeli,2,Ömer Baysan,14
MİLLET,millet,Kocaeli,kocaeli,Kocaeli,3,Enver Göktepeli,14
MİLLET,millet,Kocaeli,kocaeli,Kocaeli,4,Seyfullah Aksu,14
MİLLET,millet,Kocaeli,kocaeli,Kocaeli,5,Aziz Çolak,14
MİLLET,millet,Kocaeli,kocaeli,Kocaeli,6,Aykut Öz,14
MİLLET,millet,Kocaeli,kocaeli,Kocaeli,7,Kenan Sert,14
MİLLET,millet,Kocaeli,kocaeli,Kocaeli,8,Mustafa Altemur,14
MİLLET,millet,Kocaeli,kocaeli,Kocaeli,9,İzzet Kılıç,14
MİLLET,millet,Kocaeli,kocaeli,Kocaeli,10,Hasan Hüseyin Yıldız,14
MİLLET,millet,Kocaeli,kocaeli,Kocaeli,11,Atakan Daşdan,14
MİLLET,millet,Kocaeli,kocaeli,Kocaeli,12,Şükran Araba,14
MİLLET,millet,Kocaeli,kocaeli,Kocaeli,13,Bayram Doğan,14
MİLLET,millet,Kocaeli,kocaeli,Kocaeli,14,Musa Demirgöz,14
Milli Yol,milliyol,Kocaeli,kocaeli,Kocaeli,1,Yunus Çöka,14
Milli Yol,milliyol,Kocaeli,kocaeli,Kocaeli,2,Hilmi Katırcılar,14
Milli Yol,milliyol,Kocaeli,kocaeli,Kocaeli,3,Necmi Taşçı,14
Milli Yol,milliyol,Kocaeli,kocaeli,Kocaeli,4,Ümit Seydaoğlu,14
Milli Yol,milliyol,Kocaeli,kocaeli,Kocaeli,5,Sümmani Yaşık,14
Milli Yol,milliyol,Kocaeli,kocaeli,Kocaeli,6,Mehmet Demir,14
Milli Yol,milliyol,Kocaeli,kocaeli,Kocaeli,7,Cengiz Kurt,14
Milli Yol,milliyol,Kocaeli,kocaeli,Kocaeli,8,Serkan Açık,14
Milli Yol,milliyol,Kocaeli,kocaeli,Kocaeli,9,Ziya Polat,14
Milli Yol,milliyol,Kocaeli,kocaeli,Kocaeli,10,Arzu Biçer,14
Milli Yol,milliyol,Kocaeli,kocaeli,Kocaeli,11,Sibel Bozkurt,14
Milli Yol,milliyol,Kocaeli,kocaeli,Kocaeli,12,Hamit Can Yörükseven,14
Milli Yol,milliyol,Kocaeli,kocaeli,Kocaeli,13,Mesude Karabulut,14
Milli Yol,milliyol,Kocaeli,kocaeli,Kocaeli,14,Aysun Tuğba Erol,14
Sol Parti,solparti,Kocaeli,kocaeli,Kocaeli,1,İlkay Deniz Torun,14
Sol Parti,solparti,Kocaeli,kocaeli,Kocaeli,2,Şengül Karabulut,14
Sol Parti,solparti,Kocaeli,kocaeli,Kocaeli,3,Neriman Irmak İlter,14
Sol Parti,solparti,Kocaeli,kocaeli,Kocaeli,4,Hüseyin Macit,14
Sol Parti,solparti,Kocaeli,kocaeli,Kocaeli,5,Emine Yıldızkan,14
Sol Parti,solparti,Kocaeli,kocaeli,Kocaeli,6,Diren Uzuneminağaoğlu,14
Sol Parti,solparti,Kocaeli,kocaeli,Kocaeli,7,Vahide Yılmaz,14
Sol Parti,solparti,Kocaeli,kocaeli,Kocaeli,8,Asiye Çavuş,14
Sol Parti,solparti,Kocaeli,kocaeli,Kocaeli,9,Şehriye Yüksel,14
Sol Parti,solparti,Kocaeli,kocaeli,Kocaeli,10,Şenay Kına,14
Sol Parti,solparti,Kocaeli,kocaeli,Kocaeli,11,Osman Bahçeci,14
Sol Parti,solparti,Kocaeli,kocaeli,Kocaeli,12,Fatma Aydoğan,14
Sol Parti,solparti,Kocaeli,kocaeli,Kocaeli,13,Mustafa Sezer,14
Sol Parti,solparti,Kocaeli,kocaeli,Kocaeli,14,Hakan Güzel,14
TKH,tkh,Kocaeli,kocaeli,Kocaeli,1,Sergen Aydemir,14
TKH,tkh,Kocaeli,kocaeli,Kocaeli,2,Tamer Erik,14
TKH,tkh,Kocaeli,kocaeli,Kocaeli,3,Yunus Kılci,14
TKH,tkh,Kocaeli,kocaeli,Kocaeli,4,Ahmet Özgür Keskin,14
TKH,tkh,Kocaeli,kocaeli,Kocaeli,5,Afşin Burak Umar,14
TKH,tkh,Kocaeli,kocaeli,Kocaeli,6,Serap Bayraktutan,14
TKH,tkh,Kocaeli,kocaeli,Kocaeli,7,Muzaffer İnci Ünal,14
TKH,tkh,Kocaeli,kocaeli,Kocaeli,8,Ali Yıldız,14
TKH,tkh,Kocaeli,kocaeli,Kocaeli,9,Beste Balta,14
TKH,tkh,Kocaeli,kocaeli,Kocaeli,10,Dilek Bulsun,14
TKH,tkh,Kocaeli,kocaeli,Kocaeli,11,Cem Kuş,14
TKH,tkh,Kocaeli,kocaeli,Kocaeli,12,Mustafa Yalçınkaya,14
TKH,tkh,Kocaeli,kocaeli,Kocaeli,13,Evren Ünver,14
TKH,tkh,Kocaeli,kocaeli,Kocaeli,14,Yasemin Kılıç,14
TKP,tkp,Kocaeli,kocaeli,Kocaeli,1,Aydaner Aktaş,14
TKP,tkp,Kocaeli,kocaeli,Kocaeli,2,Rüveyda Betül Süslü,14
TKP,tkp,Kocaeli,kocaeli,Kocaeli,3,Önder Erginer,14
TKP,tkp,Kocaeli,kocaeli,Kocaeli,4,Vildan Zeynep Sayıner,14
TKP,tkp,Kocaeli,kocaeli,Kocaeli,5,Tarık Bozkurt,14
TKP,tkp,Kocaeli,kocaeli,Kocaeli,6,Yaşargül Oymak,14
TKP,tkp,Kocaeli,kocaeli,Kocaeli,7,Ayşe Şimşek,14
TKP,tkp,Kocaeli,kocaeli,Kocaeli,8,Gülnur Anlar,14
TKP,tkp,Kocaeli,kocaeli,Kocaeli,9,Mehmet Kılıç,14
TKP,tkp,Kocaeli,kocaeli,Kocaeli,10,Erdoğan Boztepe,14
TKP,tkp,Kocaeli,kocaeli,Kocaeli,11,Öner Ada,14
TKP,tkp,Kocaeli,kocaeli,Kocaeli,12,Ferhat Aygün,14
TKP,tkp,Kocaeli,kocaeli,Kocaeli,13,Fatih Beyaztaş,14
TKP,tkp,Kocaeli,kocaeli,Kocaeli,14,Damla Karabulut,14
Vatan,vatanpartisi,Kocaeli,kocaeli,Kocaeli,1,Yalçın Arslan,14
Vatan,vatanpartisi,Kocaeli,kocaeli,Kocaeli,2,Salih Vedat Olguntürk,14
Vatan,vatanpartisi,Kocaeli,kocaeli,Kocaeli,3,Sultan Cerit,14
Vatan,vatanpartisi,Kocaeli,kocaeli,Kocaeli,4,Şükran Etiler,14
Vatan,vatanpartisi,Kocaeli,kocaeli,Kocaeli,5,Ayşen Tanrıkulu,14
Vatan,vatanpartisi,Kocaeli,kocaeli,Kocaeli,6,Leyla Büyük,14
Vatan,vatanpartisi,Kocaeli,kocaeli,Kocaeli,7,İsmail Nazmi Damarlı,14
Vatan,vatanpartisi,Kocaeli,kocaeli,Kocaeli,8,Yaşar Yalçınkaya,14
Vatan,vatanpartisi,Kocaeli,kocaeli,Kocaeli,9,Orhan Kadıoğlu,14
Vatan,vatanpartisi,Kocaeli,kocaeli,Kocaeli,10,Erol Balaban,14
Vatan,vatanpartisi,Kocaeli,kocaeli,Kocaeli,11,Nuran Aydoğan,14
Vatan,vatanpartisi,Kocaeli,kocaeli,Kocaeli,12,Kemal Bayraktar,14
Vatan,vatanpartisi,Kocaeli,kocaeli,Kocaeli,13,Orçun Ceylandağ,14
Vatan,vatanpartisi,Kocaeli,kocaeli,Kocaeli,14,Ezgi Kardelen Turan,14
Y.Refah,yenidenrefah,Kocaeli,kocaeli,Kocaeli,1,Mehmet Aşıla,14
Y.Refah,yenidenrefah,Kocaeli,kocaeli,Kocaeli,2,Basri Çayır,14
Y.Refah,yenidenrefah,Kocaeli,kocaeli,Kocaeli,3,Levent Gödek,14
Y.Refah,yenidenrefah,Kocaeli,kocaeli,Kocaeli,4,Ahmet Emre Aydın,14
Y.Refah,yenidenrefah,Kocaeli,kocaeli,Kocaeli,5,Maşallah Söğüt,14
Y.Refah,yenidenrefah,Kocaeli,kocaeli,Kocaeli,6,Yaşar Birgül,14
Y.Refah,yenidenrefah,Kocaeli,kocaeli,Kocaeli,7,Selim Kırıcı,14
Y.Refah,yenidenrefah,Kocaeli,kocaeli,Kocaeli,8,Melike Yalçın,14
Y.Refah,yenidenrefah,Kocaeli,kocaeli,Kocaeli,9,Süleyman Kabaca,14
Y.Refah,yenidenrefah,Kocaeli,kocaeli,Kocaeli,10,Emin Gürcan,14
Y.Refah,yenidenrefah,Kocaeli,kocaeli,Kocaeli,11,Hakan Uzun,14
Y.Refah,yenidenrefah,Kocaeli,kocaeli,Kocaeli,12,Murat Doğru,14
Y.Refah,yenidenrefah,Kocaeli,kocaeli,Kocaeli,13,Tolga Aydın,14
Y.Refah,yenidenrefah,Kocaeli,kocaeli,Kocaeli,14,Cihan Kurdal,14
Y.Sol Parti,yesilsolparti,Kocaeli,kocaeli,Kocaeli,1,Ömer Faruk Gergerlioğlu,14
Y.Sol Parti,yesilsolparti,Kocaeli,kocaeli,Kocaeli,2,Eylem Arzu Kayaoğlu,14
Y.Sol Parti,yesilsolparti,Kocaeli,kocaeli,Kocaeli,3,İlhami Şahbaz,14
Y.Sol Parti,yesilsolparti,Kocaeli,kocaeli,Kocaeli,4,Selda İlgöz Kocayiğit,14
Y.Sol Parti,yesilsolparti,Kocaeli,kocaeli,Kocaeli,5,Memet Selim Akboğa,14
Y.Sol Parti,yesilsolparti,Kocaeli,kocaeli,Kocaeli,6,Zeliha Göksügüzel,14
Y.Sol Parti,yesilsolparti,Kocaeli,kocaeli,Kocaeli,7,Sinan Odabaş,14
Y.Sol Parti,yesilsolparti,Kocaeli,kocaeli,Kocaeli,8,Fatma Yıldırım,14
Y.Sol Parti,yesilsolparti,Kocaeli,kocaeli,Kocaeli,9,Mehmet Emin İnce,14
Y.Sol Parti,yesilsolparti,Kocaeli,kocaeli,Kocaeli,10,Kudret Davutoğlu,14
Y.Sol Parti,yesilsolparti,Kocaeli,kocaeli,Kocaeli,11,Yusuf Akar,14
Y.Sol Parti,yesilsolparti,Kocaeli,kocaeli,Kocaeli,12,Serpil Topal,14
Y.Sol Parti,yesilsolparti,Kocaeli,kocaeli,Kocaeli,13,Ayten Dönmez,14
Y.Sol Parti,yesilsolparti,Kocaeli,kocaeli,Kocaeli,14,Murat Ozan,14
YP,yp,Kocaeli,kocaeli,Kocaeli,1,Aytaç Yıldıztekin,14
YP,yp,Kocaeli,kocaeli,Kocaeli,2,Arif Aygün,14
YP,yp,Kocaeli,kocaeli,Kocaeli,3,Halil İbrahim Öğünç,14
YP,yp,Kocaeli,kocaeli,Kocaeli,4,Volkan İzmir,14
YP,yp,Kocaeli,kocaeli,Kocaeli,5,Faruk Demirkıyık,14
YP,yp,Kocaeli,kocaeli,Kocaeli,6,İsa Durgun,14
YP,yp,Kocaeli,kocaeli,Kocaeli,7,Cihan Şengül,14
YP,yp,Kocaeli,kocaeli,Kocaeli,8,Elvan Bolat,14
YP,yp,Kocaeli,kocaeli,Kocaeli,9,Batuhan Banuşoğlu,14
YP,yp,Kocaeli,kocaeli,Kocaeli,10,Ferdi Temizoğlu,14
YP,yp,Kocaeli,kocaeli,Kocaeli,11,Sadık Şimşek,14
YP,yp,Kocaeli,kocaeli,Kocaeli,12,Veli Yıldırım,14
YP,yp,Kocaeli,kocaeli,Kocaeli,13,Recep Şahin,14
YP,yp,Kocaeli,kocaeli,Kocaeli,14,Osman Anil,14
Zafer,zaferpartisi,Kocaeli,kocaeli,Kocaeli,1,Zekai Kahyaoğlu,14
Zafer,zaferpartisi,Kocaeli,kocaeli,Kocaeli,2,Onur Can Gül,14
Zafer,zaferpartisi,Kocaeli,kocaeli,Kocaeli,3,Güven Çelik,14
Zafer,zaferpartisi,Kocaeli,kocaeli,Kocaeli,4,Alper Gülebaş,14
Zafer,zaferpartisi,Kocaeli,kocaeli,Kocaeli,5,Ali Yurttav,14
Zafer,zaferpartisi,Kocaeli,kocaeli,Kocaeli,6,Çağrı Andaç,14
Zafer,zaferpartisi,Kocaeli,kocaeli,Kocaeli,7,Eray Salih Erel,14
Zafer,zaferpartisi,Kocaeli,kocaeli,Kocaeli,8,Alaattin Kürşat Derebaş,14
Zafer,zaferpartisi,Kocaeli,kocaeli,Kocaeli,9,Ufukhan Aslan,14
Zafer,zaferpartisi,Kocaeli,kocaeli,Kocaeli,10,Emin Kahraman Yaşar,14
Zafer,zaferpartisi,Kocaeli,kocaeli,Kocaeli,11,Recep Mert,14
Zafer,zaferpartisi,Kocaeli,kocaeli,Kocaeli,12,Turan Sönmez,14
Zafer,zaferpartisi,Kocaeli,kocaeli,Kocaeli,13,Hacı Filik,14
Zafer,zaferpartisi,Kocaeli,kocaeli,Kocaeli,14,Adil Gökşin,14
Adalet,ap,Konya,konya,Konya,1,Recep Böber,15
Adalet,ap,Konya,konya,Konya,2,Ali Kaya,15
Adalet,ap,Konya,konya,Konya,3,Hüseyin Özgöz,15
Adalet,ap,Konya,konya,Konya,4,Emine Çetintaş,15
Adalet,ap,Konya,konya,Konya,5,Gamze Büşra Doğan,15
Adalet,ap,Konya,konya,Konya,6,Mustafa Doğan,15
Adalet,ap,Konya,konya,Konya,7,Ahmet Alparslan,15
Adalet,ap,Konya,konya,Konya,8,Ömer Akbay,15
Adalet,ap,Konya,konya,Konya,9,Muharrem Korkmaz,15
Adalet,ap,Konya,konya,Konya,10,Akif Demir,15
Adalet,ap,Konya,konya,Konya,11,Hatice Kübra İnlidere,15
Adalet,ap,Konya,konya,Konya,12,Mahmut Ay,15
Adalet,ap,Konya,konya,Konya,13,İbrahim Ay,15
Adalet,ap,Konya,konya,Konya,14,İbrahim Çakmak,15
Adalet,ap,Konya,konya,Konya,15,Alberk Babat,15
AK Parti,akparti,Konya,konya,Konya,1,Tahir Akyürek,15
AK Parti,akparti,Konya,konya,Konya,2,Orhan Erdem,15
AK Parti,akparti,Konya,konya,Konya,3,Selman Özboyacı,15
AK Parti,akparti,Konya,konya,Konya,4,Meryem Göka,15
AK Parti,akparti,Konya,konya,Konya,5,Abdullah Ağralı,15
AK Parti,akparti,Konya,konya,Konya,6,Mehmet Baykan,15
AK Parti,akparti,Konya,konya,Konya,7,Ziya Altunyaldız,15
AK Parti,akparti,Konya,konya,Konya,8,Latif Selvi,15
AK Parti,akparti,Konya,konya,Konya,9,Mustafa Hakan Özer,15
AK Parti,akparti,Konya,konya,Konya,10,Faruk Özçelik,15
AK Parti,akparti,Konya,konya,Konya,11,Burhanettin Sevencan,15
AK Parti,akparti,Konya,konya,Konya,12,Saadet Armağan Güleç Korumaz,15
AK Parti,akparti,Konya,konya,Konya,13,Ercan Uslu,15
AK Parti,akparti,Konya,konya,Konya,14,Hümeyra Saçkesen,15
AK Parti,akparti,Konya,konya,Konya,15,Muhammed Zeren,15
ANAP,anap,Konya,konya,Konya,1,Ahmet İzgi,15
ANAP,anap,Konya,konya,Konya,2,Halil İbrahim Hızırata,15
ANAP,anap,Konya,konya,Konya,3,Mustafa Malas,15
ANAP,anap,Konya,konya,Konya,4,Atabey Hüseyin Açıkgöz,15
ANAP,anap,Konya,konya,Konya,5,Erdem Öney,15
ANAP,anap,Konya,konya,Konya,6,Mustafa Çetin,15
ANAP,anap,Konya,konya,Konya,7,Selim Mutlu,15
ANAP,anap,Konya,konya,Konya,8,Talha Güneş,15
ANAP,anap,Konya,konya,Konya,9,Tuğba Terken,15
ANAP,anap,Konya,konya,Konya,10,Mesut Çağdaş,15
ANAP,anap,Konya,konya,Konya,11,Emine Turan,15
ANAP,anap,Konya,konya,Konya,12,Erkan Eskiler,15
ANAP,anap,Konya,konya,Konya,13,Ahmet Safa Durmuş,15
ANAP,anap,Konya,konya,Konya,14,Mehmet Güngör,15
ANAP,anap,Konya,konya,Konya,15,Hasan Hüseyin Kaplan,15
Bağımsız,bagimsiz,Konya,konya,Konya,1,Hasan Şaban Sert,15
Bağımsız,bagimsiz,Konya,konya,Konya,2,Mevladen Gönüllü,15
Bağımsız,bagimsiz,Konya,konya,Konya,3,Hasan Fehmi Bıyık,15
Bağımsız,bagimsiz,Konya,konya,Konya,4,Yüksel Kızılkan,15
BBP,bbp,Konya,konya,Konya,1,Osman Seçgin,15
BBP,bbp,Konya,konya,Konya,2,İsmail İnlidere,15
BBP,bbp,Konya,konya,Konya,3,Seyit Özcan,15
BBP,bbp,Konya,konya,Konya,4,Doğan Satı,15
BBP,bbp,Konya,konya,Konya,5,Halil İbrahim Söğüt,15
BBP,bbp,Konya,konya,Konya,6,Hacer Atasağun,15
BBP,bbp,Konya,konya,Konya,7,Alper Kutsal Köz,15
BBP,bbp,Konya,konya,Konya,8,Muhammed Fatih Dağlıoğlugil,15
BBP,bbp,Konya,konya,Konya,9,Fatih Yakarer,15
BBP,bbp,Konya,konya,Konya,10,Ömeril Faruk Keresteci,15
BBP,bbp,Konya,konya,Konya,11,Fatih Mehmet Kuz,15
BBP,bbp,Konya,konya,Konya,12,Yaşar İvriz,15
BBP,bbp,Konya,konya,Konya,13,Abdurrahman Çimen,15
BBP,bbp,Konya,konya,Konya,14,Mülazim Esen,15
BBP,bbp,Konya,konya,Konya,15,Eyüp Şenol,15
CHP,chp,Konya,konya,Konya,1,Barış Bektaş,15
CHP,chp,Konya,konya,Konya,2,Hasan Ekici,15
CHP,chp,Konya,konya,Konya,3,Gençosman Killik,15
CHP,chp,Konya,konya,Konya,4,Ömer Ünal,15
CHP,chp,Konya,konya,Konya,5,Halil Ercan,15
CHP,chp,Konya,konya,Konya,6,Kamil Bülbül Okuyucu,15
CHP,chp,Konya,konya,Konya,7,Galip Polat,15
CHP,chp,Konya,konya,Konya,8,Ayşe Alkım Gökçe,15
CHP,chp,Konya,konya,Konya,9,Mürsel Ayrancı,15
CHP,chp,Konya,konya,Konya,10,Ezgi Bilge Arslan,15
CHP,chp,Konya,konya,Konya,11,Şerife Tunç,15
CHP,chp,Konya,konya,Konya,12,Mehmet Pirzade,15
CHP,chp,Konya,konya,Konya,13,Dursun Kaplan,15
CHP,chp,Konya,konya,Konya,14,Rıdvan Şenyurt,15
CHP,chp,Konya,konya,Konya,15,Tevfik Fikret İvgen,15
GBP,gbp,Konya,konya,Konya,1,Abdil Şen,15
GBP,gbp,Konya,konya,Konya,2,Muhammet Demir,15
GBP,gbp,Konya,konya,Konya,3,Merih Keskes,15
GBP,gbp,Konya,konya,Konya,4,Ahmet Akkuş,15
GBP,gbp,Konya,konya,Konya,5,Özlem Demirkol,15
GBP,gbp,Konya,konya,Konya,6,Seyit Ahmet Kurnaz,15
GBP,gbp,Konya,konya,Konya,7,Nimet Demir,15
GBP,gbp,Konya,konya,Konya,8,Cihan Çiçek,15
GBP,gbp,Konya,konya,Konya,9,Şaziye Karabulut,15
GBP,gbp,Konya,konya,Konya,10,Burak Dayankoç,15
GBP,gbp,Konya,konya,Konya,11,Ahmet Aksoy,15
GBP,gbp,Konya,konya,Konya,12,Mehmet Şerif Yıldırım,15
GBP,gbp,Konya,konya,Konya,13,Erol İlci,15
GBP,gbp,Konya,konya,Konya,14,Mehmet Ali Turhan,15
GBP,gbp,Konya,konya,Konya,15,Furkan Yılmaz,15
HAK-PAR,hakpar,Konya,konya,Konya,1,Reşat Behçet,15
HAK-PAR,hakpar,Konya,konya,Konya,2,Osman Sarıtaş,15
HAK-PAR,hakpar,Konya,konya,Konya,3,Nihal Çetinkaya,15
HAK-PAR,hakpar,Konya,konya,Konya,4,Gürsel Demirel,15
HAK-PAR,hakpar,Konya,konya,Konya,5,Osman Kerpiç,15
HAK-PAR,hakpar,Konya,konya,Konya,6,Tülin Akdeniz,15
HAK-PAR,hakpar,Konya,konya,Konya,7,Hasan Kanat,15
HAK-PAR,hakpar,Konya,konya,Konya,8,Vehbi Baysal,15
HAK-PAR,hakpar,Konya,konya,Konya,9,Ahmet Düzgün,15
HAK-PAR,hakpar,Konya,konya,Konya,10,Ramazan Çelik,15
HAK-PAR,hakpar,Konya,konya,Konya,11,Özgür Kerpiç,15
HAK-PAR,hakpar,Konya,konya,Konya,12,Ciğer Hun Akdeniz,15
HAK-PAR,hakpar,Konya,konya,Konya,13,Medine Sarıtaş,15
HAK-PAR,hakpar,Konya,konya,Konya,14,Mehmet Kaya,15
HAK-PAR,hakpar,Konya,konya,Konya,15,Irgat Polat,15
HKP,hkp,Konya,konya,Konya,1,Ayşe Özer,15
HKP,hkp,Konya,konya,Konya,2,Mehmet Ünver,15
HKP,hkp,Konya,konya,Konya,3,Huriye Tekin,15
HKP,hkp,Konya,konya,Konya,4,İbrahim İniş,15
HKP,hkp,Konya,konya,Konya,5,Hasan Çatlı,15
HKP,hkp,Konya,konya,Konya,6,Emine Kuşcu,15
HKP,hkp,Konya,konya,Konya,7,Serap Şahbaz,15
HKP,hkp,Konya,konya,Konya,8,Mustafa Şahbaz,15
HKP,hkp,Konya,konya,Konya,9,Abdullah Kaya,15
HKP,hkp,Konya,konya,Konya,10,Birol Alp,15
HKP,hkp,Konya,konya,Konya,11,Levent Ceylan,15
HKP,hkp,Konya,konya,Konya,12,Mehmet Öncül,15
HKP,hkp,Konya,konya,Konya,13,Ahmet Okur,15
HKP,hkp,Konya,konya,Konya,14,Hüseyin Yılmaz,15
HKP,hkp,Konya,konya,Konya,15,Anılcem Karagedik,15
İyi Parti,iyiparti,Konya,konya,Konya,1,Ünal Karaman,15
İyi Parti,iyiparti,Konya,konya,Konya,2,Fahrettin Yokuş,15
İyi Parti,iyiparti,Konya,konya,Konya,3,Selin Tozoğlu,15
İyi Parti,iyiparti,Konya,konya,Konya,4,Osman Fedai,15
İyi Parti,iyiparti,Konya,konya,Konya,5,Ahmet Öztürk,15
İyi Parti,iyiparti,Konya,konya,Konya,6,Yaşar Yaman,15
İyi Parti,iyiparti,Konya,konya,Konya,7,Tolunay Özçelik,15
İyi Parti,iyiparti,Konya,konya,Konya,8,Esra Totan,15
İyi Parti,iyiparti,Konya,konya,Konya,9,Nuri Ünalan,15
İyi Parti,iyiparti,Konya,konya,Konya,10,Erhan Gökmen,15
İyi Parti,iyiparti,Konya,konya,Konya,11,Hasan Hüseyin Hadimli,15
İyi Parti,iyiparti,Konya,konya,Konya,12,Adnan Ayyıldız,15
İyi Parti,iyiparti,Konya,konya,Konya,13,İsmail Afşar,15
İyi Parti,iyiparti,Konya,konya,Konya,14,İbrahim Çalışkan,15
İyi Parti,iyiparti,Konya,konya,Konya,15,Sema Vadi,15
Memleket,memleket,Konya,konya,Konya,1,Ömer Özdoğan,15
Memleket,memleket,Konya,konya,Konya,2,Ersin Candan,15
Memleket,memleket,Konya,konya,Konya,3,Mahmut Elihayrat,15
Memleket,memleket,Konya,konya,Konya,4,Ömer Süle,15
Memleket,memleket,Konya,konya,Konya,5,Mehmet Koçer,15
Memleket,memleket,Konya,konya,Konya,6,Ahmet Onur Tekin,15
Memleket,memleket,Konya,konya,Konya,7,Fatih Sultan Kazanbaş,15
Memleket,memleket,Konya,konya,Konya,8,Havva Aleyna Demirezen,15
Memleket,memleket,Konya,konya,Konya,9,Adem Demir,15
Memleket,memleket,Konya,konya,Konya,10,İbrahim Doğru,15
Memleket,memleket,Konya,konya,Konya,11,Emre Derin,15
Memleket,memleket,Konya,konya,Konya,12,Uğur Boz,15
Memleket,memleket,Konya,konya,Konya,13,Tolga Berke Taşkın,15
Memleket,memleket,Konya,konya,Konya,14,Hülya Betül Topuksuz,15
Memleket,memleket,Konya,konya,Konya,15,Kadir Göz,15
MHP,mhp,Konya,konya,Konya,1,Mustafa Kalaycı,15
MHP,mhp,Konya,konya,Konya,2,Konur Alp Koçak,15
MHP,mhp,Konya,konya,Konya,3,Celil Çalış,15
MHP,mhp,Konya,konya,Konya,4,Güzide Çipan,15
MHP,mhp,Konya,konya,Konya,5,Hüseyin Kavas,15
MHP,mhp,Konya,konya,Konya,6,Bilal Yiğit,15
MHP,mhp,Konya,konya,Konya,7,Mustafa Yağan,15
MHP,mhp,Konya,konya,Konya,8,Mehmet Turhan,15
MHP,mhp,Konya,konya,Konya,9,Yasin Yakar,15
MHP,mhp,Konya,konya,Konya,10,Salih Akça,15
MHP,mhp,Konya,konya,Konya,11,Songül Gizem Yücel,15
MHP,mhp,Konya,konya,Konya,12,Ramazan Uyar,15
MHP,mhp,Konya,konya,Konya,13,Aytekin Mart,15
MHP,mhp,Konya,konya,Konya,14,Yakup Kocabaş,15
MHP,mhp,Konya,konya,Konya,15,Fatih Toklucu,15
MİLLET,millet,Konya,konya,Konya,1,Ahmet Kara,15
MİLLET,millet,Konya,konya,Konya,2,Mehmet Ali Küçükgüzel,15
MİLLET,millet,Konya,konya,Konya,3,Ahmet Şahap,15
MİLLET,millet,Konya,konya,Konya,4,Muharrem Yakın,15
MİLLET,millet,Konya,konya,Konya,5,Orhan Polat,15
MİLLET,millet,Konya,konya,Konya,6,Yakup Altıntop,15
MİLLET,millet,Konya,konya,Konya,7,Emişe Söğüt,15
MİLLET,millet,Konya,konya,Konya,8,Mustafa İnce,15
MİLLET,millet,Konya,konya,Konya,9,Mehmet Çankaya,15
MİLLET,millet,Konya,konya,Konya,10,Mustafa Toydemir,15
MİLLET,millet,Konya,konya,Konya,11,Kemal Kale,15
MİLLET,millet,Konya,konya,Konya,12,Şakir Tonbalak,15
MİLLET,millet,Konya,konya,Konya,13,Metin Şahap,15
MİLLET,millet,Konya,konya,Konya,14,Rahim Aktaş,15
MİLLET,millet,Konya,konya,Konya,15,Gülnaz Küçükgüzel,15
Sol Parti,solparti,Konya,konya,Konya,1,Hatice Keskin,15
Sol Parti,solparti,Konya,konya,Konya,2,Fuat Remzi Marangoz,15
Sol Parti,solparti,Konya,konya,Konya,3,Saffet Uğur,15
Sol Parti,solparti,Konya,konya,Konya,4,Aydın Uz,15
Sol Parti,solparti,Konya,konya,Konya,5,Fevziye Eroğlu,15
Sol Parti,solparti,Konya,konya,Konya,6,Mestan Ökten,15
Sol Parti,solparti,Konya,konya,Konya,7,Osman Ünlüeroğlugil,15
Sol Parti,solparti,Konya,konya,Konya,8,Yalçın Köse,15
Sol Parti,solparti,Konya,konya,Konya,9,Osman Nuri Telatar,15
Sol Parti,solparti,Konya,konya,Konya,10,Abdullah Demirel,15
Sol Parti,solparti,Konya,konya,Konya,11,Nazmi Gökçeli,15
Sol Parti,solparti,Konya,konya,Konya,12,Özenç Yıldırım,15
Sol Parti,solparti,Konya,konya,Konya,13,Mehmet Cirit,15
Sol Parti,solparti,Konya,konya,Konya,14,Selim Dönmez,15
Sol Parti,solparti,Konya,konya,Konya,15,Hamit Aydın,15
TİP,tip,Konya,konya,Konya,1,Bilal Ortakalaycı,15
TİP,tip,Konya,konya,Konya,2,Pınar Babir,15
TİP,tip,Konya,konya,Konya,3,İbrahim Altınpınar,15
TİP,tip,Konya,konya,Konya,4,Bilge Kaan Özdal,15
TİP,tip,Konya,konya,Konya,5,Yunus Koca,15
TİP,tip,Konya,konya,Konya,6,Muhammed Enes Akuğur,15
TİP,tip,Konya,konya,Konya,7,Ayşe Bağlamış,15
TİP,tip,Konya,konya,Konya,8,Züleyha Türksever,15
TİP,tip,Konya,konya,Konya,9,Yağmur Tok Al,15
TİP,tip,Konya,konya,Konya,10,Mahi Öznur Bilen,15
TİP,tip,Konya,konya,Konya,11,Cenan Şarman Utku,15
TİP,tip,Konya,konya,Konya,12,Ömer Eryetkin,15
TİP,tip,Konya,konya,Konya,13,Nurcan Kaya,15
TİP,tip,Konya,konya,Konya,14,Serkan Tunç Keçeli,15
TİP,tip,Konya,konya,Konya,15,Ayşe Erdoğan,15
TKH,tkh,Konya,konya,Konya,1,Ali Demir,15
TKH,tkh,Konya,konya,Konya,2,Adem Macar,15
TKH,tkh,Konya,konya,Konya,3,Gülser Han,15
TKH,tkh,Konya,konya,Konya,4,Cüneyt Ağar,15
TKH,tkh,Konya,konya,Konya,5,Onur Ünal,15
TKH,tkh,Konya,konya,Konya,6,Ecem Oktay,15
TKH,tkh,Konya,konya,Konya,7,Atakan Sava,15
TKH,tkh,Konya,konya,Konya,8,Hüseyin Sucuğ,15
TKH,tkh,Konya,konya,Konya,9,Banu Suzan Ünal,15
TKH,tkh,Konya,konya,Konya,10,Ömer Çalışkan,15
TKH,tkh,Konya,konya,Konya,11,Cansu Çakar,15
TKH,tkh,Konya,konya,Konya,12,Ülfet Kirmit Basa,15
TKH,tkh,Konya,konya,Konya,13,Yeter Yeşim Yıldırım,15
TKH,tkh,Konya,konya,Konya,14,Ersan Solmaz,15
TKH,tkh,Konya,konya,Konya,15,Esranur Birsin,15
TKP,tkp,Konya,konya,Konya,1,Zehra Filiz Demirayak,15
TKP,tkp,Konya,konya,Konya,2,Yusuf Erdoğan,15
TKP,tkp,Konya,konya,Konya,3,Damla Nur Çarmızol,15
TKP,tkp,Konya,konya,Konya,4,Lütfi Dilek,15
TKP,tkp,Konya,konya,Konya,5,İsacan Arslanhan,15
TKP,tkp,Konya,konya,Konya,6,Mehmet Avcı,15
TKP,tkp,Konya,konya,Konya,7,Cenk Samet Er,15
TKP,tkp,Konya,konya,Konya,8,Mine Çakır,15
TKP,tkp,Konya,konya,Konya,9,Şener Şimşek,15
TKP,tkp,Konya,konya,Konya,10,Çağdaş Übeyit Büyükdalda,15
TKP,tkp,Konya,konya,Konya,11,Refika Polat,15
TKP,tkp,Konya,konya,Konya,12,Mustafa Baş,15
TKP,tkp,Konya,konya,Konya,13,Fatma Yaren Yazıcı,15
TKP,tkp,Konya,konya,Konya,14,Niyazi Batman,15
TKP,tkp,Konya,konya,Konya,15,Serdar Dikerkol,15
Vatan,vatanpartisi,Konya,konya,Konya,1,Kazım Koçer,15
Vatan,vatanpartisi,Konya,konya,Konya,2,Eylem Göksu Yıldırım,15
Vatan,vatanpartisi,Konya,konya,Konya,3,Halis Levent Başeğmez,15
Vatan,vatanpartisi,Konya,konya,Konya,4,Fatma Gözdenur Mercan,15
Vatan,vatanpartisi,Konya,konya,Konya,5,Ali Uslu,15
Vatan,vatanpartisi,Konya,konya,Konya,6,Fahrettin Küçük,15
Vatan,vatanpartisi,Konya,konya,Konya,7,Mustafa Çiğdem,15
Vatan,vatanpartisi,Konya,konya,Konya,8,Mehmet Ali Öztürk,15
Vatan,vatanpartisi,Konya,konya,Konya,9,Nefise Nilgün Bitlisli,15
Vatan,vatanpartisi,Konya,konya,Konya,10,Muhammed Koz,15
Vatan,vatanpartisi,Konya,konya,Konya,11,Gürcan Gürsoy,15
Vatan,vatanpartisi,Konya,konya,Konya,12,Halil Uludağ,15
Vatan,vatanpartisi,Konya,konya,Konya,13,Zeynep Koyuncu,15
Vatan,vatanpartisi,Konya,konya,Konya,14,Münire Tomana,15
Vatan,vatanpartisi,Konya,konya,Konya,15,Mevlüde Dinçbudak,15
Y.Refah,yenidenrefah,Konya,konya,Konya,1,Ali Yüksel,15
Y.Refah,yenidenrefah,Konya,konya,Konya,2,Adnan Acar,15
Y.Refah,yenidenrefah,Konya,konya,Konya,3,Mevlüt Koç,15
Y.Refah,yenidenrefah,Konya,konya,Konya,4,Mustafa Özerdem,15
Y.Refah,yenidenrefah,Konya,konya,Konya,5,Temel Peker,15
Y.Refah,yenidenrefah,Konya,konya,Konya,6,Hatice İnlidere,15
Y.Refah,yenidenrefah,Konya,konya,Konya,7,Mehmet Uyan,15
Y.Refah,yenidenrefah,Konya,konya,Konya,8,Mehmet Altuğ,15
Y.Refah,yenidenrefah,Konya,konya,Konya,9,Mehmet Kacaroğlu,15
Y.Refah,yenidenrefah,Konya,konya,Konya,10,İsmail Topçu,15
Y.Refah,yenidenrefah,Konya,konya,Konya,11,Hasan Doğan,15
Y.Refah,yenidenrefah,Konya,konya,Konya,12,Ömer Ceylan,15
Y.Refah,yenidenrefah,Konya,konya,Konya,13,Ali Camgöz,15
Y.Refah,yenidenrefah,Konya,konya,Konya,14,Burak Cihat Dündar,15
Y.Refah,yenidenrefah,Konya,konya,Konya,15,Feridun Demirci,15
Y.Sol Parti,yesilsolparti,Konya,konya,Konya,1,Mulla Şimşek,15
Y.Sol Parti,yesilsolparti,Konya,konya,Konya,2,Emine Duymaz,15
Y.Sol Parti,yesilsolparti,Konya,konya,Konya,3,Esma Köker,15
Y.Sol Parti,yesilsolparti,Konya,konya,Konya,4,Ahmet Recai Ersoy,15
Y.Sol Parti,yesilsolparti,Konya,konya,Konya,5,Fatma Yıldız,15
Y.Sol Parti,yesilsolparti,Konya,konya,Konya,6,Rojvan Uludağ,15
Y.Sol Parti,yesilsolparti,Konya,konya,Konya,7,Sadiye Keleş,15
Y.Sol Parti,yesilsolparti,Konya,konya,Konya,8,Erkan Şengül,15
Y.Sol Parti,yesilsolparti,Konya,konya,Konya,9,Mehmet Ali Kartal,15
Y.Sol Parti,yesilsolparti,Konya,konya,Konya,10,Mevlüt Taşdemirci,15
Y.Sol Parti,yesilsolparti,Konya,konya,Konya,11,Azat Sarı,15
Y.Sol Parti,yesilsolparti,Konya,konya,Konya,12,Sevim Şakar,15
Y.Sol Parti,yesilsolparti,Konya,konya,Konya,13,Kenan Maçoğlu,15
Y.Sol Parti,yesilsolparti,Konya,konya,Konya,14,Kardelen Karaman,15
Y.Sol Parti,yesilsolparti,Konya,konya,Konya,15,Onur Ardık,15
Zafer,zaferpartisi,Konya,konya,Konya,1,Mehmet Alagöz,15
Zafer,zaferpartisi,Konya,konya,Konya,2,Mehmet Şen,15
Zafer,zaferpartisi,Konya,konya,Konya,3,Ömer Faruk Erdoğan,15
Zafer,zaferpartisi,Konya,konya,Konya,4,Songül Çetin,15
Zafer,zaferpartisi,Konya,konya,Konya,5,Hakan Dülger,15
Zafer,zaferpartisi,Konya,konya,Konya,6,Remzi Arı,15
Zafer,zaferpartisi,Konya,konya,Konya,7,İsmail Özavcu,15
Zafer,zaferpartisi,Konya,konya,Konya,8,Adem Ak,15
Zafer,zaferpartisi,Konya,konya,Konya,9,Kübra Koçak,15
Zafer,zaferpartisi,Konya,konya,Konya,10,Ahmet Yetkin,15
Zafer,zaferpartisi,Konya,konya,Konya,11,Mehmet Turan Genç,15
Zafer,zaferpartisi,Konya,konya,Konya,12,İsa Günal,15
Zafer,zaferpartisi,Konya,konya,Konya,13,Miraç Musa Akay,15
Zafer,zaferpartisi,Konya,konya,Konya,14,Şahin Günkaya,15
Zafer,zaferpartisi,Konya,konya,Konya,15,Ümit Can Demirci,15
Adalet,ap,Kütahya,kutahya,Kütahya,1,Bülent Mandal,5
Adalet,ap,Kütahya,kutahya,Kütahya,2,Murat Mazı,5
Adalet,ap,Kütahya,kutahya,Kütahya,3,Semiha Erdoğan,5
Adalet,ap,Kütahya,kutahya,Kütahya,4,Mücahit Yıldız,5
Adalet,ap,Kütahya,kutahya,Kütahya,5,Cemil Baloğlu,5
AK Parti,akparti,Kütahya,kutahya,Kütahya,1,Adil Biçer,5
AK Parti,akparti,Kütahya,kutahya,Kütahya,2,İsmail Çağlar Bayırcı,5
AK Parti,akparti,Kütahya,kutahya,Kütahya,3,Mehmet Demir,5
AK Parti,akparti,Kütahya,kutahya,Kütahya,4,Esra Özbek Balcı,5
AK Parti,akparti,Kütahya,kutahya,Kütahya,5,Mustafa Altuğ Atalay,5
ANAP,anap,Kütahya,kutahya,Kütahya,1,Halil Bilgiç,5
ANAP,anap,Kütahya,kutahya,Kütahya,2,Ali Rıza Doğan,5
ANAP,anap,Kütahya,kutahya,Kütahya,3,Esat Tekin,5
ANAP,anap,Kütahya,kutahya,Kütahya,4,Ersel Altınsoy,5
ANAP,anap,Kütahya,kutahya,Kütahya,5,Yaşar Öztürk,5
BBP,bbp,Kütahya,kutahya,Kütahya,1,Cüneyt Erol,5
BBP,bbp,Kütahya,kutahya,Kütahya,2,Yunus Soygür,5
BBP,bbp,Kütahya,kutahya,Kütahya,3,Havva Bacak,5
BBP,bbp,Kütahya,kutahya,Kütahya,4,Hasan Keskin,5
BBP,bbp,Kütahya,kutahya,Kütahya,5,Yıldırım Bayezıd Şenferah,5
CHP,chp,Kütahya,kutahya,Kütahya,1,Ali Fazıl Kasap,5
CHP,chp,Kütahya,kutahya,Kütahya,2,Ahmet Sunar,5
CHP,chp,Kütahya,kutahya,Kütahya,3,Güler Ezgi Doğan Turan,5
CHP,chp,Kütahya,kutahya,Kütahya,4,Haşim Ertekin,5
CHP,chp,Kütahya,kutahya,Kütahya,5,Kerem Erkul,5
Genç Parti,gencparti,Kütahya,kutahya,Kütahya,1,Süleyman Gün,5
Genç Parti,gencparti,Kütahya,kutahya,Kütahya,2,Berk Küçüksatıcı,5
Genç Parti,gencparti,Kütahya,kutahya,Kütahya,3,Bediha Bolat,5
Genç Parti,gencparti,Kütahya,kutahya,Kütahya,4,Yılmaz Kaya,5
Genç Parti,gencparti,Kütahya,kutahya,Kütahya,5,Semra Salcı,5
HAK-PAR,hakpar,Kütahya,kutahya,Kütahya,1,Ayşe Temel,5
HAK-PAR,hakpar,Kütahya,kutahya,Kütahya,2,Ali Özdemir,5
HAK-PAR,hakpar,Kütahya,kutahya,Kütahya,3,Servet Ertürk,5
HAK-PAR,hakpar,Kütahya,kutahya,Kütahya,4,Gamze Cankara,5
HAK-PAR,hakpar,Kütahya,kutahya,Kütahya,5,Hilal Gökçe,5
HKP,hkp,Kütahya,kutahya,Kütahya,1,Birsen Adeka,5
HKP,hkp,Kütahya,kutahya,Kütahya,2,Hakan Esen,5
HKP,hkp,Kütahya,kutahya,Kütahya,3,Murat Gençer,5
HKP,hkp,Kütahya,kutahya,Kütahya,4,Kemal Bin,5
HKP,hkp,Kütahya,kutahya,Kütahya,5,Hüseyin Akdağ,5
İyi Parti,iyiparti,Kütahya,kutahya,Kütahya,1,Orhan Özatik,5
İyi Parti,iyiparti,Kütahya,kutahya,Kütahya,2,Seydi Karakuş,5
İyi Parti,iyiparti,Kütahya,kutahya,Kütahya,3,Erol Ertürk,5
İyi Parti,iyiparti,Kütahya,kutahya,Kütahya,4,Nurcan Duygu,5
İyi Parti,iyiparti,Kütahya,kutahya,Kütahya,5,Tansu Coşkun,5
Memleket,memleket,Kütahya,kutahya,Kütahya,1,Adem Yılmaz,5
Memleket,memleket,Kütahya,kutahya,Kütahya,2,Rumeysa Erkuş,5
Memleket,memleket,Kütahya,kutahya,Kütahya,3,Fatih Furkan Akkurt,5
Memleket,memleket,Kütahya,kutahya,Kütahya,4,Ozan Rıza Özgüden,5
Memleket,memleket,Kütahya,kutahya,Kütahya,5,Mustafa Cantürk,5
MHP,mhp,Kütahya,kutahya,Kütahya,1,Ahmet Erbaş,5
MHP,mhp,Kütahya,kutahya,Kütahya,2,Murat Gül,5
MHP,mhp,Kütahya,kutahya,Kütahya,3,Mehmet Dinç,5
MHP,mhp,Kütahya,kutahya,Kütahya,4,Arzu Kurnaz,5
MHP,mhp,Kütahya,kutahya,Kütahya,5,Ülkü Gökçen Kehribar,5
MİLLET,millet,Kütahya,kutahya,Kütahya,1,Hüseyin Avni Doğansoy,5
MİLLET,millet,Kütahya,kutahya,Kütahya,2,Mehmet Kiraz,5
MİLLET,millet,Kütahya,kutahya,Kütahya,3,Halil Özcan,5
MİLLET,millet,Kütahya,kutahya,Kütahya,4,Muammer Sarıkaş,5
MİLLET,millet,Kütahya,kutahya,Kütahya,5,Muharrem Mutlu,5
Sol Parti,solparti,Kütahya,kutahya,Kütahya,1,Boran Yıldırım,5
Sol Parti,solparti,Kütahya,kutahya,Kütahya,2,Cansu Özkul,5
Sol Parti,solparti,Kütahya,kutahya,Kütahya,3,Deniz Saygın Dede,5
Sol Parti,solparti,Kütahya,kutahya,Kütahya,4,Lütfü Samet Kır,5
Sol Parti,solparti,Kütahya,kutahya,Kütahya,5,Sancar Ali Şahinbaş,5
TİP,tip,Kütahya,kutahya,Kütahya,1,İbrahim Beytullah Sayar,5
TİP,tip,Kütahya,kutahya,Kütahya,2,Adnan Pak,5
TİP,tip,Kütahya,kutahya,Kütahya,3,Mustafa Özmen,5
TİP,tip,Kütahya,kutahya,Kütahya,4,Burak Şerif Karateke,5
TİP,tip,Kütahya,kutahya,Kütahya,5,Utku Çifci,5
TKH,tkh,Kütahya,kutahya,Kütahya,1,Kerem Usluer,5
TKH,tkh,Kütahya,kutahya,Kütahya,2,Berfin Gülsoy,5
TKH,tkh,Kütahya,kutahya,Kütahya,3,Hanife Sava,5
TKH,tkh,Kütahya,kutahya,Kütahya,4,Erdal Eren Bayar,5
TKH,tkh,Kütahya,kutahya,Kütahya,5,İbrahim Özbunar,5
TKP,tkp,Kütahya,kutahya,Kütahya,1,Furkan Bilgi,5
TKP,tkp,Kütahya,kutahya,Kütahya,2,Furkan Okulevi,5
TKP,tkp,Kütahya,kutahya,Kütahya,3,Makbule Bozkur,5
TKP,tkp,Kütahya,kutahya,Kütahya,4,Oğulcan Kutay Kıvanç,5
TKP,tkp,Kütahya,kutahya,Kütahya,5,Yıldıray Erdoğmuş,5
Vatan,vatanpartisi,Kütahya,kutahya,Kütahya,1,İbrahim Kaya,5
Vatan,vatanpartisi,Kütahya,kutahya,Kütahya,2,Mehmet Karanlık,5
Vatan,vatanpartisi,Kütahya,kutahya,Kütahya,3,İbrahim Kasapoğlu,5
Vatan,vatanpartisi,Kütahya,kutahya,Kütahya,4,Abdullah Özoğlu,5
Vatan,vatanpartisi,Kütahya,kutahya,Kütahya,5,Seracettin Karaoğlu,5
Y.Refah,yenidenrefah,Kütahya,kutahya,Kütahya,1,Osman Gezgin,5
Y.Refah,yenidenrefah,Kütahya,kutahya,Kütahya,2,İrfan Güleç,5
Y.Refah,yenidenrefah,Kütahya,kutahya,Kütahya,3,İbrahim Girgin,5
Y.Refah,yenidenrefah,Kütahya,kutahya,Kütahya,4,Bayram Tosun,5
Y.Refah,yenidenrefah,Kütahya,kutahya,Kütahya,5,Muhammet Ali Güngör,5
Y.Sol Parti,yesilsolparti,Kütahya,kutahya,Kütahya,1,Ayşegül Korkutan,5
Y.Sol Parti,yesilsolparti,Kütahya,kutahya,Kütahya,2,Bilal Bilin,5
Y.Sol Parti,yesilsolparti,Kütahya,kutahya,Kütahya,3,Azime Daş,5
Y.Sol Parti,yesilsolparti,Kütahya,kutahya,Kütahya,4,Nihat Yıldırım,5
Y.Sol Parti,yesilsolparti,Kütahya,kutahya,Kütahya,5,Filiz Peştek Keskin,5
Zafer,zaferpartisi,Kütahya,kutahya,Kütahya,1,Şinasi Atay,5
Zafer,zaferpartisi,Kütahya,kutahya,Kütahya,2,Nazım Kılıç,5
Zafer,zaferpartisi,Kütahya,kutahya,Kütahya,3,Ali Can Daylan,5
Zafer,zaferpartisi,Kütahya,kutahya,Kütahya,4,Hamdi Uğur Beşe,5
Zafer,zaferpartisi,Kütahya,kutahya,Kütahya,5,Burak Orkun Arat,5
AK Parti,akparti,Malatya,malatya,Malatya,1,Bülent Tüfenkci,6
AK Parti,akparti,Malatya,malatya,Malatya,2,İhsan Koca,6
AK Parti,akparti,Malatya,malatya,Malatya,3,İnanç Siraç Kara Ölmeztoprak,6
AK Parti,akparti,Malatya,malatya,Malatya,4,Abdurrahman Babacan,6
AK Parti,akparti,Malatya,malatya,Malatya,5,Vahit Atalan,6
AK Parti,akparti,Malatya,malatya,Malatya,6,Ramazan Özcan,6
ANAP,anap,Malatya,malatya,Malatya,1,Mehmet Gül,6
ANAP,anap,Malatya,malatya,Malatya,2,Figen Gül,6
ANAP,anap,Malatya,malatya,Malatya,3,Ayşe Gürcan,6
ANAP,anap,Malatya,malatya,Malatya,4,İsa Canpolat,6
ANAP,anap,Malatya,malatya,Malatya,5,Vahap Gül,6
ANAP,anap,Malatya,malatya,Malatya,6,Mehmet Fettah Yeşilyurt,6
Bağımsız,bagimsiz,Malatya,malatya,Malatya,1,Tahsin Yaşar,6
Bağımsız,bagimsiz,Malatya,malatya,Malatya,2,Yusuf Karakuş,6
Bağımsız,bagimsiz,Malatya,malatya,Malatya,3,Ahmet Murat Sarıcı,6
Bağımsız,bagimsiz,Malatya,malatya,Malatya,4,Mehmet Özbey,6
BBP,bbp,Malatya,malatya,Malatya,1,Nihat Gürbüz,6
BBP,bbp,Malatya,malatya,Malatya,2,Nevzat Şahin,6
BBP,bbp,Malatya,malatya,Malatya,3,Özay Özcan,6
BBP,bbp,Malatya,malatya,Malatya,4,Hüseyin Önal,6
BBP,bbp,Malatya,malatya,Malatya,5,Abdulkadir Özaslan,6
BBP,bbp,Malatya,malatya,Malatya,6,Gaffar Akkuş,6
CHP,chp,Malatya,malatya,Malatya,1,Veli Ağbaba,6
CHP,chp,Malatya,malatya,Malatya,2,Enver Kiraz,6
CHP,chp,Malatya,malatya,Malatya,3,Battal Kanbay,6
CHP,chp,Malatya,malatya,Malatya,4,Ali İmran Marasalı,6
CHP,chp,Malatya,malatya,Malatya,5,Yusuf Kurşun,6
CHP,chp,Malatya,malatya,Malatya,6,Okay Demirhan,6
GBP,gbp,Malatya,malatya,Malatya,1,Habibe Han,6
GBP,gbp,Malatya,malatya,Malatya,2,Emrah Yıldırım,6
GBP,gbp,Malatya,malatya,Malatya,3,Eser Baran,6
GBP,gbp,Malatya,malatya,Malatya,4,Gülden Akdaş,6
GBP,gbp,Malatya,malatya,Malatya,5,Mehmet Mustafa Karaca,6
GBP,gbp,Malatya,malatya,Malatya,6,Büşra Han,6
HAK-PAR,hakpar,Malatya,malatya,Malatya,1,Nurettin Kızıldağ,6
HAK-PAR,hakpar,Malatya,malatya,Malatya,2,Süleyman Behçet,6
HAK-PAR,hakpar,Malatya,malatya,Malatya,3,Cemal Canbay,6
HAK-PAR,hakpar,Malatya,malatya,Malatya,4,Nesim Demir,6
HAK-PAR,hakpar,Malatya,malatya,Malatya,5,Memet Kızıldağ,6
HAK-PAR,hakpar,Malatya,malatya,Malatya,6,Fırat Aydın,6
HKP,hkp,Malatya,malatya,Malatya,1,Yeter Ağbaba,6
HKP,hkp,Malatya,malatya,Malatya,2,Semih Keklik,6
HKP,hkp,Malatya,malatya,Malatya,3,Mustafa Demirkol,6
HKP,hkp,Malatya,malatya,Malatya,4,Feti Beyazelma,6
HKP,hkp,Malatya,malatya,Malatya,5,İbrahim Taşar,6
HKP,hkp,Malatya,malatya,Malatya,6,Mustafa Salman,6
İyi Parti,iyiparti,Malatya,malatya,Malatya,1,Şeyhmus Göçmez,6
İyi Parti,iyiparti,Malatya,malatya,Malatya,2,Atilla Şahin,6
İyi Parti,iyiparti,Malatya,malatya,Malatya,3,Elif Apohan,6
İyi Parti,iyiparti,Malatya,malatya,Malatya,4,Selçuk Han,6
İyi Parti,iyiparti,Malatya,malatya,Malatya,5,Metin Kapıdere,6
İyi Parti,iyiparti,Malatya,malatya,Malatya,6,Menije Nur Özcan,6
Memleket,memleket,Malatya,malatya,Malatya,1,Burca Benay Turfanda Çinkılıç,6
Memleket,memleket,Malatya,malatya,Malatya,2,Samet Fırat Özkaş,6
Memleket,memleket,Malatya,malatya,Malatya,3,Okan Fidan,6
Memleket,memleket,Malatya,malatya,Malatya,4,Mehmed Onur İşim,6
Memleket,memleket,Malatya,malatya,Malatya,5,Özgül Olcan,6
Memleket,memleket,Malatya,malatya,Malatya,6,Kaan Gölesalan,6
MHP,mhp,Malatya,malatya,Malatya,1,Mehmet Celal Fendoğlu,6
MHP,mhp,Malatya,malatya,Malatya,2,Ömer Ekici,6
MHP,mhp,Malatya,malatya,Malatya,3,Mesut Samanlı,6
MHP,mhp,Malatya,malatya,Malatya,4,Selma Çicek,6
MHP,mhp,Malatya,malatya,Malatya,5,Muhsin Yiğit,6
MHP,mhp,Malatya,malatya,Malatya,6,Uğur Sevim,6
MİLLET,millet,Malatya,malatya,Malatya,1,Ömer Karakuş,6
MİLLET,millet,Malatya,malatya,Malatya,2,Kemal Şahan,6
MİLLET,millet,Malatya,malatya,Malatya,3,Gönül Emül,6
MİLLET,millet,Malatya,malatya,Malatya,4,Aykut İncearık,6
MİLLET,millet,Malatya,malatya,Malatya,5,Nimet Karakaya,6
MİLLET,millet,Malatya,malatya,Malatya,6,Abdulkadir Şahin,6
Milli Yol,milliyol,Malatya,malatya,Malatya,1,Ali Alagöz,6
Milli Yol,milliyol,Malatya,malatya,Malatya,2,Sema Altuntaş,6
Milli Yol,milliyol,Malatya,malatya,Malatya,3,Ramazan Silay,6
Milli Yol,milliyol,Malatya,malatya,Malatya,4,Celal Gürsul,6
Milli Yol,milliyol,Malatya,malatya,Malatya,5,Mehmet Göl,6
Milli Yol,milliyol,Malatya,malatya,Malatya,6,Hasan Hüseyin Kartal,6
Sol Parti,solparti,Malatya,malatya,Malatya,1,Gizem Otur,6
Sol Parti,solparti,Malatya,malatya,Malatya,2,İbrahim Halil Gencer,6
Sol Parti,solparti,Malatya,malatya,Malatya,3,Özkan Açıkgöz,6
Sol Parti,solparti,Malatya,malatya,Malatya,4,Ulaş Korkmaz,6
Sol Parti,solparti,Malatya,malatya,Malatya,5,Ramazan Tunç,6
Sol Parti,solparti,Malatya,malatya,Malatya,6,Ali Amanat,6
TKH,tkh,Malatya,malatya,Malatya,1,Cihan Satıcı,6
TKH,tkh,Malatya,malatya,Malatya,2,Özgür Özmen,6
TKH,tkh,Malatya,malatya,Malatya,3,Ayşe Çetinkaya,6
TKH,tkh,Malatya,malatya,Malatya,4,Ahmet Türker Taşcı,6
TKH,tkh,Malatya,malatya,Malatya,5,Miray Ercan,6
TKH,tkh,Malatya,malatya,Malatya,6,Deniz Düzgün,6
TKP,tkp,Malatya,malatya,Malatya,1,Ferhat Tunçdemir,6
TKP,tkp,Malatya,malatya,Malatya,2,Zühal Doğan,6
TKP,tkp,Malatya,malatya,Malatya,3,Hüsne Yaşar,6
TKP,tkp,Malatya,malatya,Malatya,4,Mert Keçeci,6
TKP,tkp,Malatya,malatya,Malatya,5,Şirvan Güngörmez,6
TKP,tkp,Malatya,malatya,Malatya,6,İsmail Murşil,6
Vatan,vatanpartisi,Malatya,malatya,Malatya,1,Mehmet Ümit Şuvak,6
Vatan,vatanpartisi,Malatya,malatya,Malatya,2,Adnan Türkkan,6
Vatan,vatanpartisi,Malatya,malatya,Malatya,3,Fatih Budak,6
Vatan,vatanpartisi,Malatya,malatya,Malatya,4,İbrahim Güçlü,6
Vatan,vatanpartisi,Malatya,malatya,Malatya,5,Melek Doğan,6
Vatan,vatanpartisi,Malatya,malatya,Malatya,6,Cebrail Ümitli,6
Y.Refah,yenidenrefah,Malatya,malatya,Malatya,1,Bilal Yıldırım,6
Y.Refah,yenidenrefah,Malatya,malatya,Malatya,2,Ahmet Ateş,6
Y.Refah,yenidenrefah,Malatya,malatya,Malatya,3,Yılmaz Horoz,6
Y.Refah,yenidenrefah,Malatya,malatya,Malatya,4,Haci Yusuf Çınar,6
Y.Refah,yenidenrefah,Malatya,malatya,Malatya,5,Deniz Kar,6
Y.Refah,yenidenrefah,Malatya,malatya,Malatya,6,Oktay Çelik,6
Y.Sol Parti,yesilsolparti,Malatya,malatya,Malatya,1,Perihan Yücekaya,6
Y.Sol Parti,yesilsolparti,Malatya,malatya,Malatya,2,Yusuf Bozkuş,6
Y.Sol Parti,yesilsolparti,Malatya,malatya,Malatya,3,Tülay Şakar,6
Y.Sol Parti,yesilsolparti,Malatya,malatya,Malatya,4,Hüseyin Kılınç,6
Y.Sol Parti,yesilsolparti,Malatya,malatya,Malatya,5,Rozerin Ercan,6
Y.Sol Parti,yesilsolparti,Malatya,malatya,Malatya,6,Gaffar Bayram,6
Zafer,zaferpartisi,Malatya,malatya,Malatya,1,Turgut Şahin,6
Zafer,zaferpartisi,Malatya,malatya,Malatya,2,Gamze Yıldırım,6
Zafer,zaferpartisi,Malatya,malatya,Malatya,3,Ummahan Aka,6
Zafer,zaferpartisi,Malatya,malatya,Malatya,4,Altay Korhan Akçil,6
Zafer,zaferpartisi,Malatya,malatya,Malatya,5,Şahin Yıldırım,6
Zafer,zaferpartisi,Malatya,malatya,Malatya,6,Nesim Ayaz,6
Adalet,ap,Manisa,manisa,Manisa,1,Duygu Sağlam,10
Adalet,ap,Manisa,manisa,Manisa,2,Buse Nur Taşkıran,10
Adalet,ap,Manisa,manisa,Manisa,3,İsmail Acıkgöz,10
Adalet,ap,Manisa,manisa,Manisa,4,Fatih Kuramaz,10
Adalet,ap,Manisa,manisa,Manisa,5,Ramazan Altınkaya,10
Adalet,ap,Manisa,manisa,Manisa,6,Deniz Oktay,10
Adalet,ap,Manisa,manisa,Manisa,7,Zeliha Eriş,10
Adalet,ap,Manisa,manisa,Manisa,8,Akif Kır,10
Adalet,ap,Manisa,manisa,Manisa,9,Halim Kelebek,10
Adalet,ap,Manisa,manisa,Manisa,10,Sevtap Beran,10
AK Parti,akparti,Manisa,manisa,Manisa,1,Bahadır Nahit Yenişehirlioğlu,10
AK Parti,akparti,Manisa,manisa,Manisa,2,Murat Baybatur,10
AK Parti,akparti,Manisa,manisa,Manisa,3,Tamer Akkal,10
AK Parti,akparti,Manisa,manisa,Manisa,4,Ahmet Mücahit Arınç,10
AK Parti,akparti,Manisa,manisa,Manisa,5,Mehmet Ali Özkan,10
AK Parti,akparti,Manisa,manisa,Manisa,6,Ayşe Nevin Sert,10
AK Parti,akparti,Manisa,manisa,Manisa,7,Mürşit Gedizli,10
AK Parti,akparti,Manisa,manisa,Manisa,8,Fatih Katıöz,10
AK Parti,akparti,Manisa,manisa,Manisa,9,Ahmet Palabıyık,10
AK Parti,akparti,Manisa,manisa,Manisa,10,Yaşar Demirel,10
Bağımsız,bagimsiz,Manisa,manisa,Manisa,1,Mehmet Emin Önal,10
Bağımsız,bagimsiz,Manisa,manisa,Manisa,2,Nihat Durak,10
Bağımsız,bagimsiz,Manisa,manisa,Manisa,3,Hakan Kırkulak,10
BBP,bbp,Manisa,manisa,Manisa,1,İsmail Hakkı Bakır,10
BBP,bbp,Manisa,manisa,Manisa,2,Ahmet Mustafa Süzer,10
BBP,bbp,Manisa,manisa,Manisa,3,Cengiz Apaydın,10
BBP,bbp,Manisa,manisa,Manisa,4,Cihan Özcan,10
BBP,bbp,Manisa,manisa,Manisa,5,Ramazan Duman,10
BBP,bbp,Manisa,manisa,Manisa,6,Yasin Sarı,10
BBP,bbp,Manisa,manisa,Manisa,7,Mustafa Aydemir,10
BBP,bbp,Manisa,manisa,Manisa,8,Arif Uzunoğlu,10
BBP,bbp,Manisa,manisa,Manisa,9,Abdullah Ergin,10
BBP,bbp,Manisa,manisa,Manisa,10,Süleyman Kanyılmaz,10
CHP,chp,Manisa,manisa,Manisa,1,Özgür Özel,10
CHP,chp,Manisa,manisa,Manisa,2,Ahmet Vehbi Bakırlıoğlu,10
CHP,chp,Manisa,manisa,Manisa,3,Bekir Başevirgen,10
CHP,chp,Manisa,manisa,Manisa,4,Selma Aliye Kavaf,10
CHP,chp,Manisa,manisa,Manisa,5,Musa Semih Balaban,10
CHP,chp,Manisa,manisa,Manisa,6,Neşe Zengin,10
CHP,chp,Manisa,manisa,Manisa,7,Aysun Helvacıoğlu,10
CHP,chp,Manisa,manisa,Manisa,8,Seçil Ege,10
CHP,chp,Manisa,manisa,Manisa,9,Şerif Akmeşe,10
CHP,chp,Manisa,manisa,Manisa,10,İlksen Özalper,10
Genç Parti,gencparti,Manisa,manisa,Manisa,1,Mehmet Emin Ayanoğlu,10
Genç Parti,gencparti,Manisa,manisa,Manisa,2,Erkan Dursun,10
Genç Parti,gencparti,Manisa,manisa,Manisa,3,Metin Akar,10
Genç Parti,gencparti,Manisa,manisa,Manisa,4,İsmail Turanlı,10
Genç Parti,gencparti,Manisa,manisa,Manisa,5,Mehmet Yoncu,10
Genç Parti,gencparti,Manisa,manisa,Manisa,6,Volkan Şahin,10
Genç Parti,gencparti,Manisa,manisa,Manisa,7,Ertuğrul Taşcılar,10
Genç Parti,gencparti,Manisa,manisa,Manisa,8,Halil Ak,10
Genç Parti,gencparti,Manisa,manisa,Manisa,9,Muhammed Akkoyun,10
Genç Parti,gencparti,Manisa,manisa,Manisa,10,Murat Çaçur,10
HAK-PAR,hakpar,Manisa,manisa,Manisa,1,Arif Sevinç,10
HAK-PAR,hakpar,Manisa,manisa,Manisa,2,Meliha Burhaver,10
HAK-PAR,hakpar,Manisa,manisa,Manisa,3,Mahmut Köse,10
HAK-PAR,hakpar,Manisa,manisa,Manisa,4,Derviş Korkmaz,10
HAK-PAR,hakpar,Manisa,manisa,Manisa,5,Arslan Çalar,10
HAK-PAR,hakpar,Manisa,manisa,Manisa,6,Hasan Göçer,10
HAK-PAR,hakpar,Manisa,manisa,Manisa,7,Bervan Eren,10
HAK-PAR,hakpar,Manisa,manisa,Manisa,8,Hüseyin Yaşar,10
HAK-PAR,hakpar,Manisa,manisa,Manisa,9,Umut Erdem,10
HAK-PAR,hakpar,Manisa,manisa,Manisa,10,Bilal Bulut,10
HKP,hkp,Manisa,manisa,Manisa,1,İbrahim Yaygel,10
HKP,hkp,Manisa,manisa,Manisa,2,Özlem Özaydın,10
HKP,hkp,Manisa,manisa,Manisa,3,Kadir Özaydın,10
HKP,hkp,Manisa,manisa,Manisa,4,Hakan Çavuşoğlu,10
HKP,hkp,Manisa,manisa,Manisa,5,Sebahattin Aydın,10
HKP,hkp,Manisa,manisa,Manisa,6,İrfan Kaya,10
HKP,hkp,Manisa,manisa,Manisa,7,Cüneyt Ulugün,10
HKP,hkp,Manisa,manisa,Manisa,8,Özgür Yürekli,10
HKP,hkp,Manisa,manisa,Manisa,9,Onur Dalıcı,10
HKP,hkp,Manisa,manisa,Manisa,10,Mustafa Sarı,10
İyi Parti,iyiparti,Manisa,manisa,Manisa,1,Şenol Sunat,10
İyi Parti,iyiparti,Manisa,manisa,Manisa,2,Hasan Eryılmaz,10
İyi Parti,iyiparti,Manisa,manisa,Manisa,3,Filiz Tuğçe Ayrancı İplikçi,10
İyi Parti,iyiparti,Manisa,manisa,Manisa,4,Mehmet Koç,10
İyi Parti,iyiparti,Manisa,manisa,Manisa,5,Gürhan Özcan,10
İyi Parti,iyiparti,Manisa,manisa,Manisa,6,Orkun Şıktaşlı,10
İyi Parti,iyiparti,Manisa,manisa,Manisa,7,Aslı Öz,10
İyi Parti,iyiparti,Manisa,manisa,Manisa,8,Kazım Özsoy,10
İyi Parti,iyiparti,Manisa,manisa,Manisa,9,Birgül Bozkurt,10
İyi Parti,iyiparti,Manisa,manisa,Manisa,10,Mehmet Doğan,10
Memleket,memleket,Manisa,manisa,Manisa,1,Fidel Okan,10
Memleket,memleket,Manisa,manisa,Manisa,2,Lamiha Öztürk,10
Memleket,memleket,Manisa,manisa,Manisa,3,Gülnur Efe,10
Memleket,memleket,Manisa,manisa,Manisa,4,Kasım Utku Aktürk,10
Memleket,memleket,Manisa,manisa,Manisa,5,Nida Arıkan,10
Memleket,memleket,Manisa,manisa,Manisa,6,Burak Şengün,10
Memleket,memleket,Manisa,manisa,Manisa,7,Gökhan Duvan,10
Memleket,memleket,Manisa,manisa,Manisa,8,Egemen Güner,10
Memleket,memleket,Manisa,manisa,Manisa,9,Fatih Şahin,10
Memleket,memleket,Manisa,manisa,Manisa,10,Muhammed Caner Demir,10
MHP,mhp,Manisa,manisa,Manisa,1,Erkan Akçay,10
MHP,mhp,Manisa,manisa,Manisa,2,Ali Uçak,10
MHP,mhp,Manisa,manisa,Manisa,3,Şehnaz Güvendik Arık,10
MHP,mhp,Manisa,manisa,Manisa,4,Mustafa Ünveren,10
MHP,mhp,Manisa,manisa,Manisa,5,Güngör Dincer,10
MHP,mhp,Manisa,manisa,Manisa,6,Seval Başkesen,10
MHP,mhp,Manisa,manisa,Manisa,7,Hüseyin Şahin Erturun,10
MHP,mhp,Manisa,manisa,Manisa,8,Nadi Sarı,10
MHP,mhp,Manisa,manisa,Manisa,9,Deniz Sevim,10
MHP,mhp,Manisa,manisa,Manisa,10,Öztürk Demir,10
MİLLET,millet,Manisa,manisa,Manisa,1,Osman Can,10
MİLLET,millet,Manisa,manisa,Manisa,2,Bayram Bınarcı,10
MİLLET,millet,Manisa,manisa,Manisa,3,Ali Arı,10
MİLLET,millet,Manisa,manisa,Manisa,4,Dudu Gülşen Özer,10
MİLLET,millet,Manisa,manisa,Manisa,5,Hasan Bülbül,10
MİLLET,millet,Manisa,manisa,Manisa,6,Nasuh Ali Özkara,10
MİLLET,millet,Manisa,manisa,Manisa,7,Feyyaz Bardakçı,10
MİLLET,millet,Manisa,manisa,Manisa,8,Mümin Vatansever,10
MİLLET,millet,Manisa,manisa,Manisa,9,Sabire Tokyay,10
MİLLET,millet,Manisa,manisa,Manisa,10,Enver Güleç,10
Milli Yol,milliyol,Manisa,manisa,Manisa,1,İlkay Şimşek,10
Milli Yol,milliyol,Manisa,manisa,Manisa,2,Şaban Kahraman,10
Milli Yol,milliyol,Manisa,manisa,Manisa,3,Seda Karabağlık,10
Milli Yol,milliyol,Manisa,manisa,Manisa,4,Altan Ünsal,10
Milli Yol,milliyol,Manisa,manisa,Manisa,5,Harun Yılmaz,10
Milli Yol,milliyol,Manisa,manisa,Manisa,6,Gökhan Kılıç,10
Milli Yol,milliyol,Manisa,manisa,Manisa,7,Emel Aksoy,10
Milli Yol,milliyol,Manisa,manisa,Manisa,8,Mustafa Uçar,10
Milli Yol,milliyol,Manisa,manisa,Manisa,9,Ramazan Homan,10
Milli Yol,milliyol,Manisa,manisa,Manisa,10,Kazım Sarı,10
Sol Parti,solparti,Manisa,manisa,Manisa,1,Musa Görgün,10
Sol Parti,solparti,Manisa,manisa,Manisa,2,Nadir Güven,10
Sol Parti,solparti,Manisa,manisa,Manisa,3,İrem İlyas,10
Sol Parti,solparti,Manisa,manisa,Manisa,4,Cenk Cihan Bulut,10
Sol Parti,solparti,Manisa,manisa,Manisa,5,Abdülkerim Özer,10
Sol Parti,solparti,Manisa,manisa,Manisa,6,Ülker Çavuşoğlu,10
Sol Parti,solparti,Manisa,manisa,Manisa,7,Şafak Kurt,10
Sol Parti,solparti,Manisa,manisa,Manisa,8,Hatice Bolat,10
Sol Parti,solparti,Manisa,manisa,Manisa,9,Murat Muranlı,10
Sol Parti,solparti,Manisa,manisa,Manisa,10,Nihat Salman,10
TKH,tkh,Manisa,manisa,Manisa,1,Çağatay Çelenkli,10
TKH,tkh,Manisa,manisa,Manisa,2,Çayan Demir,10
TKH,tkh,Manisa,manisa,Manisa,3,Mizgin Vural,10
TKH,tkh,Manisa,manisa,Manisa,4,Rezan Bali,10
TKH,tkh,Manisa,manisa,Manisa,5,Sabahat Oğuz,10
TKH,tkh,Manisa,manisa,Manisa,6,İsmail Sevinç,10
TKH,tkh,Manisa,manisa,Manisa,7,Hüseyin Öner,10
TKH,tkh,Manisa,manisa,Manisa,8,Serpil Berber,10
TKH,tkh,Manisa,manisa,Manisa,9,Simge Sava,10
TKH,tkh,Manisa,manisa,Manisa,10,Yağmur Eylül Sever,10
TKP,tkp,Manisa,manisa,Manisa,1,Turgay Tunç,10
TKP,tkp,Manisa,manisa,Manisa,2,Murat Yeşil,10
TKP,tkp,Manisa,manisa,Manisa,3,Meryem Oskay,10
TKP,tkp,Manisa,manisa,Manisa,4,Adil Düzen,10
TKP,tkp,Manisa,manisa,Manisa,5,Mahmut Dölek,10
TKP,tkp,Manisa,manisa,Manisa,6,Mehmet Horoz,10
TKP,tkp,Manisa,manisa,Manisa,7,Mehmet Ozan Çetin,10
TKP,tkp,Manisa,manisa,Manisa,8,Ali Dündar,10
TKP,tkp,Manisa,manisa,Manisa,9,Muhammet Özer,10
TKP,tkp,Manisa,manisa,Manisa,10,Halil Kilimci,10
Vatan,vatanpartisi,Manisa,manisa,Manisa,1,Mustafa Daban,10
Vatan,vatanpartisi,Manisa,manisa,Manisa,2,Onur Özcan,10
Vatan,vatanpartisi,Manisa,manisa,Manisa,3,Göknur Kılıç,10
Vatan,vatanpartisi,Manisa,manisa,Manisa,4,İshak Aykaç,10
Vatan,vatanpartisi,Manisa,manisa,Manisa,5,Mustafa Palatır,10
Vatan,vatanpartisi,Manisa,manisa,Manisa,6,Ramazan Çalışkan,10
Vatan,vatanpartisi,Manisa,manisa,Manisa,7,Zümbül Almışlar,10
Vatan,vatanpartisi,Manisa,manisa,Manisa,8,Mustafa Uslu,10
Vatan,vatanpartisi,Manisa,manisa,Manisa,9,Ahmed Yesevi Kotku Köse,10
Vatan,vatanpartisi,Manisa,manisa,Manisa,10,Ali Ardıç,10
Y.Refah,yenidenrefah,Manisa,manisa,Manisa,1,Hakan Lalebaş,10
Y.Refah,yenidenrefah,Manisa,manisa,Manisa,2,Doğan Tayyip Karakelle,10
Y.Refah,yenidenrefah,Manisa,manisa,Manisa,3,Adil Duru,10
Y.Refah,yenidenrefah,Manisa,manisa,Manisa,4,Tolga Yamaklı,10
Y.Refah,yenidenrefah,Manisa,manisa,Manisa,5,Muharrem Hüseyin Çipiloğlu,10
Y.Refah,yenidenrefah,Manisa,manisa,Manisa,6,Yalçın Çapanik,10
Y.Refah,yenidenrefah,Manisa,manisa,Manisa,7,Muhammet Emin Güler,10
Y.Refah,yenidenrefah,Manisa,manisa,Manisa,8,Sezen Karaboğa,10
Y.Refah,yenidenrefah,Manisa,manisa,Manisa,9,Ahmet Çakıl,10
Y.Refah,yenidenrefah,Manisa,manisa,Manisa,10,Ramazan Akar,10
Y.Sol Parti,yesilsolparti,Manisa,manisa,Manisa,1,Habip Eksik,10
Y.Sol Parti,yesilsolparti,Manisa,manisa,Manisa,2,Zübeyde Tarlabölen,10
Y.Sol Parti,yesilsolparti,Manisa,manisa,Manisa,3,Gülsüm Çolak,10
Y.Sol Parti,yesilsolparti,Manisa,manisa,Manisa,4,Evin Günsel,10
Y.Sol Parti,yesilsolparti,Manisa,manisa,Manisa,5,Kerem Taylan,10
Y.Sol Parti,yesilsolparti,Manisa,manisa,Manisa,6,Ayşe Karagöz,10
Y.Sol Parti,yesilsolparti,Manisa,manisa,Manisa,7,Ayşe Gül,10
Y.Sol Parti,yesilsolparti,Manisa,manisa,Manisa,8,Remziye Esen,10
Y.Sol Parti,yesilsolparti,Manisa,manisa,Manisa,9,İsmail Terut,10
Y.Sol Parti,yesilsolparti,Manisa,manisa,Manisa,10,Zehra Vezan Karabulut,10
YP,yp,Manisa,manisa,Manisa,1,Ender Ragıp Arslan,10
YP,yp,Manisa,manisa,Manisa,2,Ayhan Demir,10
YP,yp,Manisa,manisa,Manisa,3,Tolgahan Öztürk,10
YP,yp,Manisa,manisa,Manisa,4,Emirhan Kalaycı,10
YP,yp,Manisa,manisa,Manisa,5,Eda Koyuncu,10
YP,yp,Manisa,manisa,Manisa,6,Resul Çelik,10
YP,yp,Manisa,manisa,Manisa,7,Salih Gürlan,10
YP,yp,Manisa,manisa,Manisa,8,Damla Şentürk,10
YP,yp,Manisa,manisa,Manisa,9,Kerim Kurtoğlu,10
YP,yp,Manisa,manisa,Manisa,10,Ahmet Tetik,10
Zafer,zaferpartisi,Manisa,manisa,Manisa,1,Mevlüt Özer,10
Zafer,zaferpartisi,Manisa,manisa,Manisa,2,Mehmet Anıl Korkmaz,10
Zafer,zaferpartisi,Manisa,manisa,Manisa,3,Elmas Akay,10
Zafer,zaferpartisi,Manisa,manisa,Manisa,4,Ender Solhan,10
Zafer,zaferpartisi,Manisa,manisa,Manisa,5,Hakan Aksüt,10
Zafer,zaferpartisi,Manisa,manisa,Manisa,6,Alperen Terzioğlu,10
Zafer,zaferpartisi,Manisa,manisa,Manisa,7,Doğukan Dönmez,10
Zafer,zaferpartisi,Manisa,manisa,Manisa,8,Mustafa İlkay Biçer,10
Zafer,zaferpartisi,Manisa,manisa,Manisa,9,Kadirhan Öztinoğlu,10
Zafer,zaferpartisi,Manisa,manisa,Manisa,10,Mehmet Demirlek,10
AB,ab,Mardin,mardin,Mardin,1,Murat Turğay,6
AB,ab,Mardin,mardin,Mardin,2,Burak Poç,6
AB,ab,Mardin,mardin,Mardin,3,Tanju Akbaş,6
AB,ab,Mardin,mardin,Mardin,4,Ümran Malay,6
AB,ab,Mardin,mardin,Mardin,5,Bahar Çay,6
AB,ab,Mardin,mardin,Mardin,6,Hanife Akdoğan,6
AK Parti,akparti,Mardin,mardin,Mardin,1,Faruk Kılıç,6
AK Parti,akparti,Mardin,mardin,Mardin,2,Muhammed Adak,6
AK Parti,akparti,Mardin,mardin,Mardin,3,Mehmet Akif Nuhoğlu,6
AK Parti,akparti,Mardin,mardin,Mardin,4,Abdulvahap Arbağ,6
AK Parti,akparti,Mardin,mardin,Mardin,5,Mehmet Samsa,6
AK Parti,akparti,Mardin,mardin,Mardin,6,Ayhan Aslan,6
ANAP,anap,Mardin,mardin,Mardin,1,Suat Eneş,6
ANAP,anap,Mardin,mardin,Mardin,2,Murat Demir,6
ANAP,anap,Mardin,mardin,Mardin,3,Abdulkadir Bayır,6
ANAP,anap,Mardin,mardin,Mardin,4,Songül Çağlayan,6
ANAP,anap,Mardin,mardin,Mardin,5,Mahmut Cin,6
ANAP,anap,Mardin,mardin,Mardin,6,Halim Eneş,6
Bağımsız,bagimsiz,Mardin,mardin,Mardin,1,Mehmet Vejdi Kahraman,6
Bağımsız,bagimsiz,Mardin,mardin,Mardin,2,Abdullah Kurtay,6
BBP,bbp,Mardin,mardin,Mardin,1,Türkan Çifçi,6
BBP,bbp,Mardin,mardin,Mardin,2,Hakkan Sevük,6
BBP,bbp,Mardin,mardin,Mardin,3,Rıdvan Yalçin,6
BBP,bbp,Mardin,mardin,Mardin,4,İsmail Sarohan,6
BBP,bbp,Mardin,mardin,Mardin,5,Ümit Ekinci,6
BBP,bbp,Mardin,mardin,Mardin,6,Aslan Aydoğan,6
CHP,chp,Mardin,mardin,Mardin,1,Mehmet Sait Çelebi,6
CHP,chp,Mardin,mardin,Mardin,2,Şükrü Karaboğa,6
CHP,chp,Mardin,mardin,Mardin,3,Nurettin Kılıç,6
CHP,chp,Mardin,mardin,Mardin,4,İbrahim Taşdelen,6
CHP,chp,Mardin,mardin,Mardin,5,Nilgün Bayraktar,6
CHP,chp,Mardin,mardin,Mardin,6,Ömer Durak,6
GBP,gbp,Mardin,mardin,Mardin,1,Mehmet Acay,6
GBP,gbp,Mardin,mardin,Mardin,2,Merve Çifçi,6
GBP,gbp,Mardin,mardin,Mardin,3,Naciye Topalcık,6
GBP,gbp,Mardin,mardin,Mardin,4,Yusuf Elalmış,6
GBP,gbp,Mardin,mardin,Mardin,5,Tuba Çifçi,6
GBP,gbp,Mardin,mardin,Mardin,6,Mehmet Elalmış,6
Genç Parti,gencparti,Mardin,mardin,Mardin,1,Mustafa Elitaş,6
Genç Parti,gencparti,Mardin,mardin,Mardin,2,Engin Eti,6
Genç Parti,gencparti,Mardin,mardin,Mardin,3,Osman Cücü,6
Genç Parti,gencparti,Mardin,mardin,Mardin,4,Zeynep Sönmez,6
Genç Parti,gencparti,Mardin,mardin,Mardin,5,Sevgi Yayğır,6
Genç Parti,gencparti,Mardin,mardin,Mardin,6,Murat Buğra Demir,6
HAK-PAR,hakpar,Mardin,mardin,Mardin,1,Halit Kahraman,6
HAK-PAR,hakpar,Mardin,mardin,Mardin,2,Mehmet Kurşun,6
HAK-PAR,hakpar,Mardin,mardin,Mardin,3,Mehmet Şükri Kahraman,6
HAK-PAR,hakpar,Mardin,mardin,Mardin,4,Fikri Eren,6
HAK-PAR,hakpar,Mardin,mardin,Mardin,5,Rauf Enüştekin,6
HAK-PAR,hakpar,Mardin,mardin,Mardin,6,Berivan Cindarik,6
HKP,hkp,Mardin,mardin,Mardin,1,Özlem As Koçbaş,6
HKP,hkp,Mardin,mardin,Mardin,2,Mehmet Ali Boz,6
HKP,hkp,Mardin,mardin,Mardin,3,Mine Gençer,6
HKP,hkp,Mardin,mardin,Mardin,4,Fatma Şirin Küçükosmanoğlu,6
HKP,hkp,Mardin,mardin,Mardin,5,Hikmet Yiğit Olkun,6
HKP,hkp,Mardin,mardin,Mardin,6,Yeşim Kuşcu,6
İyi Parti,iyiparti,Mardin,mardin,Mardin,1,Enver Abeş,6
İyi Parti,iyiparti,Mardin,mardin,Mardin,2,Songül Sadioğlu,6
İyi Parti,iyiparti,Mardin,mardin,Mardin,3,Abdullah Karakeçi,6
İyi Parti,iyiparti,Mardin,mardin,Mardin,4,Abdulmuttalip Irmak,6
İyi Parti,iyiparti,Mardin,mardin,Mardin,5,Şeyhmus Musaoğlu,6
İyi Parti,iyiparti,Mardin,mardin,Mardin,6,Aziz Arda Uğur,6
Memleket,memleket,Mardin,mardin,Mardin,1,Mehmet Dicle,6
Memleket,memleket,Mardin,mardin,Mardin,2,Selma Ademhan,6
Memleket,memleket,Mardin,mardin,Mardin,3,Muhittin Çoğala,6
Memleket,memleket,Mardin,mardin,Mardin,4,Abdurrahman Çokal,6
Memleket,memleket,Mardin,mardin,Mardin,5,Hasan Can Dede,6
Memleket,memleket,Mardin,mardin,Mardin,6,Enes Dağ,6
MHP,mhp,Mardin,mardin,Mardin,1,Ferhan Bozkuş,6
MHP,mhp,Mardin,mardin,Mardin,2,Mehmet Erboğan,6
MHP,mhp,Mardin,mardin,Mardin,3,Mehmet Sait Tezdönen,6
MHP,mhp,Mardin,mardin,Mardin,4,Zeyni Albayrak,6
MHP,mhp,Mardin,mardin,Mardin,5,Bedrettin Aslan,6
MHP,mhp,Mardin,mardin,Mardin,6,Oktay Şengül,6
MİLLET,millet,Mardin,mardin,Mardin,1,Abdulaziz Tatar,6
MİLLET,millet,Mardin,mardin,Mardin,2,Mehmet Sait İncearık,6
MİLLET,millet,Mardin,mardin,Mardin,3,Hasan Alakuş,6
MİLLET,millet,Mardin,mardin,Mardin,4,Seyit Ali Akan,6
MİLLET,millet,Mardin,mardin,Mardin,5,Halil Akan,6
MİLLET,millet,Mardin,mardin,Mardin,6,Mehmet Şahan,6
Milli Yol,milliyol,Mardin,mardin,Mardin,1,Şükran Duman,6
Milli Yol,milliyol,Mardin,mardin,Mardin,2,Ramazan Kut,6
Milli Yol,milliyol,Mardin,mardin,Mardin,3,Civan Kaso Kut,6
Milli Yol,milliyol,Mardin,mardin,Mardin,4,İbrahim Kut,6
Milli Yol,milliyol,Mardin,mardin,Mardin,5,Serhat Süs,6
Milli Yol,milliyol,Mardin,mardin,Mardin,6,Abdurrahman Kızılboğa,6
Sol Parti,solparti,Mardin,mardin,Mardin,1,Gizem Özdem,6
Sol Parti,solparti,Mardin,mardin,Mardin,2,Deniz Anlıak,6
Sol Parti,solparti,Mardin,mardin,Mardin,3,İbrahim Kaya,6
Sol Parti,solparti,Mardin,mardin,Mardin,4,Mahir Dilmen,6
Sol Parti,solparti,Mardin,mardin,Mardin,5,Serkan Okut,6
Sol Parti,solparti,Mardin,mardin,Mardin,6,Kemal Çakır,6
TKH,tkh,Mardin,mardin,Mardin,1,Tevfik Savaş Yalın,6
TKH,tkh,Mardin,mardin,Mardin,2,Rim Rüya Metin,6
TKH,tkh,Mardin,mardin,Mardin,3,Arjin Avci,6
TKH,tkh,Mardin,mardin,Mardin,4,Ebru Gülüstan,6
TKH,tkh,Mardin,mardin,Mardin,5,Tuğçe Acar,6
TKH,tkh,Mardin,mardin,Mardin,6,Melisa Ateş,6
TKP,tkp,Mardin,mardin,Mardin,1,Özkan Öztaş,6
TKP,tkp,Mardin,mardin,Mardin,2,Murat Hiçbezmez,6
TKP,tkp,Mardin,mardin,Mardin,3,Ayşegül Demir,6
TKP,tkp,Mardin,mardin,Mardin,4,Bahar Solun,6
TKP,tkp,Mardin,mardin,Mardin,5,Çiğdem Karapınar,6
TKP,tkp,Mardin,mardin,Mardin,6,Dilara Nur Tiryaki,6
Vatan,vatanpartisi,Mardin,mardin,Mardin,1,Hüsamettin Işık,6
Vatan,vatanpartisi,Mardin,mardin,Mardin,2,Mehmet Bozan,6
Vatan,vatanpartisi,Mardin,mardin,Mardin,3,Mehmet Ali Öztürk,6
Vatan,vatanpartisi,Mardin,mardin,Mardin,4,Ümit Keskin,6
Vatan,vatanpartisi,Mardin,mardin,Mardin,5,Aziz Sığınç,6
Vatan,vatanpartisi,Mardin,mardin,Mardin,6,Vedat Tokay,6
Y.Refah,yenidenrefah,Mardin,mardin,Mardin,1,Ömer Faruk Afadle,6
Y.Refah,yenidenrefah,Mardin,mardin,Mardin,2,Abdullah Çelik,6
Y.Refah,yenidenrefah,Mardin,mardin,Mardin,3,Yasin Çifçi,6
Y.Refah,yenidenrefah,Mardin,mardin,Mardin,4,Mehmet Şerif Gümüşay,6
Y.Refah,yenidenrefah,Mardin,mardin,Mardin,5,Abdulkadir Çavuşoğlu,6
Y.Refah,yenidenrefah,Mardin,mardin,Mardin,6,Mahmut Özer,6
Y.Sol Parti,yesilsolparti,Mardin,mardin,Mardin,1,Salihe Aydeniz,6
Y.Sol Parti,yesilsolparti,Mardin,mardin,Mardin,2,Kamuran Tanhan,6
Y.Sol Parti,yesilsolparti,Mardin,mardin,Mardin,3,Beritan Güneş Altın,6
Y.Sol Parti,yesilsolparti,Mardin,mardin,Mardin,4,George Aslan,6
Y.Sol Parti,yesilsolparti,Mardin,mardin,Mardin,5,Leyla Kaya,6
Y.Sol Parti,yesilsolparti,Mardin,mardin,Mardin,6,Selahattin Ertaş,6
YP,yp,Mardin,mardin,Mardin,1,Can Ertekin,6
YP,yp,Mardin,mardin,Mardin,2,Feyzullah Yıldız,6
YP,yp,Mardin,mardin,Mardin,3,Seyfettin Yıldız,6
YP,yp,Mardin,mardin,Mardin,4,Murat Özcan,6
YP,yp,Mardin,mardin,Mardin,5,Medeni Koçhan,6
YP,yp,Mardin,mardin,Mardin,6,Muhammed Şirin Abdüssemetoğlu,6
Zafer,zaferpartisi,Mardin,mardin,Mardin,1,Fatih Kaya,6
Zafer,zaferpartisi,Mardin,mardin,Mardin,2,Halil İbrahim Gündoğdu,6
Zafer,zaferpartisi,Mardin,mardin,Mardin,3,Murat Oral,6
Zafer,zaferpartisi,Mardin,mardin,Mardin,4,Taner Gündoğdu,6
Zafer,zaferpartisi,Mardin,mardin,Mardin,5,Gökhan Gündoğdu,6
Zafer,zaferpartisi,Mardin,mardin,Mardin,6,Hulusi Alkaya,6
AB,ab,Mersin,mersin,Mersin,1,Ercan Durmaz,13
AB,ab,Mersin,mersin,Mersin,2,Feyyaz Aktaş,13
AB,ab,Mersin,mersin,Mersin,3,Mehmet Kara,13
AB,ab,Mersin,mersin,Mersin,4,Emirhan Bölük,13
AB,ab,Mersin,mersin,Mersin,5,Görkem Arslan,13
AB,ab,Mersin,mersin,Mersin,6,Ömer Faruk Mangal,13
AB,ab,Mersin,mersin,Mersin,7,Ramazan Aydin,13
AB,ab,Mersin,mersin,Mersin,8,Nurullah Özdemir,13
AB,ab,Mersin,mersin,Mersin,9,Murat Yaylacı,13
AB,ab,Mersin,mersin,Mersin,10,Ömer Başaran,13
AB,ab,Mersin,mersin,Mersin,11,Cemal Yardımcı,13
AB,ab,Mersin,mersin,Mersin,12,Sevim Kılıç,13
AB,ab,Mersin,mersin,Mersin,13,Abdullah Korkmaz,13
Adalet,ap,Mersin,mersin,Mersin,1,Selami Ateş,13
Adalet,ap,Mersin,mersin,Mersin,2,Mükremin Akçel,13
Adalet,ap,Mersin,mersin,Mersin,3,Emircan Çatıkkaş,13
Adalet,ap,Mersin,mersin,Mersin,4,Nazmi Tanrıkulu,13
Adalet,ap,Mersin,mersin,Mersin,5,Gökhan Bener,13
Adalet,ap,Mersin,mersin,Mersin,6,Fahri Şen,13
Adalet,ap,Mersin,mersin,Mersin,7,Erdinç Süzer,13
Adalet,ap,Mersin,mersin,Mersin,8,Emine Bener,13
Adalet,ap,Mersin,mersin,Mersin,9,Memet Gökbalık,13
Adalet,ap,Mersin,mersin,Mersin,10,Doğan Gökhan,13
Adalet,ap,Mersin,mersin,Mersin,11,Abdulkadir Yar,13
Adalet,ap,Mersin,mersin,Mersin,12,Yılmaz Altundağ,13
Adalet,ap,Mersin,mersin,Mersin,13,Nazan Aydoğan,13
AK Parti,akparti,Mersin,mersin,Mersin,1,Nureddin Nebati,13
AK Parti,akparti,Mersin,mersin,Mersin,2,Ali Kıratlı,13
AK Parti,akparti,Mersin,mersin,Mersin,3,Havva Sibel Söylemez,13
AK Parti,akparti,Mersin,mersin,Mersin,4,Faruk Dinç,13
AK Parti,akparti,Mersin,mersin,Mersin,5,Mehmet Akdoğan,13
AK Parti,akparti,Mersin,mersin,Mersin,6,Ali İhsan Gök,13
AK Parti,akparti,Mersin,mersin,Mersin,7,Serkan Tanrıkulu,13
AK Parti,akparti,Mersin,mersin,Mersin,8,Hakkı Meniz,13
AK Parti,akparti,Mersin,mersin,Mersin,9,Fatih Dölek,13
AK Parti,akparti,Mersin,mersin,Mersin,10,Mustafa Erim,13
AK Parti,akparti,Mersin,mersin,Mersin,11,Firdevs Aktürk,13
AK Parti,akparti,Mersin,mersin,Mersin,12,Halit Pekduran,13
AK Parti,akparti,Mersin,mersin,Mersin,13,Seçkin Taş,13
Bağımsız,bagimsiz,Mersin,mersin,Mersin,1,Sevda Buzcu,13
BBP,bbp,Mersin,mersin,Mersin,1,Ali Keser,13
BBP,bbp,Mersin,mersin,Mersin,2,Abdulvahap Polat,13
BBP,bbp,Mersin,mersin,Mersin,3,Ali Atay,13
BBP,bbp,Mersin,mersin,Mersin,4,Ali Beker,13
BBP,bbp,Mersin,mersin,Mersin,5,Aydın Koçer,13
BBP,bbp,Mersin,mersin,Mersin,6,Erdal Sevgin,13
BBP,bbp,Mersin,mersin,Mersin,7,Mustafa Kemal Aslan,13
BBP,bbp,Mersin,mersin,Mersin,8,Dündar Ak,13
BBP,bbp,Mersin,mersin,Mersin,9,Kemal Can,13
BBP,bbp,Mersin,mersin,Mersin,10,Fatma Keser,13
BBP,bbp,Mersin,mersin,Mersin,11,Mustafa Küpeli,13
BBP,bbp,Mersin,mersin,Mersin,12,Halil Gençoğulları,13
BBP,bbp,Mersin,mersin,Mersin,13,Kadir Küçük,13
CHP,chp,Mersin,mersin,Mersin,1,Ali Mahir Başarır,13
CHP,chp,Mersin,mersin,Mersin,2,Gülcan Kış,13
CHP,chp,Mersin,mersin,Mersin,3,Mehmet Emin Ekmen,13
CHP,chp,Mersin,mersin,Mersin,4,Talat Dinçer,13
CHP,chp,Mersin,mersin,Mersin,5,Hasan Ufuk Çakır,13
CHP,chp,Mersin,mersin,Mersin,6,Emre Yılmaz,13
CHP,chp,Mersin,mersin,Mersin,7,Nursen Yücesoy Temizkan,13
CHP,chp,Mersin,mersin,Mersin,8,Leyla Serin Kırık,13
CHP,chp,Mersin,mersin,Mersin,9,Ahmet Yorgun,13
CHP,chp,Mersin,mersin,Mersin,10,Mehmet Gültekin Uğur,13
CHP,chp,Mersin,mersin,Mersin,11,Şerife Arıcı Yıldız,13
CHP,chp,Mersin,mersin,Mersin,12,Güven Kocabıyık,13
CHP,chp,Mersin,mersin,Mersin,13,Neslihan Çelebi,13
GBP,gbp,Mersin,mersin,Mersin,1,Ali Taşdirek,13
GBP,gbp,Mersin,mersin,Mersin,2,Azelya Kısak,13
GBP,gbp,Mersin,mersin,Mersin,3,Mehmet Fatih Benzer,13
GBP,gbp,Mersin,mersin,Mersin,4,Nurs Said Taşdirek,13
GBP,gbp,Mersin,mersin,Mersin,5,Hatice Çekiş,13
GBP,gbp,Mersin,mersin,Mersin,6,Bahriye Dağdelen,13
GBP,gbp,Mersin,mersin,Mersin,7,Emine Kanat,13
GBP,gbp,Mersin,mersin,Mersin,8,Emine Taşdirek,13
GBP,gbp,Mersin,mersin,Mersin,9,Dilek Ertürk,13
GBP,gbp,Mersin,mersin,Mersin,10,Gözde Yüksekyayla,13
GBP,gbp,Mersin,mersin,Mersin,11,Ömer Faruk Tüzün,13
GBP,gbp,Mersin,mersin,Mersin,12,Ekrem Kama,13
GBP,gbp,Mersin,mersin,Mersin,13,Gülcan Şimşek,13
Genç Parti,gencparti,Mersin,mersin,Mersin,1,Murat Çoban,13
Genç Parti,gencparti,Mersin,mersin,Mersin,2,Vedat Sakar,13
Genç Parti,gencparti,Mersin,mersin,Mersin,3,Oral Günaştı,13
Genç Parti,gencparti,Mersin,mersin,Mersin,4,Hacer Derya Zengin,13
Genç Parti,gencparti,Mersin,mersin,Mersin,5,Çağatay Serkan Ak,13
Genç Parti,gencparti,Mersin,mersin,Mersin,6,İbrahim Levent Keskin,13
Genç Parti,gencparti,Mersin,mersin,Mersin,7,Fatma Eda Yaşar,13
Genç Parti,gencparti,Mersin,mersin,Mersin,8,Kıvanç Keserli,13
Genç Parti,gencparti,Mersin,mersin,Mersin,9,İbrahim Kara,13
Genç Parti,gencparti,Mersin,mersin,Mersin,10,Mahperi Sakçak,13
Genç Parti,gencparti,Mersin,mersin,Mersin,11,Hakan Aydın,13
Genç Parti,gencparti,Mersin,mersin,Mersin,12,Aslıhan Ballı,13
Genç Parti,gencparti,Mersin,mersin,Mersin,13,Erdinç Mezarcıöz,13
HAK-PAR,hakpar,Mersin,mersin,Mersin,1,Mehmet Sevinç,13
HAK-PAR,hakpar,Mersin,mersin,Mersin,2,Hüseyin Özdemir,13
HAK-PAR,hakpar,Mersin,mersin,Mersin,3,Mehmet Ali Keştan,13
HAK-PAR,hakpar,Mersin,mersin,Mersin,4,Mesut Kaplan,13
HAK-PAR,hakpar,Mersin,mersin,Mersin,5,Sevda Kokum,13
HAK-PAR,hakpar,Mersin,mersin,Mersin,6,Erdal Öztürk,13
HAK-PAR,hakpar,Mersin,mersin,Mersin,7,Feyzi Kaplan,13
HAK-PAR,hakpar,Mersin,mersin,Mersin,8,Serdar Halil Göçmen,13
HAK-PAR,hakpar,Mersin,mersin,Mersin,9,Mahmut Ekmen,13
HAK-PAR,hakpar,Mersin,mersin,Mersin,10,Eylem Düzgün Yalçın,13
HAK-PAR,hakpar,Mersin,mersin,Mersin,11,Gülüzar Keştan,13
HAK-PAR,hakpar,Mersin,mersin,Mersin,12,Derviş Hazar,13
HAK-PAR,hakpar,Mersin,mersin,Mersin,13,İhsan Akçan,13
HKP,hkp,Mersin,mersin,Mersin,1,Zafer Fıçıcılar,13
HKP,hkp,Mersin,mersin,Mersin,2,Nazmiye Alkanat,13
HKP,hkp,Mersin,mersin,Mersin,3,Ayşe Çolpa,13
HKP,hkp,Mersin,mersin,Mersin,4,Cemil Demircan,13
HKP,hkp,Mersin,mersin,Mersin,5,İray Temmuz Turan,13
HKP,hkp,Mersin,mersin,Mersin,6,İlke Birsen,13
HKP,hkp,Mersin,mersin,Mersin,7,Ercan Bilgeç,13
HKP,hkp,Mersin,mersin,Mersin,8,Bekir Çelikaslan,13
HKP,hkp,Mersin,mersin,Mersin,9,Berrin Birsen,13
HKP,hkp,Mersin,mersin,Mersin,10,Ahmet Hüsnü Birsen,13
HKP,hkp,Mersin,mersin,Mersin,11,Metin Kaya,13
HKP,hkp,Mersin,mersin,Mersin,12,Adem Demircan,13
HKP,hkp,Mersin,mersin,Mersin,13,Şevket Cihan Dalgıç,13
İyi Parti,iyiparti,Mersin,mersin,Mersin,1,Burhanettin Kocamaz,13
İyi Parti,iyiparti,Mersin,mersin,Mersin,2,Aydın Enes Seydanlıoğlu,13
İyi Parti,iyiparti,Mersin,mersin,Mersin,3,Ali Er,13
İyi Parti,iyiparti,Mersin,mersin,Mersin,4,Esra Kahraman,13
İyi Parti,iyiparti,Mersin,mersin,Mersin,5,Özer Özel,13
İyi Parti,iyiparti,Mersin,mersin,Mersin,6,Mehmet Turgut,13
İyi Parti,iyiparti,Mersin,mersin,Mersin,7,Yüksel Çelik,13
İyi Parti,iyiparti,Mersin,mersin,Mersin,8,Esin Erkoç,13
İyi Parti,iyiparti,Mersin,mersin,Mersin,9,Ali Rıza Özdeniz,13
İyi Parti,iyiparti,Mersin,mersin,Mersin,10,Mehmet Türe,13
İyi Parti,iyiparti,Mersin,mersin,Mersin,11,Mehmet Yunus Seven,13
İyi Parti,iyiparti,Mersin,mersin,Mersin,12,Hilal Usta,13
İyi Parti,iyiparti,Mersin,mersin,Mersin,13,Erkan Arıcı,13
Memleket,memleket,Mersin,mersin,Mersin,1,Zafer Burak Hasar,13
Memleket,memleket,Mersin,mersin,Mersin,2,Özgür Türker,13
Memleket,memleket,Mersin,mersin,Mersin,3,Sultan Perçem,13
Memleket,memleket,Mersin,mersin,Mersin,4,Ersin Sadık Güngör,13
Memleket,memleket,Mersin,mersin,Mersin,5,Çağlar Köksel,13
Memleket,memleket,Mersin,mersin,Mersin,6,Hakan Uyar,13
Memleket,memleket,Mersin,mersin,Mersin,7,Mehmet Atılgan,13
Memleket,memleket,Mersin,mersin,Mersin,8,Fatih Emre Karaağaç,13
Memleket,memleket,Mersin,mersin,Mersin,9,Talip Şahin,13
Memleket,memleket,Mersin,mersin,Mersin,10,Alim Gürgah,13
Memleket,memleket,Mersin,mersin,Mersin,11,Berk Şafak Gülmez,13
Memleket,memleket,Mersin,mersin,Mersin,12,Bedirhan Gök,13
Memleket,memleket,Mersin,mersin,Mersin,13,Aykuthan Aksoy,13
MHP,mhp,Mersin,mersin,Mersin,1,Levent Uysal,13
MHP,mhp,Mersin,mersin,Mersin,2,Serdar Soydan,13
MHP,mhp,Mersin,mersin,Mersin,3,Mustafa Akın,13
MHP,mhp,Mersin,mersin,Mersin,4,Olcay Kılavuz,13
MHP,mhp,Mersin,mersin,Mersin,5,Mehmet Şahin,13
MHP,mhp,Mersin,mersin,Mersin,6,Kürşat Türker Ercan,13
MHP,mhp,Mersin,mersin,Mersin,7,Mustafa Yaşar,13
MHP,mhp,Mersin,mersin,Mersin,8,Kıvanç Derya,13
MHP,mhp,Mersin,mersin,Mersin,9,Zeynel Korkmaz,13
MHP,mhp,Mersin,mersin,Mersin,10,Ferda Er,13
MHP,mhp,Mersin,mersin,Mersin,11,Fatih Önge,13
MHP,mhp,Mersin,mersin,Mersin,12,Ali Arı,13
MHP,mhp,Mersin,mersin,Mersin,13,Ali Kaya,13
MİLLET,millet,Mersin,mersin,Mersin,1,Mustafa Aykun,13
MİLLET,millet,Mersin,mersin,Mersin,2,İbrahim Ethem Altaş,13
MİLLET,millet,Mersin,mersin,Mersin,3,Hasan Tahsin Uysal,13
MİLLET,millet,Mersin,mersin,Mersin,4,Gülşen Aykun,13
MİLLET,millet,Mersin,mersin,Mersin,5,Durmuş Kale,13
MİLLET,millet,Mersin,mersin,Mersin,6,Serap Uysal,13
MİLLET,millet,Mersin,mersin,Mersin,7,Hatice Aykun,13
MİLLET,millet,Mersin,mersin,Mersin,8,Menekşe Nural Adıgüzel,13
MİLLET,millet,Mersin,mersin,Mersin,9,Ayşe Uysal,13
MİLLET,millet,Mersin,mersin,Mersin,10,Sadık Emen,13
MİLLET,millet,Mersin,mersin,Mersin,11,Fikret Adıgüzel,13
MİLLET,millet,Mersin,mersin,Mersin,12,Esma Gök,13
MİLLET,millet,Mersin,mersin,Mersin,13,Salih Akarçay,13
Sol Parti,solparti,Mersin,mersin,Mersin,1,İlknur Başer,13
Sol Parti,solparti,Mersin,mersin,Mersin,2,Zeki Avcu,13
Sol Parti,solparti,Mersin,mersin,Mersin,3,Derya Kişin,13
Sol Parti,solparti,Mersin,mersin,Mersin,4,Duygu Söbe,13
Sol Parti,solparti,Mersin,mersin,Mersin,5,Filiz Uçar,13
Sol Parti,solparti,Mersin,mersin,Mersin,6,Hazal Manguldar,13
Sol Parti,solparti,Mersin,mersin,Mersin,7,Nisan Türkan,13
Sol Parti,solparti,Mersin,mersin,Mersin,8,Tuğçe Mutluay,13
Sol Parti,solparti,Mersin,mersin,Mersin,9,Süreyya Kesgin,13
Sol Parti,solparti,Mersin,mersin,Mersin,10,Halil Tat,13
Sol Parti,solparti,Mersin,mersin,Mersin,11,Mithat Türkan,13
Sol Parti,solparti,Mersin,mersin,Mersin,12,Murat Bozkurt,13
Sol Parti,solparti,Mersin,mersin,Mersin,13,Selahattin Aksoy,13
TİP,tip,Mersin,mersin,Mersin,1,Hakan Güneş,13
TİP,tip,Mersin,mersin,Mersin,2,Ebru Çerçi,13
TİP,tip,Mersin,mersin,Mersin,3,Bülent Ufuk Ateş,13
TİP,tip,Mersin,mersin,Mersin,4,Gençer Baykul,13
TİP,tip,Mersin,mersin,Mersin,5,Şilan Ekinci,13
TİP,tip,Mersin,mersin,Mersin,6,Uğurcan Esiroğlu,13
TİP,tip,Mersin,mersin,Mersin,7,Ayşe Sibel Levent,13
TİP,tip,Mersin,mersin,Mersin,8,Ali Hakan Çetin,13
TİP,tip,Mersin,mersin,Mersin,9,Tenzile Yadigar Ak,13
TİP,tip,Mersin,mersin,Mersin,10,Oğuz Özcanlı,13
TİP,tip,Mersin,mersin,Mersin,11,Olcay Yılmaz Uluğ,13
TİP,tip,Mersin,mersin,Mersin,12,Kamuran Günay,13
TİP,tip,Mersin,mersin,Mersin,13,Deniz Arslan,13
TKH,tkh,Mersin,mersin,Mersin,1,Gazi Can,13
TKH,tkh,Mersin,mersin,Mersin,2,Mehmet Makan,13
TKH,tkh,Mersin,mersin,Mersin,3,Barış Bayhan,13
TKH,tkh,Mersin,mersin,Mersin,4,Tuğba Canpolat Kırlangıç,13
TKH,tkh,Mersin,mersin,Mersin,5,Meriç Çevik,13
TKH,tkh,Mersin,mersin,Mersin,6,Engin Çaydan,13
TKH,tkh,Mersin,mersin,Mersin,7,Semra Göktaş,13
TKH,tkh,Mersin,mersin,Mersin,8,Bahar İzdal Çaydan,13
TKH,tkh,Mersin,mersin,Mersin,9,Fırat Çağdaş Ay,13
TKH,tkh,Mersin,mersin,Mersin,10,Batuhan Baybars,13
TKH,tkh,Mersin,mersin,Mersin,11,Mustafa Deniz Bakanlar,13
TKH,tkh,Mersin,mersin,Mersin,12,Serhat Erbil,13
TKH,tkh,Mersin,mersin,Mersin,13,Yunus Sancak,13
TKP,tkp,Mersin,mersin,Mersin,1,Kerim Uslu,13
TKP,tkp,Mersin,mersin,Mersin,2,Zühal Kurt,13
TKP,tkp,Mersin,mersin,Mersin,3,Cengiz Ahrez,13
TKP,tkp,Mersin,mersin,Mersin,4,Derya Demir,13
TKP,tkp,Mersin,mersin,Mersin,5,Yusuf Dengiz,13
TKP,tkp,Mersin,mersin,Mersin,6,Ferhat Oğul,13
TKP,tkp,Mersin,mersin,Mersin,7,Fahrettin Selçuk Ersöz,13
TKP,tkp,Mersin,mersin,Mersin,8,Fadime İnci Özkan,13
TKP,tkp,Mersin,mersin,Mersin,9,Cemal Kurt,13
TKP,tkp,Mersin,mersin,Mersin,10,Selin Yiğitbaş,13
TKP,tkp,Mersin,mersin,Mersin,11,Derman Özgür,13
TKP,tkp,Mersin,mersin,Mersin,12,Yiğit Acun,13
TKP,tkp,Mersin,mersin,Mersin,13,Berjen Elçi,13
Vatan,vatanpartisi,Mersin,mersin,Mersin,1,Ali Rıza Taşdelen,13
Vatan,vatanpartisi,Mersin,mersin,Mersin,2,Suzan Falcıoğlu,13
Vatan,vatanpartisi,Mersin,mersin,Mersin,3,Fırat Arkalı,13
Vatan,vatanpartisi,Mersin,mersin,Mersin,4,Ercüment Çamlı,13
Vatan,vatanpartisi,Mersin,mersin,Mersin,5,Tülay Etiler,13
Vatan,vatanpartisi,Mersin,mersin,Mersin,6,Mustafa Cengiz Yılmaz,13
Vatan,vatanpartisi,Mersin,mersin,Mersin,7,İlknur Kalan,13
Vatan,vatanpartisi,Mersin,mersin,Mersin,8,Yalçın Öktem,13
Vatan,vatanpartisi,Mersin,mersin,Mersin,9,Ali Kalan,13
Vatan,vatanpartisi,Mersin,mersin,Mersin,10,Ali Güllü,13
Vatan,vatanpartisi,Mersin,mersin,Mersin,11,Can Cengiz,13
Vatan,vatanpartisi,Mersin,mersin,Mersin,12,Ali Osman İnce,13
Vatan,vatanpartisi,Mersin,mersin,Mersin,13,Doğan Büyükşahin,13
Y.Refah,yenidenrefah,Mersin,mersin,Mersin,1,Taner Boz,13
Y.Refah,yenidenrefah,Mersin,mersin,Mersin,2,Adnan Uyar,13
Y.Refah,yenidenrefah,Mersin,mersin,Mersin,3,Bayram Tanrıverdi,13
Y.Refah,yenidenrefah,Mersin,mersin,Mersin,4,Mehmet Bilge Şahin,13
Y.Refah,yenidenrefah,Mersin,mersin,Mersin,5,Mikail Tekçe,13
Y.Refah,yenidenrefah,Mersin,mersin,Mersin,6,İzzeddin Alkan,13
Y.Refah,yenidenrefah,Mersin,mersin,Mersin,7,Sefa Çaylar,13
Y.Refah,yenidenrefah,Mersin,mersin,Mersin,8,Ramazan Aluç,13
Y.Refah,yenidenrefah,Mersin,mersin,Mersin,9,Ahmet Yıldırım,13
Y.Refah,yenidenrefah,Mersin,mersin,Mersin,10,Musa Özmen,13
Y.Refah,yenidenrefah,Mersin,mersin,Mersin,11,Yunus Turan,13
Y.Refah,yenidenrefah,Mersin,mersin,Mersin,12,Soner Çelik,13
Y.Refah,yenidenrefah,Mersin,mersin,Mersin,13,Nevzat Dürgen,13
Y.Sol Parti,yesilsolparti,Mersin,mersin,Mersin,1,Ali Bozan,13
Y.Sol Parti,yesilsolparti,Mersin,mersin,Mersin,2,Perihan Koca,13
Y.Sol Parti,yesilsolparti,Mersin,mersin,Mersin,3,Mustafa Türk,13
Y.Sol Parti,yesilsolparti,Mersin,mersin,Mersin,4,Hamdiye Kırıcı,13
Y.Sol Parti,yesilsolparti,Mersin,mersin,Mersin,5,Şerif Durmaz,13
Y.Sol Parti,yesilsolparti,Mersin,mersin,Mersin,6,Hacı Bayram Kızartıcı,13
Y.Sol Parti,yesilsolparti,Mersin,mersin,Mersin,7,Ayşe Gül Temür,13
Y.Sol Parti,yesilsolparti,Mersin,mersin,Mersin,8,Esra Ergüzeloğlu Kilim,13
Y.Sol Parti,yesilsolparti,Mersin,mersin,Mersin,9,Muhammet Talat Şeker,13
Y.Sol Parti,yesilsolparti,Mersin,mersin,Mersin,10,Adnan Şahin,13
Y.Sol Parti,yesilsolparti,Mersin,mersin,Mersin,11,Derman Tarancı,13
Y.Sol Parti,yesilsolparti,Mersin,mersin,Mersin,12,Mehmet Şirin Kaya,13
Y.Sol Parti,yesilsolparti,Mersin,mersin,Mersin,13,Aydın Aydın,13
YP,yp,Mersin,mersin,Mersin,1,Çetin Buluz,13
YP,yp,Mersin,mersin,Mersin,2,Şeküre Gemici,13
YP,yp,Mersin,mersin,Mersin,3,Ali Kökberi,13
YP,yp,Mersin,mersin,Mersin,4,Naim Altın,13
YP,yp,Mersin,mersin,Mersin,5,Ferhat Çelik,13
YP,yp,Mersin,mersin,Mersin,6,Abdullah Ekici,13
YP,yp,Mersin,mersin,Mersin,7,Hasan Kurtulmuş,13
YP,yp,Mersin,mersin,Mersin,8,Hasan Yılmaz,13
YP,yp,Mersin,mersin,Mersin,9,Sena Taşkan,13
YP,yp,Mersin,mersin,Mersin,10,Mahmut Biçen,13
YP,yp,Mersin,mersin,Mersin,11,Hasret Bayrak,13
YP,yp,Mersin,mersin,Mersin,12,Sedat Akdoğan,13
YP,yp,Mersin,mersin,Mersin,13,Ferhat Gülmez,13
Zafer,zaferpartisi,Mersin,mersin,Mersin,1,Murat Yıldız,13
Zafer,zaferpartisi,Mersin,mersin,Mersin,2,Kemal Mert,13
Zafer,zaferpartisi,Mersin,mersin,Mersin,3,Ahmet Alaca,13
Zafer,zaferpartisi,Mersin,mersin,Mersin,4,Saltuk Buluçhan Özay,13
Zafer,zaferpartisi,Mersin,mersin,Mersin,5,Ziya Batın Şener,13
Zafer,zaferpartisi,Mersin,mersin,Mersin,6,Mustafa Yazar,13
Zafer,zaferpartisi,Mersin,mersin,Mersin,7,Kazım Cihat Kalkan,13
Zafer,zaferpartisi,Mersin,mersin,Mersin,8,Mehmet Özkaner,13
Zafer,zaferpartisi,Mersin,mersin,Mersin,9,Bünyamin Çelik,13
Zafer,zaferpartisi,Mersin,mersin,Mersin,10,Sinem İncel,13
Zafer,zaferpartisi,Mersin,mersin,Mersin,11,Eren Veske,13
Zafer,zaferpartisi,Mersin,mersin,Mersin,12,Mustafa Nevzat Taşdemir,13
Zafer,zaferpartisi,Mersin,mersin,Mersin,13,Ferhat Soytürk,13
Adalet,ap,Muğla,mugla,Muğla,1,Serdar Kulmaç,7
Adalet,ap,Muğla,mugla,Muğla,2,Cavit Gülşe,7
Adalet,ap,Muğla,mugla,Muğla,3,Özge Aras,7
Adalet,ap,Muğla,mugla,Muğla,4,Melek Berber,7
Adalet,ap,Muğla,mugla,Muğla,5,Tuncay Gülşe,7
Adalet,ap,Muğla,mugla,Muğla,6,Emel Urgancı,7
Adalet,ap,Muğla,mugla,Muğla,7,Duygu Çetin,7
AK Parti,akparti,Muğla,mugla,Muğla,1,Kadem Mete,7
AK Parti,akparti,Muğla,mugla,Muğla,2,Yakup Otgöz,7
AK Parti,akparti,Muğla,mugla,Muğla,3,Eylem Tan,7
AK Parti,akparti,Muğla,mugla,Muğla,4,Turgay Öztürk,7
AK Parti,akparti,Muğla,mugla,Muğla,5,Ali Mete Karagöz,7
AK Parti,akparti,Muğla,mugla,Muğla,6,Hakan Fevzi İlhan,7
AK Parti,akparti,Muğla,mugla,Muğla,7,Ali Tekin,7
ANAP,anap,Muğla,mugla,Muğla,1,Ufuk Bölük,7
ANAP,anap,Muğla,mugla,Muğla,2,Mehmet Gençel,7
ANAP,anap,Muğla,mugla,Muğla,3,Ahmet Talha Esim,7
ANAP,anap,Muğla,mugla,Muğla,4,Murat Cengiz,7
ANAP,anap,Muğla,mugla,Muğla,5,Yusuf Berat Aykul,7
ANAP,anap,Muğla,mugla,Muğla,6,Hüseyin Yeşilyurt,7
ANAP,anap,Muğla,mugla,Muğla,7,Ersin Narlı,7
Bağımsız,bagimsiz,Muğla,mugla,Muğla,1,İsmail Uslu,7
BBP,bbp,Muğla,mugla,Muğla,1,Ahmet Tarık Sarı,7
BBP,bbp,Muğla,mugla,Muğla,2,Ali Özden,7
BBP,bbp,Muğla,mugla,Muğla,3,Hilal Çetinkaya,7
BBP,bbp,Muğla,mugla,Muğla,4,Reyhan Yılmaz,7
BBP,bbp,Muğla,mugla,Muğla,5,Mustafa Rüçhan Özer,7
BBP,bbp,Muğla,mugla,Muğla,6,Hüseyin Çakır,7
BBP,bbp,Muğla,mugla,Muğla,7,Ufuk Dönmez,7
CHP,chp,Muğla,mugla,Muğla,1,Cumhur Uzun,7
CHP,chp,Muğla,mugla,Muğla,2,Gizem Özcan,7
CHP,chp,Muğla,mugla,Muğla,3,Süreyya Öneş Derici,7
CHP,chp,Muğla,mugla,Muğla,4,Selçuk Özdağ,7
CHP,chp,Muğla,mugla,Muğla,5,Mehmet Demir,7
CHP,chp,Muğla,mugla,Muğla,6,Fatma Gebeş Çimen,7
CHP,chp,Muğla,mugla,Muğla,7,Salih Nazmi Büyükdöğerlioğlu,7
Genç Parti,gencparti,Muğla,mugla,Muğla,1,Mustafa Arıkan,7
Genç Parti,gencparti,Muğla,mugla,Muğla,2,Selin Açıkay,7
Genç Parti,gencparti,Muğla,mugla,Muğla,3,Gloria Maria Aşkar,7
Genç Parti,gencparti,Muğla,mugla,Muğla,4,Gülay Yaman Karadeniz,7
Genç Parti,gencparti,Muğla,mugla,Muğla,5,Muhammet Uğur Güler,7
Genç Parti,gencparti,Muğla,mugla,Muğla,6,Zafer Sürer,7
Genç Parti,gencparti,Muğla,mugla,Muğla,7,Arifcan Cevizbaş,7
HAK-PAR,hakpar,Muğla,mugla,Muğla,1,Mehmet Şakir Balta,7
HAK-PAR,hakpar,Muğla,mugla,Muğla,2,Murat Saltık,7
HAK-PAR,hakpar,Muğla,mugla,Muğla,3,Mahmut Arkan,7
HAK-PAR,hakpar,Muğla,mugla,Muğla,4,İlayda Ay,7
HAK-PAR,hakpar,Muğla,mugla,Muğla,5,Burhan Kurt,7
HAK-PAR,hakpar,Muğla,mugla,Muğla,6,Mehmet Ali Yazıl,7
HAK-PAR,hakpar,Muğla,mugla,Muğla,7,Abdulkadir Yıldız,7
HKP,hkp,Muğla,mugla,Muğla,1,Nurgül Kuşçu,7
HKP,hkp,Muğla,mugla,Muğla,2,Bünyamin Yıldız,7
HKP,hkp,Muğla,mugla,Muğla,3,Sultan Atasever Şentürk,7
HKP,hkp,Muğla,mugla,Muğla,4,Beyhan Dilsiz,7
HKP,hkp,Muğla,mugla,Muğla,5,Osman Bozbalak,7
HKP,hkp,Muğla,mugla,Muğla,6,Ebru Göksal,7
HKP,hkp,Muğla,mugla,Muğla,7,Muzaffer Şarkaya,7
İyi Parti,iyiparti,Muğla,mugla,Muğla,1,Metin Ergun,7
İyi Parti,iyiparti,Muğla,mugla,Muğla,2,Behçet Saatcı,7
İyi Parti,iyiparti,Muğla,mugla,Muğla,3,Mehmet Tosun,7
İyi Parti,iyiparti,Muğla,mugla,Muğla,4,Gülgün Çolakoğlu,7
İyi Parti,iyiparti,Muğla,mugla,Muğla,5,Ayfer İlhan Öçer,7
İyi Parti,iyiparti,Muğla,mugla,Muğla,6,Tulgay Hasar,7
İyi Parti,iyiparti,Muğla,mugla,Muğla,7,Ömer Kaya,7
Memleket,memleket,Muğla,mugla,Muğla,1,Süleyman Dinçberk,7
Memleket,memleket,Muğla,mugla,Muğla,2,İbrahim Şimşek,7
Memleket,memleket,Muğla,mugla,Muğla,3,Canan Karaosmanoğlu,7
Memleket,memleket,Muğla,mugla,Muğla,4,Osman Kurtuluş,7
Memleket,memleket,Muğla,mugla,Muğla,5,Buse Tokaç,7
Memleket,memleket,Muğla,mugla,Muğla,6,Ümit İftar,7
Memleket,memleket,Muğla,mugla,Muğla,7,Subutay Akça,7
MHP,mhp,Muğla,mugla,Muğla,1,Özlem Balcı,7
MHP,mhp,Muğla,mugla,Muğla,2,Ertuğrul Avcı,7
MHP,mhp,Muğla,mugla,Muğla,3,Mevlüt Kiriş,7
MHP,mhp,Muğla,mugla,Muğla,4,Abdulkadir Tekin,7
MHP,mhp,Muğla,mugla,Muğla,5,Şevket Tokur,7
MHP,mhp,Muğla,mugla,Muğla,6,Hilmi Başpınar,7
MHP,mhp,Muğla,mugla,Muğla,7,Neslihan Doğangül Önder,7
MİLLET,millet,Muğla,mugla,Muğla,1,Hüseyin Kara,7
MİLLET,millet,Muğla,mugla,Muğla,2,İzzet Çaylı,7
MİLLET,millet,Muğla,mugla,Muğla,3,Sami Keçecioğlu,7
MİLLET,millet,Muğla,mugla,Muğla,4,İsmail Kara,7
MİLLET,millet,Muğla,mugla,Muğla,5,Kadir Güven,7
MİLLET,millet,Muğla,mugla,Muğla,6,Osman Sivri,7
MİLLET,millet,Muğla,mugla,Muğla,7,Şennur Şimşek,7
Milli Yol,milliyol,Muğla,mugla,Muğla,1,Ayşe Poyraz,7
Milli Yol,milliyol,Muğla,mugla,Muğla,2,Hakan Yavuz,7
Milli Yol,milliyol,Muğla,mugla,Muğla,3,Sadi Boyraz,7
Milli Yol,milliyol,Muğla,mugla,Muğla,4,Yasin Bozkaya,7
Milli Yol,milliyol,Muğla,mugla,Muğla,5,Mustafa Onbaşı,7
Milli Yol,milliyol,Muğla,mugla,Muğla,6,Sümeyra Boyraz,7
Milli Yol,milliyol,Muğla,mugla,Muğla,7,Fidan Çerçi,7
Sol Parti,solparti,Muğla,mugla,Muğla,1,Sema Arda,7
Sol Parti,solparti,Muğla,mugla,Muğla,2,Ezgi Akgül Akalan,7
Sol Parti,solparti,Muğla,mugla,Muğla,3,Nermin Erdoğan,7
Sol Parti,solparti,Muğla,mugla,Muğla,4,Akile Tonbak,7
Sol Parti,solparti,Muğla,mugla,Muğla,5,Hakan Özaydınlık,7
Sol Parti,solparti,Muğla,mugla,Muğla,6,Ali Aldan,7
Sol Parti,solparti,Muğla,mugla,Muğla,7,Ziver Aslan,7
TİP,tip,Muğla,mugla,Muğla,1,Mehmet Aslantuğ,7
TİP,tip,Muğla,mugla,Muğla,2,Neşe Tuncer Güngüt,7
TİP,tip,Muğla,mugla,Muğla,3,Osman Gülgün,7
TİP,tip,Muğla,mugla,Muğla,4,Mehmet Yapıcı,7
TİP,tip,Muğla,mugla,Muğla,5,Yağmur Özgür Güven,7
TİP,tip,Muğla,mugla,Muğla,6,Füsun Ünlüsoy,7
TİP,tip,Muğla,mugla,Muğla,7,Neşet Karadağ,7
TKH,tkh,Muğla,mugla,Muğla,1,Mehmet Emin Türkmen,7
TKH,tkh,Muğla,mugla,Muğla,2,Cihan Tan,7
TKH,tkh,Muğla,mugla,Muğla,3,Mehmet Destegül,7
TKH,tkh,Muğla,mugla,Muğla,4,Meryem Denizkıran,7
TKH,tkh,Muğla,mugla,Muğla,5,Sinem Dönmez,7
TKH,tkh,Muğla,mugla,Muğla,6,Birgül Zöngür,7
TKH,tkh,Muğla,mugla,Muğla,7,Taylan Demir,7
TKP,tkp,Muğla,mugla,Muğla,1,Ahmet Aksüt,7
TKP,tkp,Muğla,mugla,Muğla,2,Arzu Koçak,7
TKP,tkp,Muğla,mugla,Muğla,3,Düzgün Narin,7
TKP,tkp,Muğla,mugla,Muğla,4,Derya Yetkin,7
TKP,tkp,Muğla,mugla,Muğla,5,Mutlu Tuncay,7
TKP,tkp,Muğla,mugla,Muğla,6,Mustafa Batuk,7
TKP,tkp,Muğla,mugla,Muğla,7,Ayşe Vural,7
Vatan,vatanpartisi,Muğla,mugla,Muğla,1,Emre Aykın,7
Vatan,vatanpartisi,Muğla,mugla,Muğla,2,Selçuk Selvi,7
Vatan,vatanpartisi,Muğla,mugla,Muğla,3,Elif Çetin İşlek,7
Vatan,vatanpartisi,Muğla,mugla,Muğla,4,Mehmet Şevket Öztürk,7
Vatan,vatanpartisi,Muğla,mugla,Muğla,5,İlyas Yılmaz,7
Vatan,vatanpartisi,Muğla,mugla,Muğla,6,Ayfer Özarslan Kara,7
Vatan,vatanpartisi,Muğla,mugla,Muğla,7,Mehmet Özer,7
Y.Refah,yenidenrefah,Muğla,mugla,Muğla,1,İsmail Baykal,7
Y.Refah,yenidenrefah,Muğla,mugla,Muğla,2,Kadir Gürsoy,7
Y.Refah,yenidenrefah,Muğla,mugla,Muğla,3,Ersin Toptaş,7
Y.Refah,yenidenrefah,Muğla,mugla,Muğla,4,Hasan Sefa Tursun,7
Y.Refah,yenidenrefah,Muğla,mugla,Muğla,5,Memet Nesim Polat,7
Y.Refah,yenidenrefah,Muğla,mugla,Muğla,6,Faruk Öğe,7
Y.Refah,yenidenrefah,Muğla,mugla,Muğla,7,Engin Kaya,7
Y.Sol Parti,yesilsolparti,Muğla,mugla,Muğla,1,Hasan Yıldırım,7
Y.Sol Parti,yesilsolparti,Muğla,mugla,Muğla,2,İpek Mahmutoğlu,7
Y.Sol Parti,yesilsolparti,Muğla,mugla,Muğla,3,İbrahim Haluk Koşar,7
Y.Sol Parti,yesilsolparti,Muğla,mugla,Muğla,4,Nezir Yatkı,7
Y.Sol Parti,yesilsolparti,Muğla,mugla,Muğla,5,Derya Hezer,7
Y.Sol Parti,yesilsolparti,Muğla,mugla,Muğla,6,Sedat Yağcıoğlu,7
Y.Sol Parti,yesilsolparti,Muğla,mugla,Muğla,7,İbrahim Çiftçioğlu,7
YP,yp,Muğla,mugla,Muğla,1,Murat Tekin,7
YP,yp,Muğla,mugla,Muğla,2,Neriman Saraç,7
YP,yp,Muğla,mugla,Muğla,3,Emre Barkın Şimşek,7
YP,yp,Muğla,mugla,Muğla,4,Özlem Nazlı Erdovan,7
YP,yp,Muğla,mugla,Muğla,5,Koray Özgüven,7
YP,yp,Muğla,mugla,Muğla,6,Gürcan Canpolat,7
YP,yp,Muğla,mugla,Muğla,7,Muhammet Taylan Aydos,7
Zafer,zaferpartisi,Muğla,mugla,Muğla,1,Ünal Yiğit,7
Zafer,zaferpartisi,Muğla,mugla,Muğla,2,Tan Bilginer,7
Zafer,zaferpartisi,Muğla,mugla,Muğla,3,Aybike Ece Taşova,7
Zafer,zaferpartisi,Muğla,mugla,Muğla,4,Cem Ayber,7
Zafer,zaferpartisi,Muğla,mugla,Muğla,5,Mehmet Özdemir,7
Zafer,zaferpartisi,Muğla,mugla,Muğla,6,Müjgan Dikmen,7
Zafer,zaferpartisi,Muğla,mugla,Muğla,7,Oğuzhan Ordukan,7
Adalet,ap,Muş,mus,Muş,1,Ömer Faruk Subaşı,3
Adalet,ap,Muş,mus,Muş,2,Mehmet Patlak,3
Adalet,ap,Muş,mus,Muş,3,Funda Yaşar,3
AK Parti,akparti,Muş,mus,Muş,1,Mehmet Emin Şimşek,3
AK Parti,akparti,Muş,mus,Muş,2,Nur Ahmet Kılıçaslan,3
AK Parti,akparti,Muş,mus,Muş,3,Muhammed Bahaddin İşık,3
ANAP,anap,Muş,mus,Muş,1,Haciali Demir,3
ANAP,anap,Muş,mus,Muş,2,Ömer Altınok,3
ANAP,anap,Muş,mus,Muş,3,Mustafa Dolmacı,3
BBP,bbp,Muş,mus,Muş,1,Harun Akova,3
BBP,bbp,Muş,mus,Muş,2,Reşit Güler,3
BBP,bbp,Muş,mus,Muş,3,Enes Ğaspak,3
GBP,gbp,Muş,mus,Muş,1,Hamdüsena Eroğlu,3
GBP,gbp,Muş,mus,Muş,2,Sena Nur Şerefoğlu,3
GBP,gbp,Muş,mus,Muş,3,Coşkun Karahasan,3
Genç Parti,gencparti,Muş,mus,Muş,1,Feyzi Ekinci,3
Genç Parti,gencparti,Muş,mus,Muş,2,Ferda Saygılı Sapaz,3
Genç Parti,gencparti,Muş,mus,Muş,3,Aziz Bekir Karçi,3
HAK-PAR,hakpar,Muş,mus,Muş,1,Murat Balkan,3
HAK-PAR,hakpar,Muş,mus,Muş,2,Kutbettin Yılmaz,3
HAK-PAR,hakpar,Muş,mus,Muş,3,İbil Bahim Atila,3
HKP,hkp,Muş,mus,Muş,1,Rojda Kalkan,3
HKP,hkp,Muş,mus,Muş,2,Murat Çelik,3
HKP,hkp,Muş,mus,Muş,3,Önder Kemal Gençer,3
İyi Parti,iyiparti,Muş,mus,Muş,1,Mümtaz Yavuz,3
İyi Parti,iyiparti,Muş,mus,Muş,2,Umut Deniz Güneysu,3
İyi Parti,iyiparti,Muş,mus,Muş,3,Efekan Kemaloğlu,3
Memleket,memleket,Muş,mus,Muş,1,Kerem Uyanık,3
Memleket,memleket,Muş,mus,Muş,2,Muhammed Sefa Demir,3
Memleket,memleket,Muş,mus,Muş,3,Adem Karaağaç,3
MHP,mhp,Muş,mus,Muş,1,Levent Özmen,3
MHP,mhp,Muş,mus,Muş,2,Haluk Zeki Öğreten,3
MHP,mhp,Muş,mus,Muş,3,Yaşar Furkan Bingöl,3
MİLLET,millet,Muş,mus,Muş,1,Ahmet Selçuk Ersen,3
MİLLET,millet,Muş,mus,Muş,2,Aykut Melih Çelik,3
MİLLET,millet,Muş,mus,Muş,3,Ali Karakaya,3
Sol Parti,solparti,Muş,mus,Muş,1,Özgür Arslan,3
Sol Parti,solparti,Muş,mus,Muş,2,Berrin Konak,3
Sol Parti,solparti,Muş,mus,Muş,3,Can Büyükşahin,3
TKH,tkh,Muş,mus,Muş,1,Özge Altay Dede,3
TKH,tkh,Muş,mus,Muş,2,Sezgin Zevkibol,3
TKH,tkh,Muş,mus,Muş,3,Ahmet Koçar,3
TKP,tkp,Muş,mus,Muş,1,Fatma Aslan,3
TKP,tkp,Muş,mus,Muş,2,Sargın Ulaş Tunaboylu,3
TKP,tkp,Muş,mus,Muş,3,İbrahim Halil Yalçın,3
Vatan,vatanpartisi,Muş,mus,Muş,1,Hakan Süzgeç,3
Vatan,vatanpartisi,Muş,mus,Muş,2,Enver Görmez,3
Vatan,vatanpartisi,Muş,mus,Muş,3,Yusuf Bingöl,3
Y.Refah,yenidenrefah,Muş,mus,Muş,1,Hakı Bulut,3
Y.Refah,yenidenrefah,Muş,mus,Muş,2,Cemalettin Özden,3
Y.Refah,yenidenrefah,Muş,mus,Muş,3,İrfan Çelik,3
Y.Sol Parti,yesilsolparti,Muş,mus,Muş,1,Sezai Temelli,3
Y.Sol Parti,yesilsolparti,Muş,mus,Muş,2,Sümeyye Boz,3
Y.Sol Parti,yesilsolparti,Muş,mus,Muş,3,Serhat Dursun,3
YP,yp,Muş,mus,Muş,1,Çetin Ongür,3
YP,yp,Muş,mus,Muş,2,Burhan Acar,3
YP,yp,Muş,mus,Muş,3,Ahmet Meyda,3
Adalet,ap,Nevşehir,nevsehir,Nevşehir,1,Semih Soylu,3
Adalet,ap,Nevşehir,nevsehir,Nevşehir,2,İrem Santırcıoğlu,3
Adalet,ap,Nevşehir,nevsehir,Nevşehir,3,Abdurrahman Akkuş,3
AK Parti,akparti,Nevşehir,nevsehir,Nevşehir,1,Süleyman Özgün,3
AK Parti,akparti,Nevşehir,nevsehir,Nevşehir,2,Emre Çalışkan,3
AK Parti,akparti,Nevşehir,nevsehir,Nevşehir,3,Mustafa Rauf Yanar,3
ANAP,anap,Nevşehir,nevsehir,Nevşehir,1,Mustafa Yılmaz,3
ANAP,anap,Nevşehir,nevsehir,Nevşehir,2,Halil İbrahim Babayiğit,3
ANAP,anap,Nevşehir,nevsehir,Nevşehir,3,Çağatayhan Çelebi,3
BBP,bbp,Nevşehir,nevsehir,Nevşehir,1,Ramazan Kalkan,3
BBP,bbp,Nevşehir,nevsehir,Nevşehir,2,Recep Tükel,3
BBP,bbp,Nevşehir,nevsehir,Nevşehir,3,Mehmet Çimen,3
CHP,chp,Nevşehir,nevsehir,Nevşehir,1,Faruk Sarıaslan,3
CHP,chp,Nevşehir,nevsehir,Nevşehir,2,Mehmet Değirmenci,3
CHP,chp,Nevşehir,nevsehir,Nevşehir,3,Eda Doğan,3
Genç Parti,gencparti,Nevşehir,nevsehir,Nevşehir,1,Caner Çoban,3
Genç Parti,gencparti,Nevşehir,nevsehir,Nevşehir,2,Ercan Yurtseven,3
Genç Parti,gencparti,Nevşehir,nevsehir,Nevşehir,3,Erkan Özdemir,3
HAK-PAR,hakpar,Nevşehir,nevsehir,Nevşehir,1,İrfan Korucu,3
HAK-PAR,hakpar,Nevşehir,nevsehir,Nevşehir,2,Serkan Aydın,3
HAK-PAR,hakpar,Nevşehir,nevsehir,Nevşehir,3,Vedat Bakan,3
HKP,hkp,Nevşehir,nevsehir,Nevşehir,1,Aliye Şen,3
HKP,hkp,Nevşehir,nevsehir,Nevşehir,2,Hüsne İnal,3
HKP,hkp,Nevşehir,nevsehir,Nevşehir,3,Erol Kıyak,3
İyi Parti,iyiparti,Nevşehir,nevsehir,Nevşehir,1,Rasim Arı,3
İyi Parti,iyiparti,Nevşehir,nevsehir,Nevşehir,2,Mesut Erdoğan,3
İyi Parti,iyiparti,Nevşehir,nevsehir,Nevşehir,3,Ayşe Göl Mıhcı,3
Memleket,memleket,Nevşehir,nevsehir,Nevşehir,1,Necati Güngör,3
Memleket,memleket,Nevşehir,nevsehir,Nevşehir,2,Mustafa Arslan,3
Memleket,memleket,Nevşehir,nevsehir,Nevşehir,3,Gürkan Çetinkaya,3
MHP,mhp,Nevşehir,nevsehir,Nevşehir,1,Filiz Kılıç,3
MHP,mhp,Nevşehir,nevsehir,Nevşehir,2,Mustafa Çiftci,3
MHP,mhp,Nevşehir,nevsehir,Nevşehir,3,Emre Aktaş,3
MİLLET,millet,Nevşehir,nevsehir,Nevşehir,1,Adem Aslan,3
MİLLET,millet,Nevşehir,nevsehir,Nevşehir,2,Sümeyye Özdemir,3
MİLLET,millet,Nevşehir,nevsehir,Nevşehir,3,Ruhiye Algül,3
Sol Parti,solparti,Nevşehir,nevsehir,Nevşehir,1,Ayşe Akgül,3
Sol Parti,solparti,Nevşehir,nevsehir,Nevşehir,2,Yusuf Tuna Koç,3
Sol Parti,solparti,Nevşehir,nevsehir,Nevşehir,3,Aylanaz İrem Tar,3
TİP,tip,Nevşehir,nevsehir,Nevşehir,1,Hayrettin Bayer,3
TİP,tip,Nevşehir,nevsehir,Nevşehir,2,Gülçin Aksu Denizhan,3
TİP,tip,Nevşehir,nevsehir,Nevşehir,3,İlke Kumartaşlıoğlu Saçmalıoğlu,3
TKH,tkh,Nevşehir,nevsehir,Nevşehir,1,Kaya Şahan,3
TKH,tkh,Nevşehir,nevsehir,Nevşehir,2,Mert Deniz Altınoğlu,3
TKH,tkh,Nevşehir,nevsehir,Nevşehir,3,Güney Öngünç,3
TKP,tkp,Nevşehir,nevsehir,Nevşehir,1,Işık Altuğ,3
TKP,tkp,Nevşehir,nevsehir,Nevşehir,2,Yeliz Karaca,3
TKP,tkp,Nevşehir,nevsehir,Nevşehir,3,Özgür Selvi,3
Vatan,vatanpartisi,Nevşehir,nevsehir,Nevşehir,1,Cenk Tümer Özdemir,3
Vatan,vatanpartisi,Nevşehir,nevsehir,Nevşehir,2,Tamer Tartar,3
Vatan,vatanpartisi,Nevşehir,nevsehir,Nevşehir,3,Elif Murşil,3
Y.Refah,yenidenrefah,Nevşehir,nevsehir,Nevşehir,1,Abdulgani Altınışık,3
Y.Refah,yenidenrefah,Nevşehir,nevsehir,Nevşehir,2,Ersin Başar,3
Y.Refah,yenidenrefah,Nevşehir,nevsehir,Nevşehir,3,Mehmet Derin,3
Y.Sol Parti,yesilsolparti,Nevşehir,nevsehir,Nevşehir,1,Cafer Kılıç,3
Y.Sol Parti,yesilsolparti,Nevşehir,nevsehir,Nevşehir,2,Sadiye Gündoğan,3
Y.Sol Parti,yesilsolparti,Nevşehir,nevsehir,Nevşehir,3,Taner Kaya,3
YP,yp,Nevşehir,nevsehir,Nevşehir,1,Muhammed Yasin Çakmak,3
YP,yp,Nevşehir,nevsehir,Nevşehir,2,Memik Solmaz,3
YP,yp,Nevşehir,nevsehir,Nevşehir,3,Nilay Aslan,3
Zafer,zaferpartisi,Nevşehir,nevsehir,Nevşehir,1,Burak Aşıkoğlu,3
Zafer,zaferpartisi,Nevşehir,nevsehir,Nevşehir,2,Menderes Bayram,3
Zafer,zaferpartisi,Nevşehir,nevsehir,Nevşehir,3,Ceren Gürkan,3
Adalet,ap,Niğde,nigde,Niğde,1,Mustafa Yiğit,3
Adalet,ap,Niğde,nigde,Niğde,2,Orhan Çılğın,3
Adalet,ap,Niğde,nigde,Niğde,3,Meryem Dayan,3
AK Parti,akparti,Niğde,nigde,Niğde,1,Cevahir Uzkurt,3
AK Parti,akparti,Niğde,nigde,Niğde,2,Yavuz Ergun,3
AK Parti,akparti,Niğde,nigde,Niğde,3,İbrahim Baloğlu,3
ANAP,anap,Niğde,nigde,Niğde,1,Ömer Aksoy,3
ANAP,anap,Niğde,nigde,Niğde,2,Muhammed Doğan,3
ANAP,anap,Niğde,nigde,Niğde,3,Fehmi Yigen,3
BBP,bbp,Niğde,nigde,Niğde,1,Hulusi Kiper,3
BBP,bbp,Niğde,nigde,Niğde,2,Serdal Kalemiş,3
BBP,bbp,Niğde,nigde,Niğde,3,Hüseyin Babaoğlu,3
CHP,chp,Niğde,nigde,Niğde,1,Ömer Fethi Gürer,3
CHP,chp,Niğde,nigde,Niğde,2,Sevgi Özbek,3
CHP,chp,Niğde,nigde,Niğde,3,Ozan Sakarya,3
GBP,gbp,Niğde,nigde,Niğde,1,Merve Kılınç,3
GBP,gbp,Niğde,nigde,Niğde,2,Yakup Demirkol,3
GBP,gbp,Niğde,nigde,Niğde,3,Dilek Altıkardeşler,3
Genç Parti,gencparti,Niğde,nigde,Niğde,1,İbrahim Çamur,3
Genç Parti,gencparti,Niğde,nigde,Niğde,2,Yasin Ağir,3
Genç Parti,gencparti,Niğde,nigde,Niğde,3,Serhat Karaduman,3
HAK-PAR,hakpar,Niğde,nigde,Niğde,1,Hasan Şeşeoğulları,3
HAK-PAR,hakpar,Niğde,nigde,Niğde,2,Remziye Öztekin Bayram,3
HAK-PAR,hakpar,Niğde,nigde,Niğde,3,Ramazan Alphan,3
HKP,hkp,Niğde,nigde,Niğde,1,Sevil Fidan,3
HKP,hkp,Niğde,nigde,Niğde,2,İhsan Karadağ,3
HKP,hkp,Niğde,nigde,Niğde,3,Coşkun Varol,3
İyi Parti,iyiparti,Niğde,nigde,Niğde,1,Mümin İnan,3
İyi Parti,iyiparti,Niğde,nigde,Niğde,2,Olgun Eytemiş,3
İyi Parti,iyiparti,Niğde,nigde,Niğde,3,Fetdah Gültekin,3
Memleket,memleket,Niğde,nigde,Niğde,1,Ufuk Tekeli,3
Memleket,memleket,Niğde,nigde,Niğde,2,Fehmi Meral,3
Memleket,memleket,Niğde,nigde,Niğde,3,Tayyip Ökmen,3
MHP,mhp,Niğde,nigde,Niğde,1,Cumali İnce,3
MHP,mhp,Niğde,nigde,Niğde,2,Emrullah Türe,3
MHP,mhp,Niğde,nigde,Niğde,3,Ahmet Yasin Şentürk,3
MİLLET,millet,Niğde,nigde,Niğde,1,Murat Demirer,3
MİLLET,millet,Niğde,nigde,Niğde,2,Sevim Aslan,3
MİLLET,millet,Niğde,nigde,Niğde,3,Aynur Doğan,3
Milli Yol,milliyol,Niğde,nigde,Niğde,1,Cemal Demircioğlu,3
Milli Yol,milliyol,Niğde,nigde,Niğde,2,Bilge Sezgin Örnek,3
Milli Yol,milliyol,Niğde,nigde,Niğde,3,Ömer Arslanhan,3
Sol Parti,solparti,Niğde,nigde,Niğde,1,Ayşegül Uçar,3
Sol Parti,solparti,Niğde,nigde,Niğde,2,Asım Arı,3
Sol Parti,solparti,Niğde,nigde,Niğde,3,Hüseyin Çankaya,3
TİP,tip,Niğde,nigde,Niğde,1,Elif Önder,3
TİP,tip,Niğde,nigde,Niğde,2,Kerem Tanılkan,3
TİP,tip,Niğde,nigde,Niğde,3,Ekin Dicle Erbilgin,3
TKH,tkh,Niğde,nigde,Niğde,1,Şerife Can,3
TKH,tkh,Niğde,nigde,Niğde,2,Ece Okur,3
TKH,tkh,Niğde,nigde,Niğde,3,Onur Yavuz,3
TKP,tkp,Niğde,nigde,Niğde,1,Tuğçe Sezen Gedik,3
TKP,tkp,Niğde,nigde,Niğde,2,Berk Başar,3
TKP,tkp,Niğde,nigde,Niğde,3,Cem Buksur,3
Vatan,vatanpartisi,Niğde,nigde,Niğde,1,Şemail Kahraman,3
Vatan,vatanpartisi,Niğde,nigde,Niğde,2,Süleyman Yürük,3
Vatan,vatanpartisi,Niğde,nigde,Niğde,3,Hasan Akşen,3
Y.Refah,yenidenrefah,Niğde,nigde,Niğde,1,Ali Selman Işık,3
Y.Refah,yenidenrefah,Niğde,nigde,Niğde,2,Taner Gümüş,3
Y.Refah,yenidenrefah,Niğde,nigde,Niğde,3,Mehtap Temeltaş,3
Y.Sol Parti,yesilsolparti,Niğde,nigde,Niğde,1,Yasemin Kaya,3
Y.Sol Parti,yesilsolparti,Niğde,nigde,Niğde,2,Cumali Adıgüzel,3
Y.Sol Parti,yesilsolparti,Niğde,nigde,Niğde,3,Medine Çeken,3
YP,yp,Niğde,nigde,Niğde,1,Ferdi Kaymakçı,3
YP,yp,Niğde,nigde,Niğde,2,Şerife Yıldız,3
YP,yp,Niğde,nigde,Niğde,3,Murat Muhsin Karakuş,3
Zafer,zaferpartisi,Niğde,nigde,Niğde,1,Mustafa Ceylan,3
Zafer,zaferpartisi,Niğde,nigde,Niğde,2,Aziz Doğan,3
Zafer,zaferpartisi,Niğde,nigde,Niğde,3,Kürşat Akkaya,3
Adalet,ap,Ordu,ordu,Ordu,1,İsa İlyasoğlu,6
Adalet,ap,Ordu,ordu,Ordu,2,Sefer Can Yılmaz,6
Adalet,ap,Ordu,ordu,Ordu,3,Şaban Aktaş,6
Adalet,ap,Ordu,ordu,Ordu,4,Özcan Koçer,6
Adalet,ap,Ordu,ordu,Ordu,5,Nuri Demir,6
Adalet,ap,Ordu,ordu,Ordu,6,Mustafa Gölcü,6
AK Parti,akparti,Ordu,ordu,Ordu,1,Mahmut Özer,6
AK Parti,akparti,Ordu,ordu,Ordu,2,İbrahim Ufuk Kaynak,6
AK Parti,akparti,Ordu,ordu,Ordu,3,Mustafa Hamarat,6
AK Parti,akparti,Ordu,ordu,Ordu,4,İsa Yüksel,6
AK Parti,akparti,Ordu,ordu,Ordu,5,İsa Gül,6
AK Parti,akparti,Ordu,ordu,Ordu,6,Samet Özdemir,6
ANAP,anap,Ordu,ordu,Ordu,1,Cengiz Özcan,6
ANAP,anap,Ordu,ordu,Ordu,2,Serhat Gür,6
ANAP,anap,Ordu,ordu,Ordu,3,Fatih Özdemir,6
ANAP,anap,Ordu,ordu,Ordu,4,Özcan Kaşaltı,6
ANAP,anap,Ordu,ordu,Ordu,5,Gamze Yetgin,6
ANAP,anap,Ordu,ordu,Ordu,6,Çağlayan Özlem Özbay Özcan,6
BBP,bbp,Ordu,ordu,Ordu,1,Coşkun Sipahioğlu,6
BBP,bbp,Ordu,ordu,Ordu,2,Adem Pişmek,6
BBP,bbp,Ordu,ordu,Ordu,3,Meliha Bekci,6
BBP,bbp,Ordu,ordu,Ordu,4,Murat Şahin,6
BBP,bbp,Ordu,ordu,Ordu,5,Murat Yiğit,6
BBP,bbp,Ordu,ordu,Ordu,6,Murat Hamarat,6
CHP,chp,Ordu,ordu,Ordu,1,Seyit Torun,6
CHP,chp,Ordu,ordu,Ordu,2,Mustafa Adıgüzel,6
CHP,chp,Ordu,ordu,Ordu,3,Ahmet Toklucuoğlu,6
CHP,chp,Ordu,ordu,Ordu,4,Cengiz Okur,6
CHP,chp,Ordu,ordu,Ordu,5,Nilgün Yılmaz,6
CHP,chp,Ordu,ordu,Ordu,6,Sabri Soner Görgülü,6
GBP,gbp,Ordu,ordu,Ordu,1,Huriye Karnap Hartamacı,6
GBP,gbp,Ordu,ordu,Ordu,2,Yeşim Sincar,6
GBP,gbp,Ordu,ordu,Ordu,3,Elif Yaren Yıldırım,6
GBP,gbp,Ordu,ordu,Ordu,4,Hasan Filik,6
GBP,gbp,Ordu,ordu,Ordu,5,Melis Şahin,6
GBP,gbp,Ordu,ordu,Ordu,6,Pınar Sevil Yasadur,6
HAK-PAR,hakpar,Ordu,ordu,Ordu,1,Fazlı Taşkan,6
HAK-PAR,hakpar,Ordu,ordu,Ordu,2,Mümtaz Eren,6
HAK-PAR,hakpar,Ordu,ordu,Ordu,3,Suphi Eren,6
HAK-PAR,hakpar,Ordu,ordu,Ordu,4,Aykut Engin,6
HAK-PAR,hakpar,Ordu,ordu,Ordu,5,Memet Suvar,6
HAK-PAR,hakpar,Ordu,ordu,Ordu,6,Musa Arpat,6
HKP,hkp,Ordu,ordu,Ordu,1,Gülsen Çevik,6
HKP,hkp,Ordu,ordu,Ordu,2,Münüre Gençer,6
HKP,hkp,Ordu,ordu,Ordu,3,Boran Alp,6
HKP,hkp,Ordu,ordu,Ordu,4,Hülya Ar,6
HKP,hkp,Ordu,ordu,Ordu,5,Sadık Karaca,6
HKP,hkp,Ordu,ordu,Ordu,6,Can Karaca,6
İyi Parti,iyiparti,Ordu,ordu,Ordu,1,İdris Naim Şahin,6
İyi Parti,iyiparti,Ordu,ordu,Ordu,2,Onur Şahin,6
İyi Parti,iyiparti,Ordu,ordu,Ordu,3,Çiğdem Çelenk Karakaya,6
İyi Parti,iyiparti,Ordu,ordu,Ordu,4,Murat Vardal,6
İyi Parti,iyiparti,Ordu,ordu,Ordu,5,Ebru Avcı Başaran,6
İyi Parti,iyiparti,Ordu,ordu,Ordu,6,Feyza Nur Yalçın Öner,6
Memleket,memleket,Ordu,ordu,Ordu,1,Sebanur Özdemir,6
Memleket,memleket,Ordu,ordu,Ordu,2,Öykü Çalış,6
Memleket,memleket,Ordu,ordu,Ordu,3,Cumhur İnce,6
Memleket,memleket,Ordu,ordu,Ordu,4,Mustafa Baştepe,6
Memleket,memleket,Ordu,ordu,Ordu,5,Batuhan Yılmaz,6
Memleket,memleket,Ordu,ordu,Ordu,6,Seda Güler,6
MHP,mhp,Ordu,ordu,Ordu,1,Naci Şanlıtürk,6
MHP,mhp,Ordu,ordu,Ordu,2,Erol Bayram,6
MHP,mhp,Ordu,ordu,Ordu,3,Doğukan Ak,6
MHP,mhp,Ordu,ordu,Ordu,4,Alpaslan Türkkan,6
MHP,mhp,Ordu,ordu,Ordu,5,Tuncer Usta,6
MHP,mhp,Ordu,ordu,Ordu,6,Ahmet Topal,6
MİLLET,millet,Ordu,ordu,Ordu,1,Melek Seda Aksoy,6
MİLLET,millet,Ordu,ordu,Ordu,2,Musa Demirel,6
MİLLET,millet,Ordu,ordu,Ordu,3,Zeynep Çelik,6
MİLLET,millet,Ordu,ordu,Ordu,4,Nuran Çetin,6
MİLLET,millet,Ordu,ordu,Ordu,5,Mehmet Şeref Ramazanoğlu,6
MİLLET,millet,Ordu,ordu,Ordu,6,Fatma Yılmaz,6
Sol Parti,solparti,Ordu,ordu,Ordu,1,Nursel Yıldız,6
Sol Parti,solparti,Ordu,ordu,Ordu,2,Alihan Akyazı,6
Sol Parti,solparti,Ordu,ordu,Ordu,3,Birol Kaya,6
Sol Parti,solparti,Ordu,ordu,Ordu,4,Ethem İştar,6
Sol Parti,solparti,Ordu,ordu,Ordu,5,Mustafa Poyraz,6
Sol Parti,solparti,Ordu,ordu,Ordu,6,Cemal Çetin,6
TİP,tip,Ordu,ordu,Ordu,1,Ayşegül Aydın Şengöz,6
TİP,tip,Ordu,ordu,Ordu,2,Ertuğrul Kahraman,6
TİP,tip,Ordu,ordu,Ordu,3,Mert Efe,6
TİP,tip,Ordu,ordu,Ordu,4,Deniz Arslantürk,6
TİP,tip,Ordu,ordu,Ordu,5,Tansu Ayık,6
TİP,tip,Ordu,ordu,Ordu,6,Hakan Duyan,6
TKH,tkh,Ordu,ordu,Ordu,1,Erhan Bekdaş,6
TKH,tkh,Ordu,ordu,Ordu,2,Halil Tecirli,6
TKH,tkh,Ordu,ordu,Ordu,3,Faruk Şen,6
TKH,tkh,Ordu,ordu,Ordu,4,Atakan Köprülülü,6
TKH,tkh,Ordu,ordu,Ordu,5,Akay Dalyan,6
TKH,tkh,Ordu,ordu,Ordu,6,Fatmanur Sönmez,6
TKP,tkp,Ordu,ordu,Ordu,1,Zikri Demiröz,6
TKP,tkp,Ordu,ordu,Ordu,2,Göksel Genç,6
TKP,tkp,Ordu,ordu,Ordu,3,Semra Özdemir,6
TKP,tkp,Ordu,ordu,Ordu,4,Özkan Bağdu,6
TKP,tkp,Ordu,ordu,Ordu,5,Barış Özbay,6
TKP,tkp,Ordu,ordu,Ordu,6,Duygu Sezer,6
Vatan,vatanpartisi,Ordu,ordu,Ordu,1,Osman Erdaş,6
Vatan,vatanpartisi,Ordu,ordu,Ordu,2,Sedat Kutlu,6
Vatan,vatanpartisi,Ordu,ordu,Ordu,3,Şadi Genç,6
Vatan,vatanpartisi,Ordu,ordu,Ordu,4,İsmail Küçükkarahan,6
Vatan,vatanpartisi,Ordu,ordu,Ordu,5,Kemal Sümbül,6
Vatan,vatanpartisi,Ordu,ordu,Ordu,6,Temel Nücumi Yılmaz,6
Y.Refah,yenidenrefah,Ordu,ordu,Ordu,1,Adem Ağca,6
Y.Refah,yenidenrefah,Ordu,ordu,Ordu,2,Harun Pala,6
Y.Refah,yenidenrefah,Ordu,ordu,Ordu,3,Zehra Çınar,6
Y.Refah,yenidenrefah,Ordu,ordu,Ordu,4,Furkan Çalış,6
Y.Refah,yenidenrefah,Ordu,ordu,Ordu,5,Fikret Balcı,6
Y.Refah,yenidenrefah,Ordu,ordu,Ordu,6,Ümit Özden,6
Y.Sol Parti,yesilsolparti,Ordu,ordu,Ordu,1,İbrahim Özdemirel,6
Y.Sol Parti,yesilsolparti,Ordu,ordu,Ordu,2,Nurcan Karasu,6
Y.Sol Parti,yesilsolparti,Ordu,ordu,Ordu,3,Şeref Özkan,6
Y.Sol Parti,yesilsolparti,Ordu,ordu,Ordu,4,Özden Ünal,6
Y.Sol Parti,yesilsolparti,Ordu,ordu,Ordu,5,Orhan Koca,6
Y.Sol Parti,yesilsolparti,Ordu,ordu,Ordu,6,Ertan Kabadayı,6
YP,yp,Ordu,ordu,Ordu,1,Yusuf Kemal Türkoğlu,6
YP,yp,Ordu,ordu,Ordu,2,Akın Yar,6
YP,yp,Ordu,ordu,Ordu,3,Mustafa Duran,6
YP,yp,Ordu,ordu,Ordu,4,Ali Osman Şık,6
YP,yp,Ordu,ordu,Ordu,5,Burak Kapıcıoğlu,6
YP,yp,Ordu,ordu,Ordu,6,Hüseyin İnce,6
Zafer,zaferpartisi,Ordu,ordu,Ordu,1,Yener Turan,6
Zafer,zaferpartisi,Ordu,ordu,Ordu,2,Hüseyin Yalçıntaş,6
Zafer,zaferpartisi,Ordu,ordu,Ordu,3,İbrahim Yanık,6
Zafer,zaferpartisi,Ordu,ordu,Ordu,4,Öznur Genç Erdem,6
Zafer,zaferpartisi,Ordu,ordu,Ordu,5,Levent Şaban Başkaya,6
Zafer,zaferpartisi,Ordu,ordu,Ordu,6,Mehmet Kahraman,6
AB,ab,Osmaniye,osmaniye,Osmaniye,1,Hüseyin Demir,4
AB,ab,Osmaniye,osmaniye,Osmaniye,2,Muhammed Orhan,4
AB,ab,Osmaniye,osmaniye,Osmaniye,3,Mazlum Cirasun,4
AB,ab,Osmaniye,osmaniye,Osmaniye,4,Muhammed İrci,4
AK Parti,akparti,Osmaniye,osmaniye,Osmaniye,1,Derya Yanık,4
AK Parti,akparti,Osmaniye,osmaniye,Osmaniye,2,Seydi Gülsoy,4
AK Parti,akparti,Osmaniye,osmaniye,Osmaniye,3,İlyas Yiğit,4
AK Parti,akparti,Osmaniye,osmaniye,Osmaniye,4,Mesut Tokur,4
Bağımsız,bagimsiz,Osmaniye,osmaniye,Osmaniye,1,Yunus Dindar,4
BBP,bbp,Osmaniye,osmaniye,Osmaniye,1,Yücel Abidinoğlu,4
BBP,bbp,Osmaniye,osmaniye,Osmaniye,2,Kürşat Nacar,4
BBP,bbp,Osmaniye,osmaniye,Osmaniye,3,Zeliha Özkale,4
BBP,bbp,Osmaniye,osmaniye,Osmaniye,4,Tülay Erkul,4
CHP,chp,Osmaniye,osmaniye,Osmaniye,1,Asu Kaya,4
CHP,chp,Osmaniye,osmaniye,Osmaniye,2,Ünal Köksal,4
CHP,chp,Osmaniye,osmaniye,Osmaniye,3,Mehmet Orhun Döğüşcü,4
CHP,chp,Osmaniye,osmaniye,Osmaniye,4,Rıza Tekerek,4
Genç Parti,gencparti,Osmaniye,osmaniye,Osmaniye,1,Tülay Doğan,4
Genç Parti,gencparti,Osmaniye,osmaniye,Osmaniye,2,Erdem Taştepe,4
Genç Parti,gencparti,Osmaniye,osmaniye,Osmaniye,3,Emine Arslan,4
Genç Parti,gencparti,Osmaniye,osmaniye,Osmaniye,4,Ziya Yakışır,4
HAK-PAR,hakpar,Osmaniye,osmaniye,Osmaniye,1,Nuriye Yüzer,4
HAK-PAR,hakpar,Osmaniye,osmaniye,Osmaniye,2,Nusret Özdemir,4
HAK-PAR,hakpar,Osmaniye,osmaniye,Osmaniye,3,Nihat Doğan,4
HAK-PAR,hakpar,Osmaniye,osmaniye,Osmaniye,4,Belgin Polat,4
HKP,hkp,Osmaniye,osmaniye,Osmaniye,1,Bülent Say,4
HKP,hkp,Osmaniye,osmaniye,Osmaniye,2,Gülay Çapar,4
HKP,hkp,Osmaniye,osmaniye,Osmaniye,3,Osman Küçükosmanoğlu,4
HKP,hkp,Osmaniye,osmaniye,Osmaniye,4,Ekrem Yıldız,4
İyi Parti,iyiparti,Osmaniye,osmaniye,Osmaniye,1,Elif Loğoğlu,4
İyi Parti,iyiparti,Osmaniye,osmaniye,Osmaniye,2,Mehmet Demir,4
İyi Parti,iyiparti,Osmaniye,osmaniye,Osmaniye,3,Adem Kıdık,4
İyi Parti,iyiparti,Osmaniye,osmaniye,Osmaniye,4,Fatih Kılıç,4
Memleket,memleket,Osmaniye,osmaniye,Osmaniye,1,Bekir Levent Ersoylu,4
Memleket,memleket,Osmaniye,osmaniye,Osmaniye,2,Melisa Evin,4
Memleket,memleket,Osmaniye,osmaniye,Osmaniye,3,Furkan İmadoğlu,4
Memleket,memleket,Osmaniye,osmaniye,Osmaniye,4,Ali Berat Erkargın,4
MHP,mhp,Osmaniye,osmaniye,Osmaniye,1,Devlet Bahçeli,4
MHP,mhp,Osmaniye,osmaniye,Osmaniye,2,Ruhi Ersoy,4
MHP,mhp,Osmaniye,osmaniye,Osmaniye,3,Hakan Hakkoymaz,4
MHP,mhp,Osmaniye,osmaniye,Osmaniye,4,Ali Fuat Kardaş,4
MİLLET,millet,Osmaniye,osmaniye,Osmaniye,1,Halil İbrahim Bozoğlan,4
MİLLET,millet,Osmaniye,osmaniye,Osmaniye,2,Aykut Besnek,4
MİLLET,millet,Osmaniye,osmaniye,Osmaniye,3,İbrahim Bayazıtoğlu,4
MİLLET,millet,Osmaniye,osmaniye,Osmaniye,4,Sıdıka Bozoğlan,4
Sol Parti,solparti,Osmaniye,osmaniye,Osmaniye,1,Ece Deniz Karabacak,4
Sol Parti,solparti,Osmaniye,osmaniye,Osmaniye,2,Fatih Aydınlı,4
Sol Parti,solparti,Osmaniye,osmaniye,Osmaniye,3,Baran Gül,4
Sol Parti,solparti,Osmaniye,osmaniye,Osmaniye,4,Oktay Tok,4
TİP,tip,Osmaniye,osmaniye,Osmaniye,1,Sabiha Gündüzalp,4
TİP,tip,Osmaniye,osmaniye,Osmaniye,2,Mustafa Düzenli,4
TİP,tip,Osmaniye,osmaniye,Osmaniye,3,Onur Tosunöz,4
TİP,tip,Osmaniye,osmaniye,Osmaniye,4,Burak Sarıbıyık,4
TKH,tkh,Osmaniye,osmaniye,Osmaniye,1,Hakan Kazan,4
TKH,tkh,Osmaniye,osmaniye,Osmaniye,2,Gamze Topanlık,4
TKH,tkh,Osmaniye,osmaniye,Osmaniye,3,Cengiz Oral,4
TKH,tkh,Osmaniye,osmaniye,Osmaniye,4,Feride Zahide Türkmen,4
TKP,tkp,Osmaniye,osmaniye,Osmaniye,1,Erhan Kurt,4
TKP,tkp,Osmaniye,osmaniye,Osmaniye,2,Murat Köken,4
TKP,tkp,Osmaniye,osmaniye,Osmaniye,3,Soner Çevikbaş,4
TKP,tkp,Osmaniye,osmaniye,Osmaniye,4,Ozan Sabuncu,4
Vatan,vatanpartisi,Osmaniye,osmaniye,Osmaniye,1,Ecdat Güvel,4
Vatan,vatanpartisi,Osmaniye,osmaniye,Osmaniye,2,Sadullah Mert,4
Vatan,vatanpartisi,Osmaniye,osmaniye,Osmaniye,3,Mehmet Nuri Börüban,4
Vatan,vatanpartisi,Osmaniye,osmaniye,Osmaniye,4,Bahadır Berkyez,4
Y.Refah,yenidenrefah,Osmaniye,osmaniye,Osmaniye,1,Mehmet Aydın,4
Y.Refah,yenidenrefah,Osmaniye,osmaniye,Osmaniye,2,Cengiz Erduran,4
Y.Refah,yenidenrefah,Osmaniye,osmaniye,Osmaniye,3,Mahmut Seven,4
Y.Refah,yenidenrefah,Osmaniye,osmaniye,Osmaniye,4,Ekrem Türkmen,4
Y.Sol Parti,yesilsolparti,Osmaniye,osmaniye,Osmaniye,1,Sevgül Aydin,4
Y.Sol Parti,yesilsolparti,Osmaniye,osmaniye,Osmaniye,2,Ziya Bayram,4
Y.Sol Parti,yesilsolparti,Osmaniye,osmaniye,Osmaniye,3,Seren Elataş,4
Y.Sol Parti,yesilsolparti,Osmaniye,osmaniye,Osmaniye,4,Sabahattin Okuducu,4
YP,yp,Osmaniye,osmaniye,Osmaniye,1,Cebrail Kahvecioğlu,4
YP,yp,Osmaniye,osmaniye,Osmaniye,2,Ramazan Yakut,4
YP,yp,Osmaniye,osmaniye,Osmaniye,3,Ahmet Malik Güvel,4
YP,yp,Osmaniye,osmaniye,Osmaniye,4,Abdullah Aşsız,4
Zafer,zaferpartisi,Osmaniye,osmaniye,Osmaniye,1,Oktay Aydoğdu,4
Zafer,zaferpartisi,Osmaniye,osmaniye,Osmaniye,2,Alperen Enes Binboğa,4
Zafer,zaferpartisi,Osmaniye,osmaniye,Osmaniye,3,Ayşe Çakar,4
Zafer,zaferpartisi,Osmaniye,osmaniye,Osmaniye,4,Fahrican Avcı,4
Adalet,ap,Rize,rize,Rize,1,Recep Köse,3
Adalet,ap,Rize,rize,Rize,2,Afgan Boncukçu,3
Adalet,ap,Rize,rize,Rize,3,Haydar Kandemir,3
AK Parti,akparti,Rize,rize,Rize,1,Muhammed Avcı,3
AK Parti,akparti,Rize,rize,Rize,2,Harun Mertoğlu,3
AK Parti,akparti,Rize,rize,Rize,3,Yılmaz Katmer,3
ANAP,anap,Rize,rize,Rize,1,Çilem Narlı,3
ANAP,anap,Rize,rize,Rize,2,Mikail Bayram,3
ANAP,anap,Rize,rize,Rize,3,Mehmet Kılıç,3
BBP,bbp,Rize,rize,Rize,1,Ensar Özçelik,3
BBP,bbp,Rize,rize,Rize,2,Nejla Kurtuluş,3
BBP,bbp,Rize,rize,Rize,3,Aydın Dereci,3
CHP,chp,Rize,rize,Rize,1,Tahsin Ocaklı,3
CHP,chp,Rize,rize,Rize,2,Köksal Toptan,3
CHP,chp,Rize,rize,Rize,3,Muhammet Yıldız,3
GBP,gbp,Rize,rize,Rize,1,Zehra Oğur,3
GBP,gbp,Rize,rize,Rize,2,Bayram Başkan,3
GBP,gbp,Rize,rize,Rize,3,Filiz Karaer,3
Genç Parti,gencparti,Rize,rize,Rize,1,Mehmet Akif Kaba,3
Genç Parti,gencparti,Rize,rize,Rize,2,Serkan Kaba,3
Genç Parti,gencparti,Rize,rize,Rize,3,Sermin Demirci,3
HAK-PAR,hakpar,Rize,rize,Rize,1,Azad Sağnıç,3
HAK-PAR,hakpar,Rize,rize,Rize,2,Murat Negiz,3
HAK-PAR,hakpar,Rize,rize,Rize,3,Salih Eryağal,3
HKP,hkp,Rize,rize,Rize,1,Yusuf Kaba,3
HKP,hkp,Rize,rize,Rize,2,Talat Ali Kündeş,3
HKP,hkp,Rize,rize,Rize,3,Gizem Karaca,3
Memleket,memleket,Rize,rize,Rize,1,Attila Kayhan,3
Memleket,memleket,Rize,rize,Rize,2,Nihal Demir,3
Memleket,memleket,Rize,rize,Rize,3,Furkan Kazmaz,3
MHP,mhp,Rize,rize,Rize,1,Recep Bakırcı,3
MHP,mhp,Rize,rize,Rize,2,Remzi Kutanoğlu,3
MHP,mhp,Rize,rize,Rize,3,Yunus Emre Öztürk,3
MİLLET,millet,Rize,rize,Rize,1,Ali Rıza Altınsoy,3
MİLLET,millet,Rize,rize,Rize,2,İbrahim Yalçınkaya,3
MİLLET,millet,Rize,rize,Rize,3,Kadir Ocak,3
Milli Yol,milliyol,Rize,rize,Rize,1,Serdar Balcı,3
Milli Yol,milliyol,Rize,rize,Rize,2,Abdul Kadir Karahan,3
Milli Yol,milliyol,Rize,rize,Rize,3,Tuncay Taylan,3
Sol Parti,solparti,Rize,rize,Rize,1,Yener Pirim,3
Sol Parti,solparti,Rize,rize,Rize,2,Emine Ertaş,3
Sol Parti,solparti,Rize,rize,Rize,3,Özlem Afacan,3
TİP,tip,Rize,rize,Rize,1,Bilsay Kanat,3
TİP,tip,Rize,rize,Rize,2,Metin Karadeniz,3
TİP,tip,Rize,rize,Rize,3,Aybüke Gezerel,3
TKH,tkh,Rize,rize,Rize,1,Ümran Karul,3
TKH,tkh,Rize,rize,Rize,2,Umutcan Karaman,3
TKH,tkh,Rize,rize,Rize,3,Nurgül Sarıkaya,3
TKP,tkp,Rize,rize,Rize,1,Emine Emin,3
TKP,tkp,Rize,rize,Rize,2,Sultan Vedat Başkan,3
TKP,tkp,Rize,rize,Rize,3,Arif Hikmet Basa,3
Vatan,vatanpartisi,Rize,rize,Rize,1,Salih Öksüz,3
Vatan,vatanpartisi,Rize,rize,Rize,2,Erdoğan Bakoğlu,3
Vatan,vatanpartisi,Rize,rize,Rize,3,Kasım Yücel Babuççuoğlu,3
Y.Refah,yenidenrefah,Rize,rize,Rize,1,Mehmet Akif Zerdeci,3
Y.Refah,yenidenrefah,Rize,rize,Rize,2,Samet Şişman,3
Y.Refah,yenidenrefah,Rize,rize,Rize,3,Mümin Bakırcı,3
Y.Sol Parti,yesilsolparti,Rize,rize,Rize,1,Ayşe Bekar,3
Y.Sol Parti,yesilsolparti,Rize,rize,Rize,2,Necmettin Durmuş,3
Y.Sol Parti,yesilsolparti,Rize,rize,Rize,3,Ali Hamdi Cuvelek,3
YP,yp,Rize,rize,Rize,1,Mustafa Uyğur,3
YP,yp,Rize,rize,Rize,2,Şaban Yıldız,3
YP,yp,Rize,rize,Rize,3,Rıdvan Yıldız,3
Zafer,zaferpartisi,Rize,rize,Rize,1,Gökhan Akyıldız,3
Zafer,zaferpartisi,Rize,rize,Rize,2,Davut Yazıcı,3
Zafer,zaferpartisi,Rize,rize,Rize,3,Yusuf Sarı,3
AB,ab,Sakarya,sakarya,Sakarya,1,Beytullah Çetin,8
AB,ab,Sakarya,sakarya,Sakarya,2,Mevlüt Çetin,8
AB,ab,Sakarya,sakarya,Sakarya,3,Baran İpek,8
AB,ab,Sakarya,sakarya,Sakarya,4,Mert Bozkurt,8
AB,ab,Sakarya,sakarya,Sakarya,5,Serhat Türk,8
AB,ab,Sakarya,sakarya,Sakarya,6,Ulaş Erol,8
AB,ab,Sakarya,sakarya,Sakarya,7,Faruk Erkuş,8
AB,ab,Sakarya,sakarya,Sakarya,8,Mehmet Harun İmok,8
Adalet,ap,Sakarya,sakarya,Sakarya,1,Ahmet Çevik,8
Adalet,ap,Sakarya,sakarya,Sakarya,2,Kübra Güçlü,8
Adalet,ap,Sakarya,sakarya,Sakarya,3,Hülya Keser,8
Adalet,ap,Sakarya,sakarya,Sakarya,4,Oğul Can Avcı,8
Adalet,ap,Sakarya,sakarya,Sakarya,5,Gökalp Avcı,8
Adalet,ap,Sakarya,sakarya,Sakarya,6,Kenan Şakar,8
Adalet,ap,Sakarya,sakarya,Sakarya,7,Emin Atik,8
Adalet,ap,Sakarya,sakarya,Sakarya,8,Sercan Sancaklı,8
AK Parti,akparti,Sakarya,sakarya,Sakarya,1,Lütfi Bayraktar,8
AK Parti,akparti,Sakarya,sakarya,Sakarya,2,Çiğdem Erdoğan Atabek,8
AK Parti,akparti,Sakarya,sakarya,Sakarya,3,Ali İnci,8
AK Parti,akparti,Sakarya,sakarya,Sakarya,4,Ertuğrul Kocacık,8
AK Parti,akparti,Sakarya,sakarya,Sakarya,5,Murat Kaya,8
AK Parti,akparti,Sakarya,sakarya,Sakarya,6,Akif Adnan Dizer,8
AK Parti,akparti,Sakarya,sakarya,Sakarya,7,Kürşat Kılıç,8
AK Parti,akparti,Sakarya,sakarya,Sakarya,8,Rahmi Can Şeşen,8
BBP,bbp,Sakarya,sakarya,Sakarya,1,Cengiz Bayar,8
BBP,bbp,Sakarya,sakarya,Sakarya,2,Adnan Yılmaz,8
BBP,bbp,Sakarya,sakarya,Sakarya,3,Ayşe Gülgül,8
BBP,bbp,Sakarya,sakarya,Sakarya,4,Nayim Yolçu,8
BBP,bbp,Sakarya,sakarya,Sakarya,5,Yalçın Yaşar,8
BBP,bbp,Sakarya,sakarya,Sakarya,6,Ömer Karayel,8
BBP,bbp,Sakarya,sakarya,Sakarya,7,Senanur Yaşar,8
BBP,bbp,Sakarya,sakarya,Sakarya,8,Gökhan Demiroğlu,8
CHP,chp,Sakarya,sakarya,Sakarya,1,Ayça Taşkent,8
CHP,chp,Sakarya,sakarya,Sakarya,2,Ecevit Keleş,8
CHP,chp,Sakarya,sakarya,Sakarya,3,Kamil Özkan,8
CHP,chp,Sakarya,sakarya,Sakarya,4,Azize Çeroğlu,8
CHP,chp,Sakarya,sakarya,Sakarya,5,Emel Akçil,8
CHP,chp,Sakarya,sakarya,Sakarya,6,Gündüz Kadir Gençcan,8
CHP,chp,Sakarya,sakarya,Sakarya,7,Ali Fethi Gürler,8
CHP,chp,Sakarya,sakarya,Sakarya,8,Özer Özçınar,8
Genç Parti,gencparti,Sakarya,sakarya,Sakarya,1,Burçin Şahindur,8
Genç Parti,gencparti,Sakarya,sakarya,Sakarya,2,Suat Doğan,8
Genç Parti,gencparti,Sakarya,sakarya,Sakarya,3,Ali Kösele,8
Genç Parti,gencparti,Sakarya,sakarya,Sakarya,4,Muhammet Karaoğlu,8
Genç Parti,gencparti,Sakarya,sakarya,Sakarya,5,Murat Aktürk,8
Genç Parti,gencparti,Sakarya,sakarya,Sakarya,6,Özgür Eker,8
Genç Parti,gencparti,Sakarya,sakarya,Sakarya,7,Nüsret Ocakçı,8
Genç Parti,gencparti,Sakarya,sakarya,Sakarya,8,Kerim Yapıcı,8
HAK-PAR,hakpar,Sakarya,sakarya,Sakarya,1,Bilgen Aydın,8
HAK-PAR,hakpar,Sakarya,sakarya,Sakarya,2,Serhat Engin,8
HAK-PAR,hakpar,Sakarya,sakarya,Sakarya,3,Aygül Doğan,8
HAK-PAR,hakpar,Sakarya,sakarya,Sakarya,4,Emine Yeşim Kart,8
HAK-PAR,hakpar,Sakarya,sakarya,Sakarya,5,Ali Çığ,8
HAK-PAR,hakpar,Sakarya,sakarya,Sakarya,6,Nevzat Eren,8
HAK-PAR,hakpar,Sakarya,sakarya,Sakarya,7,Nazım Arınlık,8
HAK-PAR,hakpar,Sakarya,sakarya,Sakarya,8,Murat Kırak,8
HKP,hkp,Sakarya,sakarya,Sakarya,1,Nevin Şarkaya,8
HKP,hkp,Sakarya,sakarya,Sakarya,2,Rıdvan Özel,8
HKP,hkp,Sakarya,sakarya,Sakarya,3,İhsan Bozgun,8
HKP,hkp,Sakarya,sakarya,Sakarya,4,Çiğdem Kündeş,8
HKP,hkp,Sakarya,sakarya,Sakarya,5,Bülent Göksal,8
HKP,hkp,Sakarya,sakarya,Sakarya,6,Tuba Kaya,8
HKP,hkp,Sakarya,sakarya,Sakarya,7,Süleyman Sergen Genç,8
HKP,hkp,Sakarya,sakarya,Sakarya,8,Mehmet Kaplan,8
İyi Parti,iyiparti,Sakarya,sakarya,Sakarya,1,Ümit Dikbayır,8
İyi Parti,iyiparti,Sakarya,sakarya,Sakarya,2,Selçuk Kılıçaslan,8
İyi Parti,iyiparti,Sakarya,sakarya,Sakarya,3,Arzu Akçalışkan,8
İyi Parti,iyiparti,Sakarya,sakarya,Sakarya,4,Ediz Serdip Dokumacı,8
İyi Parti,iyiparti,Sakarya,sakarya,Sakarya,5,Duygu Çetinkaya Acar,8
İyi Parti,iyiparti,Sakarya,sakarya,Sakarya,6,Yunus Aydemir,8
İyi Parti,iyiparti,Sakarya,sakarya,Sakarya,7,Alper Alpay,8
İyi Parti,iyiparti,Sakarya,sakarya,Sakarya,8,Hakan Baykal,8
Memleket,memleket,Sakarya,sakarya,Sakarya,1,Fatma Kurtuluş,8
Memleket,memleket,Sakarya,sakarya,Sakarya,2,Yasin Gönül,8
Memleket,memleket,Sakarya,sakarya,Sakarya,3,Saffet Kılıçarslan,8
Memleket,memleket,Sakarya,sakarya,Sakarya,4,Onur Mehmet Akın,8
Memleket,memleket,Sakarya,sakarya,Sakarya,5,Çağdaş Öz,8
Memleket,memleket,Sakarya,sakarya,Sakarya,6,Emre Key,8
Memleket,memleket,Sakarya,sakarya,Sakarya,7,Fatih Yüşa Ünlü,8
Memleket,memleket,Sakarya,sakarya,Sakarya,8,Ümit Ercan Karapekmez,8
MHP,mhp,Sakarya,sakarya,Sakarya,1,Muhammed Levent Bülbül,8
MHP,mhp,Sakarya,sakarya,Sakarya,2,Ahmet Ziya Akar,8
MHP,mhp,Sakarya,sakarya,Sakarya,3,Hüseyin Ekşi,8
MHP,mhp,Sakarya,sakarya,Sakarya,4,Sezer Şengöz,8
MHP,mhp,Sakarya,sakarya,Sakarya,5,Yaşar Aygüneş,8
MHP,mhp,Sakarya,sakarya,Sakarya,6,Şükür Salih,8
MHP,mhp,Sakarya,sakarya,Sakarya,7,Nesrin Burnazoğlu,8
MHP,mhp,Sakarya,sakarya,Sakarya,8,Ali Halil,8
MİLLET,millet,Sakarya,sakarya,Sakarya,1,Muhammet Emre Koçoğlu,8
MİLLET,millet,Sakarya,sakarya,Sakarya,2,Bülent Çağlar,8
MİLLET,millet,Sakarya,sakarya,Sakarya,3,Nurcan Yıldırım,8
MİLLET,millet,Sakarya,sakarya,Sakarya,4,Haluk Bilgin,8
MİLLET,millet,Sakarya,sakarya,Sakarya,5,Hasan Alçelik,8
MİLLET,millet,Sakarya,sakarya,Sakarya,6,Seyit Ali Akdeniz,8
MİLLET,millet,Sakarya,sakarya,Sakarya,7,Eyüp Baş,8
MİLLET,millet,Sakarya,sakarya,Sakarya,8,İbrahim Işık,8
Milli Yol,milliyol,Sakarya,sakarya,Sakarya,1,Hüdaverdi Kervankıran,8
Milli Yol,milliyol,Sakarya,sakarya,Sakarya,2,Latif Yalçın,8
Milli Yol,milliyol,Sakarya,sakarya,Sakarya,3,Melahat Üzgün,8
Milli Yol,milliyol,Sakarya,sakarya,Sakarya,4,Mustafa Murat Karahan,8
Milli Yol,milliyol,Sakarya,sakarya,Sakarya,5,Fatih Yılmazer,8
Milli Yol,milliyol,Sakarya,sakarya,Sakarya,6,Deniz Aktay,8
Milli Yol,milliyol,Sakarya,sakarya,Sakarya,7,Belgin Arısoy,8
Milli Yol,milliyol,Sakarya,sakarya,Sakarya,8,Özcan Efe,8
Sol Parti,solparti,Sakarya,sakarya,Sakarya,1,Alimerdan Çelik,8
Sol Parti,solparti,Sakarya,sakarya,Sakarya,2,Hüseyin Genç,8
Sol Parti,solparti,Sakarya,sakarya,Sakarya,3,Mehmet Yıldırım,8
Sol Parti,solparti,Sakarya,sakarya,Sakarya,4,Miyase Çelik,8
Sol Parti,solparti,Sakarya,sakarya,Sakarya,5,Özgür Ergün,8
Sol Parti,solparti,Sakarya,sakarya,Sakarya,6,Selamettin Pulat,8
Sol Parti,solparti,Sakarya,sakarya,Sakarya,7,Sevgi Demir,8
Sol Parti,solparti,Sakarya,sakarya,Sakarya,8,Şeyma Dede,8
TİP,tip,Sakarya,sakarya,Sakarya,1,Saadet Diriarın,8
TİP,tip,Sakarya,sakarya,Sakarya,2,Pelin Sönmez,8
TİP,tip,Sakarya,sakarya,Sakarya,3,Uğur Alet,8
TİP,tip,Sakarya,sakarya,Sakarya,4,İncinur Ala,8
TİP,tip,Sakarya,sakarya,Sakarya,5,Pelin Kısa,8
TİP,tip,Sakarya,sakarya,Sakarya,6,Şevval Leyla Kocaman,8
TİP,tip,Sakarya,sakarya,Sakarya,7,Yunus Emre Göçenoğlu,8
TİP,tip,Sakarya,sakarya,Sakarya,8,Onur Yanar,8
TKH,tkh,Sakarya,sakarya,Sakarya,1,Ali Akgül,8
TKH,tkh,Sakarya,sakarya,Sakarya,2,Berjin Alp,8
TKH,tkh,Sakarya,sakarya,Sakarya,3,Halil Erel,8
TKH,tkh,Sakarya,sakarya,Sakarya,4,Abdurrahman İlhan,8
TKH,tkh,Sakarya,sakarya,Sakarya,5,Volkan Arslan,8
TKH,tkh,Sakarya,sakarya,Sakarya,6,Dilek Günsel Doğan,8
TKH,tkh,Sakarya,sakarya,Sakarya,7,Ercan Ötünç,8
TKH,tkh,Sakarya,sakarya,Sakarya,8,Emre Can,8
TKP,tkp,Sakarya,sakarya,Sakarya,1,Güven Altun,8
TKP,tkp,Sakarya,sakarya,Sakarya,2,Ecrin Köklü,8
TKP,tkp,Sakarya,sakarya,Sakarya,3,Volkan Dağlı,8
TKP,tkp,Sakarya,sakarya,Sakarya,4,Derya Ünlü,8
TKP,tkp,Sakarya,sakarya,Sakarya,5,Naciye Göksun Özhan,8
TKP,tkp,Sakarya,sakarya,Sakarya,6,Nale Eylik,8
TKP,tkp,Sakarya,sakarya,Sakarya,7,Eren Değirmenci,8
TKP,tkp,Sakarya,sakarya,Sakarya,8,Gökhan Dinç,8
Vatan,vatanpartisi,Sakarya,sakarya,Sakarya,1,Bahtiyar Bodur,8
Vatan,vatanpartisi,Sakarya,sakarya,Sakarya,2,Melike Toy,8
Vatan,vatanpartisi,Sakarya,sakarya,Sakarya,3,Aylin Kum,8
Vatan,vatanpartisi,Sakarya,sakarya,Sakarya,4,Melih Ersükmen,8
Vatan,vatanpartisi,Sakarya,sakarya,Sakarya,5,Mehmet Div,8
Vatan,vatanpartisi,Sakarya,sakarya,Sakarya,6,Erdi Turan,8
Vatan,vatanpartisi,Sakarya,sakarya,Sakarya,7,Şenol Korkmaz,8
Vatan,vatanpartisi,Sakarya,sakarya,Sakarya,8,Esra Köse,8
Y.Refah,yenidenrefah,Sakarya,sakarya,Sakarya,1,Hasan Çınar,8
Y.Refah,yenidenrefah,Sakarya,sakarya,Sakarya,2,Nurullah Altıntaş,8
Y.Refah,yenidenrefah,Sakarya,sakarya,Sakarya,3,Biran Yasa,8
Y.Refah,yenidenrefah,Sakarya,sakarya,Sakarya,4,Beyza Çömlekçioğlu,8
Y.Refah,yenidenrefah,Sakarya,sakarya,Sakarya,5,Samet Bingal,8
Y.Refah,yenidenrefah,Sakarya,sakarya,Sakarya,6,Oktay Aygın,8
Y.Refah,yenidenrefah,Sakarya,sakarya,Sakarya,7,Cihan Başer,8
Y.Refah,yenidenrefah,Sakarya,sakarya,Sakarya,8,Murat Karakoç,8
Y.Sol Parti,yesilsolparti,Sakarya,sakarya,Sakarya,1,Selahattin Yılmaz,8
Y.Sol Parti,yesilsolparti,Sakarya,sakarya,Sakarya,2,Nahide Doğan,8
Y.Sol Parti,yesilsolparti,Sakarya,sakarya,Sakarya,3,İbrahim Çelik,8
Y.Sol Parti,yesilsolparti,Sakarya,sakarya,Sakarya,4,Filiz Turak,8
Y.Sol Parti,yesilsolparti,Sakarya,sakarya,Sakarya,5,Fethi Buluş,8
Y.Sol Parti,yesilsolparti,Sakarya,sakarya,Sakarya,6,Hüseyin Atılgan,8
Y.Sol Parti,yesilsolparti,Sakarya,sakarya,Sakarya,7,Meral Atman,8
Y.Sol Parti,yesilsolparti,Sakarya,sakarya,Sakarya,8,Hüseyin Kaya,8
YP,yp,Sakarya,sakarya,Sakarya,1,Cihan Caf,8
YP,yp,Sakarya,sakarya,Sakarya,2,Fatma Arıtürk,8
YP,yp,Sakarya,sakarya,Sakarya,3,Şah Hüseyin Ural,8
YP,yp,Sakarya,sakarya,Sakarya,4,Ferit Arıtürk,8
YP,yp,Sakarya,sakarya,Sakarya,5,Serkan Önal,8
YP,yp,Sakarya,sakarya,Sakarya,6,Emrah Yeltekin,8
YP,yp,Sakarya,sakarya,Sakarya,7,Şentürk İrğa,8
YP,yp,Sakarya,sakarya,Sakarya,8,Elmas Çakır,8
Zafer,zaferpartisi,Sakarya,sakarya,Sakarya,1,Cihan Kolip,8
Zafer,zaferpartisi,Sakarya,sakarya,Sakarya,2,Salih Suphi Güney,8
Zafer,zaferpartisi,Sakarya,sakarya,Sakarya,3,Muhammet Cüneyt Sarımert,8
Zafer,zaferpartisi,Sakarya,sakarya,Sakarya,4,Serap Akar,8
Zafer,zaferpartisi,Sakarya,sakarya,Sakarya,5,Emel Atış,8
Zafer,zaferpartisi,Sakarya,sakarya,Sakarya,6,Aykut Akman,8
Zafer,zaferpartisi,Sakarya,sakarya,Sakarya,7,Ömer Yılmaz,8
Zafer,zaferpartisi,Sakarya,sakarya,Sakarya,8,Kerem Çiftçi,8
AB,ab,Samsun,samsun,Samsun,1,Fatih Tatar,9
AB,ab,Samsun,samsun,Samsun,2,Osman Taner Tokmak,9
AB,ab,Samsun,samsun,Samsun,3,Hatice Aksoy,9
AB,ab,Samsun,samsun,Samsun,4,Selin Karakum,9
AB,ab,Samsun,samsun,Samsun,5,Murat Altunay,9
AB,ab,Samsun,samsun,Samsun,6,Hasan Akgül,9
AB,ab,Samsun,samsun,Samsun,7,Oktay Tercan,9
AB,ab,Samsun,samsun,Samsun,8,Ömer Gün,9
AB,ab,Samsun,samsun,Samsun,9,Emine Köksal,9
AK Parti,akparti,Samsun,samsun,Samsun,1,Mehmet Muş,9
AK Parti,akparti,Samsun,samsun,Samsun,2,Çiğdem Karaaslan,9
AK Parti,akparti,Samsun,samsun,Samsun,3,Yusuf Ziya Yılmaz,9
AK Parti,akparti,Samsun,samsun,Samsun,4,Orhan Kırcalı,9
AK Parti,akparti,Samsun,samsun,Samsun,5,Ersan Aksu,9
AK Parti,akparti,Samsun,samsun,Samsun,6,Mücahit Yılmaz,9
AK Parti,akparti,Samsun,samsun,Samsun,7,Havva Şen Saygın,9
AK Parti,akparti,Samsun,samsun,Samsun,8,Uğur Etli,9
AK Parti,akparti,Samsun,samsun,Samsun,9,İrfan Şenocak,9
ANAP,anap,Samsun,samsun,Samsun,1,Yasin Çam,9
ANAP,anap,Samsun,samsun,Samsun,2,İbrahim Günal,9
ANAP,anap,Samsun,samsun,Samsun,3,Soner Bakır,9
ANAP,anap,Samsun,samsun,Samsun,4,Süleyman Kaya,9
ANAP,anap,Samsun,samsun,Samsun,5,Caner Kilim,9
ANAP,anap,Samsun,samsun,Samsun,6,Caner Tekinaslan,9
ANAP,anap,Samsun,samsun,Samsun,7,Mehmet Kıran,9
ANAP,anap,Samsun,samsun,Samsun,8,Azmi Boyar,9
ANAP,anap,Samsun,samsun,Samsun,9,Merve Çam,9
Bağımsız,bagimsiz,Samsun,samsun,Samsun,1,Serhat Köroğlu,9
Bağımsız,bagimsiz,Samsun,samsun,Samsun,2,Gökhan Cıgalı,9
Bağımsız,bagimsiz,Samsun,samsun,Samsun,3,Mustafa Çoban,9
Bağımsız,bagimsiz,Samsun,samsun,Samsun,4,Murat Emir,9
Bağımsız,bagimsiz,Samsun,samsun,Samsun,5,Ahmet Uzun,9
BBP,bbp,Samsun,samsun,Samsun,1,Bahadır Şahin,9
BBP,bbp,Samsun,samsun,Samsun,2,Erdal Avcı,9
BBP,bbp,Samsun,samsun,Samsun,3,Yılmaz Akkuş,9
BBP,bbp,Samsun,samsun,Samsun,4,Aysel Kesim,9
BBP,bbp,Samsun,samsun,Samsun,5,Resul Saraçoğlu,9
BBP,bbp,Samsun,samsun,Samsun,6,Yavuz Yeter,9
BBP,bbp,Samsun,samsun,Samsun,7,Sadettin Sönmez,9
BBP,bbp,Samsun,samsun,Samsun,8,Ramazan Örsel,9
BBP,bbp,Samsun,samsun,Samsun,9,Yakup Selvi,9
CHP,chp,Samsun,samsun,Samsun,1,Murat Çan,9
CHP,chp,Samsun,samsun,Samsun,2,Mehmet Karaman,9
CHP,chp,Samsun,samsun,Samsun,3,Mustafa Yeşilyurt,9
CHP,chp,Samsun,samsun,Samsun,4,Nazan Güneysu,9
CHP,chp,Samsun,samsun,Samsun,5,Mehmet Özdağ,9
CHP,chp,Samsun,samsun,Samsun,6,Suat Yıldız,9
CHP,chp,Samsun,samsun,Samsun,7,Neşe Kangüleç,9
CHP,chp,Samsun,samsun,Samsun,8,Nilsu İrem Koçyiğit Bahadır,9
CHP,chp,Samsun,samsun,Samsun,9,Özler Yılmaz,9
GBP,gbp,Samsun,samsun,Samsun,1,Abdullah Erdoğan,9
GBP,gbp,Samsun,samsun,Samsun,2,Funda Doğan Helvacı,9
GBP,gbp,Samsun,samsun,Samsun,3,Murat Akasya,9
GBP,gbp,Samsun,samsun,Samsun,4,Aleyna Zeynep Fidan,9
GBP,gbp,Samsun,samsun,Samsun,5,Doğukan Erdinç,9
GBP,gbp,Samsun,samsun,Samsun,6,Fatma Güzel Kurnaz,9
GBP,gbp,Samsun,samsun,Samsun,7,Ümit Özkan,9
GBP,gbp,Samsun,samsun,Samsun,8,Abdullah Aydın,9
GBP,gbp,Samsun,samsun,Samsun,9,Yasemin Güney,9
Genç Parti,gencparti,Samsun,samsun,Samsun,1,Funda Şen,9
Genç Parti,gencparti,Samsun,samsun,Samsun,2,Kadem Öztürk,9
Genç Parti,gencparti,Samsun,samsun,Samsun,3,Erol Ayakta,9
Genç Parti,gencparti,Samsun,samsun,Samsun,4,Zafer Göğne,9
Genç Parti,gencparti,Samsun,samsun,Samsun,5,Sait Sinan Varlı,9
Genç Parti,gencparti,Samsun,samsun,Samsun,6,Hasret Doymaz,9
Genç Parti,gencparti,Samsun,samsun,Samsun,7,Murat Özdemir,9
Genç Parti,gencparti,Samsun,samsun,Samsun,8,Fatih Muhammet Akekin,9
Genç Parti,gencparti,Samsun,samsun,Samsun,9,Recai Koca,9
HAK-PAR,hakpar,Samsun,samsun,Samsun,1,Mehmetşah Eren,9
HAK-PAR,hakpar,Samsun,samsun,Samsun,2,Sacide Rümeysa Teğin,9
HAK-PAR,hakpar,Samsun,samsun,Samsun,3,Erdal Dağıdır,9
HAK-PAR,hakpar,Samsun,samsun,Samsun,4,İbrahim Dursun,9
HAK-PAR,hakpar,Samsun,samsun,Samsun,5,Azad Eren,9
HAK-PAR,hakpar,Samsun,samsun,Samsun,6,Deniz Kahraman,9
HAK-PAR,hakpar,Samsun,samsun,Samsun,7,İbrahim Arslan,9
HAK-PAR,hakpar,Samsun,samsun,Samsun,8,Mehmet Emin Atik,9
HAK-PAR,hakpar,Samsun,samsun,Samsun,9,Mehmet Karaca,9
HKP,hkp,Samsun,samsun,Samsun,1,İlknur Adeka,9
HKP,hkp,Samsun,samsun,Samsun,2,Derviş Ali Ağaçlı,9
HKP,hkp,Samsun,samsun,Samsun,3,İbrahim Hakkı Çatlı,9
HKP,hkp,Samsun,samsun,Samsun,4,Bülent Korkmaz,9
HKP,hkp,Samsun,samsun,Samsun,5,Ender Gürtan,9
HKP,hkp,Samsun,samsun,Samsun,6,Murat Köse,9
HKP,hkp,Samsun,samsun,Samsun,7,Ecem Kıvılcım Korkmaz,9
HKP,hkp,Samsun,samsun,Samsun,8,Mitat Pektopal,9
HKP,hkp,Samsun,samsun,Samsun,9,Ulaş Yıldız,9
İyi Parti,iyiparti,Samsun,samsun,Samsun,1,Erhan Usta,9
İyi Parti,iyiparti,Samsun,samsun,Samsun,2,İmren Nilay Tüfekci,9
İyi Parti,iyiparti,Samsun,samsun,Samsun,3,Ahmet Karkucak,9
İyi Parti,iyiparti,Samsun,samsun,Samsun,4,Yunus Gün,9
İyi Parti,iyiparti,Samsun,samsun,Samsun,5,Birsen Öztürk,9
İyi Parti,iyiparti,Samsun,samsun,Samsun,6,Halil İbrahim Yalgın,9
İyi Parti,iyiparti,Samsun,samsun,Samsun,7,Efe Aydın,9
İyi Parti,iyiparti,Samsun,samsun,Samsun,8,Ufuk Gülşen,9
İyi Parti,iyiparti,Samsun,samsun,Samsun,9,Kazım Can Şen,9
Memleket,memleket,Samsun,samsun,Samsun,1,Recep Kılıç,9
Memleket,memleket,Samsun,samsun,Samsun,2,Mualla Gülşah Bölükbaş,9
Memleket,memleket,Samsun,samsun,Samsun,3,Rüstem Kara,9
Memleket,memleket,Samsun,samsun,Samsun,4,Seyit Ahmet Koçak,9
Memleket,memleket,Samsun,samsun,Samsun,5,Ali Yılmaz,9
Memleket,memleket,Samsun,samsun,Samsun,6,Savaş Yalçın,9
Memleket,memleket,Samsun,samsun,Samsun,7,Doğukan Ekiz,9
Memleket,memleket,Samsun,samsun,Samsun,8,Alptekin Özçelik,9
Memleket,memleket,Samsun,samsun,Samsun,9,Mehmet Mert Coşar,9
MHP,mhp,Samsun,samsun,Samsun,1,İlyas Topsakal,9
MHP,mhp,Samsun,samsun,Samsun,2,Abdullah Karapıçak,9
MHP,mhp,Samsun,samsun,Samsun,3,Hüseyin Demir,9
MHP,mhp,Samsun,samsun,Samsun,4,Berfin Kara,9
MHP,mhp,Samsun,samsun,Samsun,5,Yunis Aksu,9
MHP,mhp,Samsun,samsun,Samsun,6,Yaşar Dursun,9
MHP,mhp,Samsun,samsun,Samsun,7,İbrahim Yüksel,9
MHP,mhp,Samsun,samsun,Samsun,8,Hami Korkmazlı,9
MHP,mhp,Samsun,samsun,Samsun,9,Abdülvahit Vardar,9
MİLLET,millet,Samsun,samsun,Samsun,1,Mehmet Erol,9
MİLLET,millet,Samsun,samsun,Samsun,2,Şahin Çetin,9
MİLLET,millet,Samsun,samsun,Samsun,3,Gürkan Daştan,9
MİLLET,millet,Samsun,samsun,Samsun,4,Atanur Çelik,9
MİLLET,millet,Samsun,samsun,Samsun,5,Yakup Saygıcı,9
MİLLET,millet,Samsun,samsun,Samsun,6,Serdar Baykuş,9
MİLLET,millet,Samsun,samsun,Samsun,7,Mustafa Faruk Çınar,9
MİLLET,millet,Samsun,samsun,Samsun,8,Neziha Karcı,9
MİLLET,millet,Samsun,samsun,Samsun,9,İbrahim Topaloğlu,9
Sol Parti,solparti,Samsun,samsun,Samsun,1,Sıla Yeşiltepe,9
Sol Parti,solparti,Samsun,samsun,Samsun,2,Ahmet Özçelik,9
Sol Parti,solparti,Samsun,samsun,Samsun,3,Emel Deniz Sayman,9
Sol Parti,solparti,Samsun,samsun,Samsun,4,Ezgi Kale,9
Sol Parti,solparti,Samsun,samsun,Samsun,5,Kardelen Akın,9
Sol Parti,solparti,Samsun,samsun,Samsun,6,Ayşegül Tekkeli,9
Sol Parti,solparti,Samsun,samsun,Samsun,7,Recep Büyük,9
Sol Parti,solparti,Samsun,samsun,Samsun,8,İsmet Gündüz,9
Sol Parti,solparti,Samsun,samsun,Samsun,9,Ömer Avcı,9
TİP,tip,Samsun,samsun,Samsun,1,Arslan Bolat,9
TİP,tip,Samsun,samsun,Samsun,2,Özge Göksu,9
TİP,tip,Samsun,samsun,Samsun,3,Tunahan Gök,9
TİP,tip,Samsun,samsun,Samsun,4,Onur Çelik,9
TİP,tip,Samsun,samsun,Samsun,5,Gülcay Kaya,9
TİP,tip,Samsun,samsun,Samsun,6,Hilmi Özdemir,9
TİP,tip,Samsun,samsun,Samsun,7,Aral Demircan,9
TİP,tip,Samsun,samsun,Samsun,8,Kemal Serdar Elbir,9
TİP,tip,Samsun,samsun,Samsun,9,Buse Bade İskent,9
TKH,tkh,Samsun,samsun,Samsun,1,Alperen Kandemir,9
TKH,tkh,Samsun,samsun,Samsun,2,Zeynep Karayel,9
TKH,tkh,Samsun,samsun,Samsun,3,Serpil Göçemen,9
TKH,tkh,Samsun,samsun,Samsun,4,Tayfun Dağlı,9
TKH,tkh,Samsun,samsun,Samsun,5,Dilan Karatay,9
TKH,tkh,Samsun,samsun,Samsun,6,Sinan Deniz Orhan,9
TKH,tkh,Samsun,samsun,Samsun,7,Kadir Küçükaltun,9
TKH,tkh,Samsun,samsun,Samsun,8,Ecem Gülen Çalışkan,9
TKH,tkh,Samsun,samsun,Samsun,9,Nilay Dalyan,9
TKP,tkp,Samsun,samsun,Samsun,1,Tamer Yiğit,9
TKP,tkp,Samsun,samsun,Samsun,2,Adem Aykan,9
TKP,tkp,Samsun,samsun,Samsun,3,Gülser Aksoy,9
TKP,tkp,Samsun,samsun,Samsun,4,Kemal Murat Kırçalı,9
TKP,tkp,Samsun,samsun,Samsun,5,Ferdi Ak,9
TKP,tkp,Samsun,samsun,Samsun,6,Sedat Kasımoğlu,9
TKP,tkp,Samsun,samsun,Samsun,7,Ramazan İnan,9
TKP,tkp,Samsun,samsun,Samsun,8,Necdet Bulut,9
TKP,tkp,Samsun,samsun,Samsun,9,Tolga Kaan Ateşli,9
Vatan,vatanpartisi,Samsun,samsun,Samsun,1,Haydar Çolak,9
Vatan,vatanpartisi,Samsun,samsun,Samsun,2,Lütfi Kara,9
Vatan,vatanpartisi,Samsun,samsun,Samsun,3,Ayhan Çolak,9
Vatan,vatanpartisi,Samsun,samsun,Samsun,4,Ali Murat Engin,9
Vatan,vatanpartisi,Samsun,samsun,Samsun,5,Mustafa Kılıç,9
Vatan,vatanpartisi,Samsun,samsun,Samsun,6,Emek Kaynak,9
Vatan,vatanpartisi,Samsun,samsun,Samsun,7,Aslı Sezen Sezgin,9
Vatan,vatanpartisi,Samsun,samsun,Samsun,8,İrfan Yiğit Şimdi,9
Vatan,vatanpartisi,Samsun,samsun,Samsun,9,Eylül Yıldırım,9
Y.Refah,yenidenrefah,Samsun,samsun,Samsun,1,Yaşar Yazıcı,9
Y.Refah,yenidenrefah,Samsun,samsun,Samsun,2,Caner Bilgin,9
Y.Refah,yenidenrefah,Samsun,samsun,Samsun,3,Halil İbrahim Demirelli,9
Y.Refah,yenidenrefah,Samsun,samsun,Samsun,4,Mustafa Barutcu,9
Y.Refah,yenidenrefah,Samsun,samsun,Samsun,5,Muhammed İsa Öztürk,9
Y.Refah,yenidenrefah,Samsun,samsun,Samsun,6,Özcan Güleçin,9
Y.Refah,yenidenrefah,Samsun,samsun,Samsun,7,Murat Arslan,9
Y.Refah,yenidenrefah,Samsun,samsun,Samsun,8,Recep Sezen,9
Y.Refah,yenidenrefah,Samsun,samsun,Samsun,9,Hüsamettin Demir,9
Y.Sol Parti,yesilsolparti,Samsun,samsun,Samsun,1,Emel Zengin Çakır,9
Y.Sol Parti,yesilsolparti,Samsun,samsun,Samsun,2,Savaş Karaduman,9
Y.Sol Parti,yesilsolparti,Samsun,samsun,Samsun,3,Menekşe Turen,9
Y.Sol Parti,yesilsolparti,Samsun,samsun,Samsun,4,Mahmut Sürmeli,9
Y.Sol Parti,yesilsolparti,Samsun,samsun,Samsun,5,Güner Karaduman,9
Y.Sol Parti,yesilsolparti,Samsun,samsun,Samsun,6,Vedat Ünal,9
Y.Sol Parti,yesilsolparti,Samsun,samsun,Samsun,7,Ahmet Yalçın,9
Y.Sol Parti,yesilsolparti,Samsun,samsun,Samsun,8,Osman Bayrak,9
Y.Sol Parti,yesilsolparti,Samsun,samsun,Samsun,9,Orhan Gazi Kofoğlu,9
Zafer,zaferpartisi,Samsun,samsun,Samsun,1,Yaşar Karahan,9
Zafer,zaferpartisi,Samsun,samsun,Samsun,2,Hakan Keser,9
Zafer,zaferpartisi,Samsun,samsun,Samsun,3,Ödül Sanaroğlu Buyruk,9
Zafer,zaferpartisi,Samsun,samsun,Samsun,4,Bozkurt Oğuz Sınar,9
Zafer,zaferpartisi,Samsun,samsun,Samsun,5,Burak Yazıcı,9
Zafer,zaferpartisi,Samsun,samsun,Samsun,6,Firdevs Emine Çakır,9
Zafer,zaferpartisi,Samsun,samsun,Samsun,7,Haydar Aksu,9
Zafer,zaferpartisi,Samsun,samsun,Samsun,8,Durmuş Fevzi Aksu,9
Zafer,zaferpartisi,Samsun,samsun,Samsun,9,Beyhan Hüküm,9
AB,ab,Siirt,siirt,Siirt,1,Fırat Teğin,3
AB,ab,Siirt,siirt,Siirt,2,Murat Çapan,3
AB,ab,Siirt,siirt,Siirt,3,Günay Gümüş,3
Adalet,ap,Siirt,siirt,Siirt,1,Fatime Delil,3
Adalet,ap,Siirt,siirt,Siirt,2,Mehmet Şeyhmus Ekinci,3
Adalet,ap,Siirt,siirt,Siirt,3,Hasan Tahsin Keskin,3
AK Parti,akparti,Siirt,siirt,Siirt,1,Mervan Gül,3
AK Parti,akparti,Siirt,siirt,Siirt,2,Feyzi Sevgili,3
AK Parti,akparti,Siirt,siirt,Siirt,3,Lokman Özcan,3
ANAP,anap,Siirt,siirt,Siirt,1,Mahmut Karalar,3
ANAP,anap,Siirt,siirt,Siirt,2,Serkan Öztürk,3
ANAP,anap,Siirt,siirt,Siirt,3,Eşref Yeşilyurt,3
Bağımsız,bagimsiz,Siirt,siirt,Siirt,1,Edip Eker,3
Bağımsız,bagimsiz,Siirt,siirt,Siirt,2,Fatih Bahattin Cantürk,3
BBP,bbp,Siirt,siirt,Siirt,1,Melike Nazlıer,3
BBP,bbp,Siirt,siirt,Siirt,2,Mehmet Eyyüp Kızılkan,3
BBP,bbp,Siirt,siirt,Siirt,3,Mehmet Şerif Ekmen,3
CHP,chp,Siirt,siirt,Siirt,1,Umut Dayanan,3
CHP,chp,Siirt,siirt,Siirt,2,Deniz Acar,3
CHP,chp,Siirt,siirt,Siirt,3,Mehmet Zakir Kızılay,3
Genç Parti,gencparti,Siirt,siirt,Siirt,1,Mustafa İncearık,3
Genç Parti,gencparti,Siirt,siirt,Siirt,2,Yılmaz Çakay,3
Genç Parti,gencparti,Siirt,siirt,Siirt,3,Onur Tuna Demirci,3
HAK-PAR,hakpar,Siirt,siirt,Siirt,1,Sait Akçan,3
HAK-PAR,hakpar,Siirt,siirt,Siirt,2,Roja Serin,3
HAK-PAR,hakpar,Siirt,siirt,Siirt,3,Necati Kartal,3
HKP,hkp,Siirt,siirt,Siirt,1,Berfin Kaya,3
HKP,hkp,Siirt,siirt,Siirt,2,Nurullah Erdoğan,3
HKP,hkp,Siirt,siirt,Siirt,3,Yakup Yavuz,3
İyi Parti,iyiparti,Siirt,siirt,Siirt,1,Tuba Solmaz,3
İyi Parti,iyiparti,Siirt,siirt,Siirt,2,Servet Tarduş,3
İyi Parti,iyiparti,Siirt,siirt,Siirt,3,Abdulmecit Nas,3
Memleket,memleket,Siirt,siirt,Siirt,1,Kadir Öztürk,3
Memleket,memleket,Siirt,siirt,Siirt,2,Burak Küçük,3
Memleket,memleket,Siirt,siirt,Siirt,3,Çağdaş Çek,3
MHP,mhp,Siirt,siirt,Siirt,1,Necdet Kayra,3
MHP,mhp,Siirt,siirt,Siirt,2,İsmail Keskin,3
MHP,mhp,Siirt,siirt,Siirt,3,Okan Işıktaş,3
MİLLET,millet,Siirt,siirt,Siirt,1,Şükrü Sırdaş,3
MİLLET,millet,Siirt,siirt,Siirt,2,Burcu Demirci İyici,3
MİLLET,millet,Siirt,siirt,Siirt,3,Mehmet Akkaya,3
Sol Parti,solparti,Siirt,siirt,Siirt,1,Ferhat Çelepkolu,3
Sol Parti,solparti,Siirt,siirt,Siirt,2,Mehmet Yiğit Özgenç,3
Sol Parti,solparti,Siirt,siirt,Siirt,3,Pınar,3
TKH,tkh,Siirt,siirt,Siirt,1,Yakup Dalkıç,3
TKH,tkh,Siirt,siirt,Siirt,2,Meryem Balta,3
TKH,tkh,Siirt,siirt,Siirt,3,İlyas Kanatlı,3
TKP,tkp,Siirt,siirt,Siirt,1,Gülten Gülel,3
TKP,tkp,Siirt,siirt,Siirt,2,Erkan Yücel Arslan,3
TKP,tkp,Siirt,siirt,Siirt,3,Emre Türker,3
Vatan,vatanpartisi,Siirt,siirt,Siirt,1,Deniz Baran Demir,3
Vatan,vatanpartisi,Siirt,siirt,Siirt,2,Yılmaz Şener,3
Vatan,vatanpartisi,Siirt,siirt,Siirt,3,Kemal Yıldız,3
Y.Refah,yenidenrefah,Siirt,siirt,Siirt,1,Umut Bardak,3
Y.Refah,yenidenrefah,Siirt,siirt,Siirt,2,Ataullah Bayav,3
Y.Refah,yenidenrefah,Siirt,siirt,Siirt,3,Fatih Eğilmez,3
Y.Sol Parti,yesilsolparti,Siirt,siirt,Siirt,1,Tuncer Bakırhan,3
Y.Sol Parti,yesilsolparti,Siirt,siirt,Siirt,2,Sabahat Erdoğan Sarıtaş,3
Y.Sol Parti,yesilsolparti,Siirt,siirt,Siirt,3,Abdullah Çetin,3
Adalet,ap,Sinop,sinop,Sinop,1,Emrullah Güneş,2
Adalet,ap,Sinop,sinop,Sinop,2,Dincer Nişan,2
AK Parti,akparti,Sinop,sinop,Sinop,1,Nazım Maviş,2
AK Parti,akparti,Sinop,sinop,Sinop,2,Seyit Ali Çetin,2
ANAP,anap,Sinop,sinop,Sinop,1,Yunus Karal,2
ANAP,anap,Sinop,sinop,Sinop,2,Hacı Ahmet Tezcan,2
BBP,bbp,Sinop,sinop,Sinop,1,Taner Dinçkurt,2
BBP,bbp,Sinop,sinop,Sinop,2,Fatih Çelikel,2
CHP,chp,Sinop,sinop,Sinop,1,Barış Karadeniz,2
CHP,chp,Sinop,sinop,Sinop,2,Şevket Terkan,2
GBP,gbp,Sinop,sinop,Sinop,1,Fatma Soysal,2
GBP,gbp,Sinop,sinop,Sinop,2,Serdar Alay,2
Genç Parti,gencparti,Sinop,sinop,Sinop,1,Oğuz Kaan Açıkbaş,2
Genç Parti,gencparti,Sinop,sinop,Sinop,2,Erdinç Öztaş,2
HAK-PAR,hakpar,Sinop,sinop,Sinop,1,Nebile Özdemir,2
HAK-PAR,hakpar,Sinop,sinop,Sinop,2,Nimet Tatlı,2
HKP,hkp,Sinop,sinop,Sinop,1,Bayram Çakır,2
HKP,hkp,Sinop,sinop,Sinop,2,Süleyman Özer,2
İyi Parti,iyiparti,Sinop,sinop,Sinop,1,Yılmaz Şanlan,2
İyi Parti,iyiparti,Sinop,sinop,Sinop,2,Baki Taşkıran,2
Memleket,memleket,Sinop,sinop,Sinop,1,Hasan Çorum,2
Memleket,memleket,Sinop,sinop,Sinop,2,Uğur Can Öcal,2
MHP,mhp,Sinop,sinop,Sinop,1,İsmail Büyükkayıkçı,2
MHP,mhp,Sinop,sinop,Sinop,2,Hasan Ataman,2
MİLLET,millet,Sinop,sinop,Sinop,1,Mahmut Erol,2
MİLLET,millet,Sinop,sinop,Sinop,2,Muzaffer Fırat Cağaloğlu,2
Sol Parti,solparti,Sinop,sinop,Sinop,1,Makbule Gölpunar,2
Sol Parti,solparti,Sinop,sinop,Sinop,2,Mahmut Mahir Arslan,2
TİP,tip,Sinop,sinop,Sinop,1,Nurhan Çaylı,2
TİP,tip,Sinop,sinop,Sinop,2,Çağla Kurt,2
TKH,tkh,Sinop,sinop,Sinop,1,Murat Uzun,2
TKH,tkh,Sinop,sinop,Sinop,2,Zeynep Çiçek,2
TKP,tkp,Sinop,sinop,Sinop,1,Emine Arzu Kayhan Dizdaroğlu,2
TKP,tkp,Sinop,sinop,Sinop,2,Nazım Hikmet Ekmekçi,2
Vatan,vatanpartisi,Sinop,sinop,Sinop,1,Ali Gülep,2
Vatan,vatanpartisi,Sinop,sinop,Sinop,2,Halil İbrahim Arslanbaş,2
Y.Refah,yenidenrefah,Sinop,sinop,Sinop,1,Mustafa Çınar,2
Y.Refah,yenidenrefah,Sinop,sinop,Sinop,2,Ercan Erdoğan,2
Y.Sol Parti,yesilsolparti,Sinop,sinop,Sinop,1,Yıldız Özbek,2
Y.Sol Parti,yesilsolparti,Sinop,sinop,Sinop,2,Ahmet Yorkun,2
YP,yp,Sinop,sinop,Sinop,1,Dursun Gökçegil,2
YP,yp,Sinop,sinop,Sinop,2,Ercan Altunbaş,2
Zafer,zaferpartisi,Sinop,sinop,Sinop,1,Altay Acar,2
Zafer,zaferpartisi,Sinop,sinop,Sinop,2,Hasan Suphi Ünür,2
AK Parti,akparti,Sivas,sivas,Sivas,1,Abdullah Güler,5
AK Parti,akparti,Sivas,sivas,Sivas,2,Hakan Aksu,5
AK Parti,akparti,Sivas,sivas,Sivas,3,Rukiye Toy,5
AK Parti,akparti,Sivas,sivas,Sivas,4,Rüstem Yüce,5
AK Parti,akparti,Sivas,sivas,Sivas,5,Serdar Öksüm,5
Bağımsız,bagimsiz,Sivas,sivas,Sivas,1,Kerem Okyay,5
Bağımsız,bagimsiz,Sivas,sivas,Sivas,2,Tuncay Karahan,5
Bağımsız,bagimsiz,Sivas,sivas,Sivas,3,Ertaç Önder,5
BBP,bbp,Sivas,sivas,Sivas,1,Doğan Ürgüp,5
BBP,bbp,Sivas,sivas,Sivas,2,Uğur Bulut,5
BBP,bbp,Sivas,sivas,Sivas,3,Aytekin Kulmaç,5
BBP,bbp,Sivas,sivas,Sivas,4,Uğur Karaca,5
BBP,bbp,Sivas,sivas,Sivas,5,Hamza Kevioğlu,5
CHP,chp,Sivas,sivas,Sivas,1,Ulaş Karasu,5
CHP,chp,Sivas,sivas,Sivas,2,Serdar İnce,5
CHP,chp,Sivas,sivas,Sivas,3,Servecan Kaya,5
CHP,chp,Sivas,sivas,Sivas,4,Lütfi Görkem Marşan,5
CHP,chp,Sivas,sivas,Sivas,5,Bahattin Yavuz,5
GBP,gbp,Sivas,sivas,Sivas,1,Bülent Aydın,5
GBP,gbp,Sivas,sivas,Sivas,2,Emre Çil,5
GBP,gbp,Sivas,sivas,Sivas,3,Doğan Murat Şerefoğlu,5
GBP,gbp,Sivas,sivas,Sivas,4,Büşra Betül Kumlu,5
GBP,gbp,Sivas,sivas,Sivas,5,Akif Çoşkun,5
HAK-PAR,hakpar,Sivas,sivas,Sivas,1,Nasir Söylemez,5
HAK-PAR,hakpar,Sivas,sivas,Sivas,2,Lerzan Teğin,5
HAK-PAR,hakpar,Sivas,sivas,Sivas,3,Nazife Özer,5
HAK-PAR,hakpar,Sivas,sivas,Sivas,4,Doğan Demirtaş,5
HAK-PAR,hakpar,Sivas,sivas,Sivas,5,Ensari Remzenoğlu,5
HKP,hkp,Sivas,sivas,Sivas,1,Dilek Özdemir Boyraz,5
HKP,hkp,Sivas,sivas,Sivas,2,Hüseyin Özlem,5
HKP,hkp,Sivas,sivas,Sivas,3,Erdal Yıldız,5
HKP,hkp,Sivas,sivas,Sivas,4,Cafer Akan,5
HKP,hkp,Sivas,sivas,Sivas,5,Abbas Ulucan,5
İyi Parti,iyiparti,Sivas,sivas,Sivas,1,Celal Dağgez,5
İyi Parti,iyiparti,Sivas,sivas,Sivas,2,Ahmet Bozdoğan,5
İyi Parti,iyiparti,Sivas,sivas,Sivas,3,Serap Bozpolat Ayan,5
İyi Parti,iyiparti,Sivas,sivas,Sivas,4,Merve Yıldız Yaray,5
İyi Parti,iyiparti,Sivas,sivas,Sivas,5,Tolga Say,5
Memleket,memleket,Sivas,sivas,Sivas,1,Kardelen Kocabeyoğlu,5
Memleket,memleket,Sivas,sivas,Sivas,2,Enes Bahşi,5
Memleket,memleket,Sivas,sivas,Sivas,3,Fatih Büyükyağmur,5
Memleket,memleket,Sivas,sivas,Sivas,4,Ahmet Selim Bıyık,5
Memleket,memleket,Sivas,sivas,Sivas,5,Uğur Turan,5
MHP,mhp,Sivas,sivas,Sivas,1,Ahmet Özyürek,5
MHP,mhp,Sivas,sivas,Sivas,2,İlker İpek,5
MHP,mhp,Sivas,sivas,Sivas,3,Kenan Çarboğa,5
MHP,mhp,Sivas,sivas,Sivas,4,Murat Sevinç,5
MHP,mhp,Sivas,sivas,Sivas,5,Bahadır Gökmen,5
MİLLET,millet,Sivas,sivas,Sivas,1,Faruk Tütenk,5
MİLLET,millet,Sivas,sivas,Sivas,2,Kemal Dalgın,5
MİLLET,millet,Sivas,sivas,Sivas,3,Yusuf İzzettin Çakıreli,5
MİLLET,millet,Sivas,sivas,Sivas,4,Salih Akkoç,5
MİLLET,millet,Sivas,sivas,Sivas,5,Erdal Güler,5
Milli Yol,milliyol,Sivas,sivas,Sivas,1,Zeki Haral,5
Milli Yol,milliyol,Sivas,sivas,Sivas,2,Hüsnü Kiraz,5
Milli Yol,milliyol,Sivas,sivas,Sivas,3,Zülal Kılıç,5
Milli Yol,milliyol,Sivas,sivas,Sivas,4,Ömer Ünal,5
Milli Yol,milliyol,Sivas,sivas,Sivas,5,Volkan Balcılar,5
Sol Parti,solparti,Sivas,sivas,Sivas,1,Ahmet Eroğlu,5
Sol Parti,solparti,Sivas,sivas,Sivas,2,Reyhan Çobangil,5
Sol Parti,solparti,Sivas,sivas,Sivas,3,Fuat Düzgün,5
Sol Parti,solparti,Sivas,sivas,Sivas,4,Taylan Özgür Kaya,5
Sol Parti,solparti,Sivas,sivas,Sivas,5,Ebru Görgülü,5
TİP,tip,Sivas,sivas,Sivas,1,Köksal Tek,5
TİP,tip,Sivas,sivas,Sivas,2,Yağmur Akın,5
TİP,tip,Sivas,sivas,Sivas,3,Veli Reçber,5
TİP,tip,Sivas,sivas,Sivas,4,Hakan Tekşen,5
TİP,tip,Sivas,sivas,Sivas,5,Yusuf Akgedik,5
TKH,tkh,Sivas,sivas,Sivas,1,Cemal Ceran,5
TKH,tkh,Sivas,sivas,Sivas,2,Naciye Karaköçek,5
TKH,tkh,Sivas,sivas,Sivas,3,Yusuf Taha Doğan,5
TKH,tkh,Sivas,sivas,Sivas,4,Binali Demir,5
TKH,tkh,Sivas,sivas,Sivas,5,Selin Erdoğan,5
TKP,tkp,Sivas,sivas,Sivas,1,Ali Kemal Ünal,5
TKP,tkp,Sivas,sivas,Sivas,2,Ali Haydar Çelik,5
TKP,tkp,Sivas,sivas,Sivas,3,Hazal Sultan Öztürk,5
TKP,tkp,Sivas,sivas,Sivas,4,Cihan Polat,5
TKP,tkp,Sivas,sivas,Sivas,5,Yalçın Cuğ,5
Vatan,vatanpartisi,Sivas,sivas,Sivas,1,Metin Çeken,5
Vatan,vatanpartisi,Sivas,sivas,Sivas,2,Zeynel Sarpdağ,5
Vatan,vatanpartisi,Sivas,sivas,Sivas,3,Abbas Aslandoğan,5
Vatan,vatanpartisi,Sivas,sivas,Sivas,4,Cumhur Akbulut,5
Vatan,vatanpartisi,Sivas,sivas,Sivas,5,Fahri Gökçe,5
Y.Refah,yenidenrefah,Sivas,sivas,Sivas,1,Cemil Laçiner,5
Y.Refah,yenidenrefah,Sivas,sivas,Sivas,2,Fatih Kalkan,5
Y.Refah,yenidenrefah,Sivas,sivas,Sivas,3,Göksel Özpınar,5
Y.Refah,yenidenrefah,Sivas,sivas,Sivas,4,Cabir Çetinkaya,5
Y.Refah,yenidenrefah,Sivas,sivas,Sivas,5,Enisa Karakoç,5
Y.Sol Parti,yesilsolparti,Sivas,sivas,Sivas,1,Gani Kaplan,5
Y.Sol Parti,yesilsolparti,Sivas,sivas,Sivas,2,Mehmet Mustafa Yıldız,5
Y.Sol Parti,yesilsolparti,Sivas,sivas,Sivas,3,Vildan Doğan,5
Y.Sol Parti,yesilsolparti,Sivas,sivas,Sivas,4,Hüseyin Özcan,5
Y.Sol Parti,yesilsolparti,Sivas,sivas,Sivas,5,Selma Özel Ası,5
YP,yp,Sivas,sivas,Sivas,1,Hasan Kır,5
YP,yp,Sivas,sivas,Sivas,2,Orhun Güral,5
YP,yp,Sivas,sivas,Sivas,3,Eren Arı,5
YP,yp,Sivas,sivas,Sivas,4,Suna Göl,5
YP,yp,Sivas,sivas,Sivas,5,Derviş Bülent Tümer,5
Zafer,zaferpartisi,Sivas,sivas,Sivas,1,Fatih Öztürk,5
Zafer,zaferpartisi,Sivas,sivas,Sivas,2,Şahin Polat,5
Zafer,zaferpartisi,Sivas,sivas,Sivas,3,Ziya Yalçın,5
Zafer,zaferpartisi,Sivas,sivas,Sivas,4,Yusuf Kaymakçı,5
Zafer,zaferpartisi,Sivas,sivas,Sivas,5,Umut Arslan,5
AB,ab,Şanlıurfa,sanliurfa,Şanlıurfa,1,Mehmet Ay,14
AB,ab,Şanlıurfa,sanliurfa,Şanlıurfa,2,Halil Sancar,14
AB,ab,Şanlıurfa,sanliurfa,Şanlıurfa,3,Mustafa Çetintaş,14
AB,ab,Şanlıurfa,sanliurfa,Şanlıurfa,4,Mehmet Ülger,14
AB,ab,Şanlıurfa,sanliurfa,Şanlıurfa,5,Gülistan Şahin,14
AB,ab,Şanlıurfa,sanliurfa,Şanlıurfa,6,Mehmet Taha Güldaş,14
AB,ab,Şanlıurfa,sanliurfa,Şanlıurfa,7,Mahmut Güldaş,14
AB,ab,Şanlıurfa,sanliurfa,Şanlıurfa,8,Kadir Karakaya,14
AB,ab,Şanlıurfa,sanliurfa,Şanlıurfa,9,Emrah Demir,14
AB,ab,Şanlıurfa,sanliurfa,Şanlıurfa,10,İbrahim Halil Yaşar,14
AB,ab,Şanlıurfa,sanliurfa,Şanlıurfa,11,Mehmet Doğan,14
AB,ab,Şanlıurfa,sanliurfa,Şanlıurfa,12,Hilmi Gürcan,14
AB,ab,Şanlıurfa,sanliurfa,Şanlıurfa,13,Mehmet Hayri Azgın,14
AB,ab,Şanlıurfa,sanliurfa,Şanlıurfa,14,Berkay Erçetin,14
AK Parti,akparti,Şanlıurfa,sanliurfa,Şanlıurfa,1,Bekir Bozdağ,14
AK Parti,akparti,Şanlıurfa,sanliurfa,Şanlıurfa,2,Abdulkadir Emin Önen,14
AK Parti,akparti,Şanlıurfa,sanliurfa,Şanlıurfa,3,Abdürrahim Dusak,14
AK Parti,akparti,Şanlıurfa,sanliurfa,Şanlıurfa,4,Mehmet Ali Cevheri,14
AK Parti,akparti,Şanlıurfa,sanliurfa,Şanlıurfa,5,Cevahir Asuman Yazmacı,14
AK Parti,akparti,Şanlıurfa,sanliurfa,Şanlıurfa,6,İbrahim Eyyüpoğlu,14
AK Parti,akparti,Şanlıurfa,sanliurfa,Şanlıurfa,7,Hikmet Başak,14
AK Parti,akparti,Şanlıurfa,sanliurfa,Şanlıurfa,8,Mehmet Faruk Pınarbaşı,14
AK Parti,akparti,Şanlıurfa,sanliurfa,Şanlıurfa,9,Mahmut Kaçar,14
AK Parti,akparti,Şanlıurfa,sanliurfa,Şanlıurfa,10,Nihat Kılıç,14
AK Parti,akparti,Şanlıurfa,sanliurfa,Şanlıurfa,11,Emre Karaçizmeli,14
AK Parti,akparti,Şanlıurfa,sanliurfa,Şanlıurfa,12,Mehmet İlhami Günbegi,14
AK Parti,akparti,Şanlıurfa,sanliurfa,Şanlıurfa,13,Abdullah Aksak,14
AK Parti,akparti,Şanlıurfa,sanliurfa,Şanlıurfa,14,Abdurrahim Toru,14
ANAP,anap,Şanlıurfa,sanliurfa,Şanlıurfa,1,Mehmet Bike,14
ANAP,anap,Şanlıurfa,sanliurfa,Şanlıurfa,2,Gülfidan Karadaş,14
ANAP,anap,Şanlıurfa,sanliurfa,Şanlıurfa,3,Çetin Hanilçi,14
ANAP,anap,Şanlıurfa,sanliurfa,Şanlıurfa,4,Ahmet Polat,14
ANAP,anap,Şanlıurfa,sanliurfa,Şanlıurfa,5,İbrahim Tahtasız,14
ANAP,anap,Şanlıurfa,sanliurfa,Şanlıurfa,6,Mehmet Güneş,14
ANAP,anap,Şanlıurfa,sanliurfa,Şanlıurfa,7,Abdurrahman Şakiroğlu,14
ANAP,anap,Şanlıurfa,sanliurfa,Şanlıurfa,8,Necla Alakuş,14
ANAP,anap,Şanlıurfa,sanliurfa,Şanlıurfa,9,Müslüm Kutlan,14
ANAP,anap,Şanlıurfa,sanliurfa,Şanlıurfa,10,Nevzat Yazar,14
ANAP,anap,Şanlıurfa,sanliurfa,Şanlıurfa,11,Mustafa Ferhat Şakiroğlu,14
ANAP,anap,Şanlıurfa,sanliurfa,Şanlıurfa,12,Mehmet Çağlayan,14
ANAP,anap,Şanlıurfa,sanliurfa,Şanlıurfa,13,Emine Tahtasız,14
ANAP,anap,Şanlıurfa,sanliurfa,Şanlıurfa,14,Arzu Karaağaç,14
Bağımsız,bagimsiz,Şanlıurfa,sanliurfa,Şanlıurfa,1,Fahriye Yonca Ayas,14
Bağımsız,bagimsiz,Şanlıurfa,sanliurfa,Şanlıurfa,2,Levent Yenilmez,14
Bağımsız,bagimsiz,Şanlıurfa,sanliurfa,Şanlıurfa,3,Abdulkadir Aslantaş,14
Bağımsız,bagimsiz,Şanlıurfa,sanliurfa,Şanlıurfa,4,Ömer Uçar,14
Bağımsız,bagimsiz,Şanlıurfa,sanliurfa,Şanlıurfa,5,Fatih Mehmet Bucak,14
Bağımsız,bagimsiz,Şanlıurfa,sanliurfa,Şanlıurfa,6,Mustafa Hakkı Bucak,14
Bağımsız,bagimsiz,Şanlıurfa,sanliurfa,Şanlıurfa,7,Müslüm Murat Sarıbaşak,14
Bağımsız,bagimsiz,Şanlıurfa,sanliurfa,Şanlıurfa,8,Abdulkerim Koç,14
BBP,bbp,Şanlıurfa,sanliurfa,Şanlıurfa,1,Mehmet Karal,14
BBP,bbp,Şanlıurfa,sanliurfa,Şanlıurfa,2,Mustafa Çavcı,14
BBP,bbp,Şanlıurfa,sanliurfa,Şanlıurfa,3,Halil Şen,14
BBP,bbp,Şanlıurfa,sanliurfa,Şanlıurfa,4,Mehmet Altunboğa,14
BBP,bbp,Şanlıurfa,sanliurfa,Şanlıurfa,5,Fırat Akbaş,14
BBP,bbp,Şanlıurfa,sanliurfa,Şanlıurfa,6,Ömer Taşdan,14
BBP,bbp,Şanlıurfa,sanliurfa,Şanlıurfa,7,Halil Çakmaz,14
BBP,bbp,Şanlıurfa,sanliurfa,Şanlıurfa,8,Halit Özbek,14
BBP,bbp,Şanlıurfa,sanliurfa,Şanlıurfa,9,Ahmet Direk,14
BBP,bbp,Şanlıurfa,sanliurfa,Şanlıurfa,10,Murat Çiftçi,14
BBP,bbp,Şanlıurfa,sanliurfa,Şanlıurfa,11,Fuat Kızılateş,14
BBP,bbp,Şanlıurfa,sanliurfa,Şanlıurfa,12,Halil Karakuş,14
BBP,bbp,Şanlıurfa,sanliurfa,Şanlıurfa,13,İsmail Gök,14
BBP,bbp,Şanlıurfa,sanliurfa,Şanlıurfa,14,Cemal Mizan,14
CHP,chp,Şanlıurfa,sanliurfa,Şanlıurfa,1,Mahmut Tanal,14
CHP,chp,Şanlıurfa,sanliurfa,Şanlıurfa,2,Müslüm Cengizhan Akalın,14
CHP,chp,Şanlıurfa,sanliurfa,Şanlıurfa,3,Ahmet Tüysüz,14
CHP,chp,Şanlıurfa,sanliurfa,Şanlıurfa,4,Abdullah Yeşil,14
CHP,chp,Şanlıurfa,sanliurfa,Şanlıurfa,5,İbrahim Direk,14
CHP,chp,Şanlıurfa,sanliurfa,Şanlıurfa,6,Süleyman Gök,14
CHP,chp,Şanlıurfa,sanliurfa,Şanlıurfa,7,İbrahim Halil Yarış,14
CHP,chp,Şanlıurfa,sanliurfa,Şanlıurfa,8,Abdullah Direk,14
CHP,chp,Şanlıurfa,sanliurfa,Şanlıurfa,9,Müslüm Şikak,14
CHP,chp,Şanlıurfa,sanliurfa,Şanlıurfa,10,Berivan Veysanoğlu Düşme,14
CHP,chp,Şanlıurfa,sanliurfa,Şanlıurfa,11,Abdulkadir Çetin,14
CHP,chp,Şanlıurfa,sanliurfa,Şanlıurfa,12,Vehbi Vural,14
CHP,chp,Şanlıurfa,sanliurfa,Şanlıurfa,13,İsa Ekinci,14
CHP,chp,Şanlıurfa,sanliurfa,Şanlıurfa,14,Aziz Babacan,14
GBP,gbp,Şanlıurfa,sanliurfa,Şanlıurfa,1,Mehmet Gül Aslan,14
GBP,gbp,Şanlıurfa,sanliurfa,Şanlıurfa,2,Zeynep Küçük,14
GBP,gbp,Şanlıurfa,sanliurfa,Şanlıurfa,3,İsmail Sağır,14
GBP,gbp,Şanlıurfa,sanliurfa,Şanlıurfa,4,Mustafa Benzer,14
GBP,gbp,Şanlıurfa,sanliurfa,Şanlıurfa,5,Kadir Kaya,14
GBP,gbp,Şanlıurfa,sanliurfa,Şanlıurfa,6,Zeliha Daylan,14
GBP,gbp,Şanlıurfa,sanliurfa,Şanlıurfa,7,Ümit Ceylan,14
GBP,gbp,Şanlıurfa,sanliurfa,Şanlıurfa,8,Ömer Burkankolu,14
GBP,gbp,Şanlıurfa,sanliurfa,Şanlıurfa,9,Murat Dönmezler,14
GBP,gbp,Şanlıurfa,sanliurfa,Şanlıurfa,10,Kazım Taşdirek,14
GBP,gbp,Şanlıurfa,sanliurfa,Şanlıurfa,11,İrfan Taşdirek,14
GBP,gbp,Şanlıurfa,sanliurfa,Şanlıurfa,12,Ayşe Akın,14
GBP,gbp,Şanlıurfa,sanliurfa,Şanlıurfa,13,Şahin Bezlek,14
GBP,gbp,Şanlıurfa,sanliurfa,Şanlıurfa,14,Mehmet Mustafa Doğan,14
HAK-PAR,hakpar,Şanlıurfa,sanliurfa,Şanlıurfa,1,Ahmet Çalışkan,14
HAK-PAR,hakpar,Şanlıurfa,sanliurfa,Şanlıurfa,2,Bahattin Kaya,14
HAK-PAR,hakpar,Şanlıurfa,sanliurfa,Şanlıurfa,3,Havva Bilen,14
HAK-PAR,hakpar,Şanlıurfa,sanliurfa,Şanlıurfa,4,Sümrü Tüverekli,14
HAK-PAR,hakpar,Şanlıurfa,sanliurfa,Şanlıurfa,5,Ömer Ak,14
HAK-PAR,hakpar,Şanlıurfa,sanliurfa,Şanlıurfa,6,Okay Demir,14
HAK-PAR,hakpar,Şanlıurfa,sanliurfa,Şanlıurfa,7,Sabri Kırğıl,14
HAK-PAR,hakpar,Şanlıurfa,sanliurfa,Şanlıurfa,8,Kutbizade Taneri,14
HAK-PAR,hakpar,Şanlıurfa,sanliurfa,Şanlıurfa,9,Emine Patır,14
HAK-PAR,hakpar,Şanlıurfa,sanliurfa,Şanlıurfa,10,Yağmur Aydemir,14
HAK-PAR,hakpar,Şanlıurfa,sanliurfa,Şanlıurfa,11,Halit Yalçın,14
HAK-PAR,hakpar,Şanlıurfa,sanliurfa,Şanlıurfa,12,Berhat Üregil,14
HAK-PAR,hakpar,Şanlıurfa,sanliurfa,Şanlıurfa,13,Hakan Yazıcıoğlu,14
HAK-PAR,hakpar,Şanlıurfa,sanliurfa,Şanlıurfa,14,Mahmut Sürücü,14
HKP,hkp,Şanlıurfa,sanliurfa,Şanlıurfa,1,Zennure Demir,14
HKP,hkp,Şanlıurfa,sanliurfa,Şanlıurfa,2,Ali Özçelik,14
HKP,hkp,Şanlıurfa,sanliurfa,Şanlıurfa,3,Sadık Caner,14
HKP,hkp,Şanlıurfa,sanliurfa,Şanlıurfa,4,Fırat Kıran,14
HKP,hkp,Şanlıurfa,sanliurfa,Şanlıurfa,5,Ali Horoz,14
HKP,hkp,Şanlıurfa,sanliurfa,Şanlıurfa,6,İsmail Açar,14
HKP,hkp,Şanlıurfa,sanliurfa,Şanlıurfa,7,Hüseyin Kaya,14
HKP,hkp,Şanlıurfa,sanliurfa,Şanlıurfa,8,Mehmet Erdoğan,14
HKP,hkp,Şanlıurfa,sanliurfa,Şanlıurfa,9,Yusuf Kaplan,14
HKP,hkp,Şanlıurfa,sanliurfa,Şanlıurfa,10,Erol Kısabacak,14
HKP,hkp,Şanlıurfa,sanliurfa,Şanlıurfa,11,İlhami Şimşek,14
HKP,hkp,Şanlıurfa,sanliurfa,Şanlıurfa,12,Erkan Kandemir,14
HKP,hkp,Şanlıurfa,sanliurfa,Şanlıurfa,13,Muammer Kuzubaş,14
HKP,hkp,Şanlıurfa,sanliurfa,Şanlıurfa,14,Alper Emir,14
İyi Parti,iyiparti,Şanlıurfa,sanliurfa,Şanlıurfa,1,Emin Yetim,14
İyi Parti,iyiparti,Şanlıurfa,sanliurfa,Şanlıurfa,2,Muhammed Ali Arusoğlu,14
İyi Parti,iyiparti,Şanlıurfa,sanliurfa,Şanlıurfa,3,Musa Mangal,14
İyi Parti,iyiparti,Şanlıurfa,sanliurfa,Şanlıurfa,4,Mehmet Şahin Gülel,14
İyi Parti,iyiparti,Şanlıurfa,sanliurfa,Şanlıurfa,5,Cem Karakeçili,14
İyi Parti,iyiparti,Şanlıurfa,sanliurfa,Şanlıurfa,6,Mehmet Ganim Başar,14
İyi Parti,iyiparti,Şanlıurfa,sanliurfa,Şanlıurfa,7,Mehmet Emin Güvenç,14
İyi Parti,iyiparti,Şanlıurfa,sanliurfa,Şanlıurfa,8,Mustafa Dirier,14
İyi Parti,iyiparti,Şanlıurfa,sanliurfa,Şanlıurfa,9,Hüseyin Sirhan Gökdoğan,14
İyi Parti,iyiparti,Şanlıurfa,sanliurfa,Şanlıurfa,10,Gülcan Cengiz,14
İyi Parti,iyiparti,Şanlıurfa,sanliurfa,Şanlıurfa,11,Mehmet Hamcan,14
İyi Parti,iyiparti,Şanlıurfa,sanliurfa,Şanlıurfa,12,Mehmet Yıldırım,14
İyi Parti,iyiparti,Şanlıurfa,sanliurfa,Şanlıurfa,13,Ömer Faruk Aişeoğlu,14
İyi Parti,iyiparti,Şanlıurfa,sanliurfa,Şanlıurfa,14,Necat Yaşar,14
Memleket,memleket,Şanlıurfa,sanliurfa,Şanlıurfa,1,Mehmet Par,14
Memleket,memleket,Şanlıurfa,sanliurfa,Şanlıurfa,2,Mehmet Polat,14
Memleket,memleket,Şanlıurfa,sanliurfa,Şanlıurfa,3,Ahmet Metin Okay,14
Memleket,memleket,Şanlıurfa,sanliurfa,Şanlıurfa,4,Bedir Kemal,14
Memleket,memleket,Şanlıurfa,sanliurfa,Şanlıurfa,5,Minegül Gürses,14
Memleket,memleket,Şanlıurfa,sanliurfa,Şanlıurfa,6,İsa Akdağ,14
Memleket,memleket,Şanlıurfa,sanliurfa,Şanlıurfa,7,Furkan Çiftçi,14
Memleket,memleket,Şanlıurfa,sanliurfa,Şanlıurfa,8,Osman Sabri Alpfidan,14
Memleket,memleket,Şanlıurfa,sanliurfa,Şanlıurfa,9,Oğulcan İpek,14
Memleket,memleket,Şanlıurfa,sanliurfa,Şanlıurfa,10,Yeter Saynur Sallı,14
Memleket,memleket,Şanlıurfa,sanliurfa,Şanlıurfa,11,Mehmet Uzbilek,14
Memleket,memleket,Şanlıurfa,sanliurfa,Şanlıurfa,12,Ayten Dal,14
Memleket,memleket,Şanlıurfa,sanliurfa,Şanlıurfa,13,Mehmethan Ünver,14
Memleket,memleket,Şanlıurfa,sanliurfa,Şanlıurfa,14,Mikail Taş,14
MHP,mhp,Şanlıurfa,sanliurfa,Şanlıurfa,1,İbrahim Özyavuz,14
MHP,mhp,Şanlıurfa,sanliurfa,Şanlıurfa,2,Halil Bakış,14
MHP,mhp,Şanlıurfa,sanliurfa,Şanlıurfa,3,Halit Yıldız,14
MHP,mhp,Şanlıurfa,sanliurfa,Şanlıurfa,4,Osman Mutlu,14
MHP,mhp,Şanlıurfa,sanliurfa,Şanlıurfa,5,Mehmet Arpaci,14
MHP,mhp,Şanlıurfa,sanliurfa,Şanlıurfa,6,Mahmut Polat,14
MHP,mhp,Şanlıurfa,sanliurfa,Şanlıurfa,7,Kemal Güneş,14
MHP,mhp,Şanlıurfa,sanliurfa,Şanlıurfa,8,Havva Birsen Deger,14
MHP,mhp,Şanlıurfa,sanliurfa,Şanlıurfa,9,İsmail Akçakaya,14
MHP,mhp,Şanlıurfa,sanliurfa,Şanlıurfa,10,Mustafa Ayğırcı,14
MHP,mhp,Şanlıurfa,sanliurfa,Şanlıurfa,11,Ali Kurt,14
MHP,mhp,Şanlıurfa,sanliurfa,Şanlıurfa,12,Ahmet Ergün,14
MHP,mhp,Şanlıurfa,sanliurfa,Şanlıurfa,13,Hasan Koruk,14
MHP,mhp,Şanlıurfa,sanliurfa,Şanlıurfa,14,Hakkı Kaya,14
MİLLET,millet,Şanlıurfa,sanliurfa,Şanlıurfa,1,Ömer Hurma,14
MİLLET,millet,Şanlıurfa,sanliurfa,Şanlıurfa,2,Mehmet Örgen,14
MİLLET,millet,Şanlıurfa,sanliurfa,Şanlıurfa,3,Bilal Çayan,14
MİLLET,millet,Şanlıurfa,sanliurfa,Şanlıurfa,4,Cuma Altay,14
MİLLET,millet,Şanlıurfa,sanliurfa,Şanlıurfa,5,İbrahim Halil Özçelik,14
MİLLET,millet,Şanlıurfa,sanliurfa,Şanlıurfa,6,Mehmet Dağ,14
MİLLET,millet,Şanlıurfa,sanliurfa,Şanlıurfa,7,İbrahim Atlı,14
MİLLET,millet,Şanlıurfa,sanliurfa,Şanlıurfa,8,Musa Güzel,14
MİLLET,millet,Şanlıurfa,sanliurfa,Şanlıurfa,9,Mahmut Emrullah,14
MİLLET,millet,Şanlıurfa,sanliurfa,Şanlıurfa,10,Mustafa Kılıç,14
MİLLET,millet,Şanlıurfa,sanliurfa,Şanlıurfa,11,Ömer Özdöver,14
MİLLET,millet,Şanlıurfa,sanliurfa,Şanlıurfa,12,İbrahim Topuz,14
MİLLET,millet,Şanlıurfa,sanliurfa,Şanlıurfa,13,Tuncay Ekinci,14
MİLLET,millet,Şanlıurfa,sanliurfa,Şanlıurfa,14,Hilmi Muştu,14
Milli Yol,milliyol,Şanlıurfa,sanliurfa,Şanlıurfa,1,Turan Kıran,14
Milli Yol,milliyol,Şanlıurfa,sanliurfa,Şanlıurfa,2,Halil Gümer,14
Milli Yol,milliyol,Şanlıurfa,sanliurfa,Şanlıurfa,3,Cumali Çavlan,14
Milli Yol,milliyol,Şanlıurfa,sanliurfa,Şanlıurfa,4,Ahmet Bakır Uzun,14
Milli Yol,milliyol,Şanlıurfa,sanliurfa,Şanlıurfa,5,Edip Öğüş,14
Milli Yol,milliyol,Şanlıurfa,sanliurfa,Şanlıurfa,6,Abdulkadir Kara,14
Milli Yol,milliyol,Şanlıurfa,sanliurfa,Şanlıurfa,7,İsa Özbudak,14
Milli Yol,milliyol,Şanlıurfa,sanliurfa,Şanlıurfa,8,Cevher Yüzkan,14
Milli Yol,milliyol,Şanlıurfa,sanliurfa,Şanlıurfa,9,Ali Kolkara,14
Milli Yol,milliyol,Şanlıurfa,sanliurfa,Şanlıurfa,10,Doğan Kılıç,14
Milli Yol,milliyol,Şanlıurfa,sanliurfa,Şanlıurfa,11,Cemal Öztürk,14
Milli Yol,milliyol,Şanlıurfa,sanliurfa,Şanlıurfa,12,Hatice Küçük,14
Milli Yol,milliyol,Şanlıurfa,sanliurfa,Şanlıurfa,13,Halil Sarmaca,14
Milli Yol,milliyol,Şanlıurfa,sanliurfa,Şanlıurfa,14,Ömer Ağdoğan,14
Sol Parti,solparti,Şanlıurfa,sanliurfa,Şanlıurfa,1,Göksu Cengiz,14
Sol Parti,solparti,Şanlıurfa,sanliurfa,Şanlıurfa,2,İbrahim Halil Gündüzalp,14
Sol Parti,solparti,Şanlıurfa,sanliurfa,Şanlıurfa,3,Gözde Koç,14
Sol Parti,solparti,Şanlıurfa,sanliurfa,Şanlıurfa,4,Sait Güldoğan,14
Sol Parti,solparti,Şanlıurfa,sanliurfa,Şanlıurfa,5,Hasan Özdinç,14
Sol Parti,solparti,Şanlıurfa,sanliurfa,Şanlıurfa,6,Aziz Taşkaya,14
Sol Parti,solparti,Şanlıurfa,sanliurfa,Şanlıurfa,7,Savaş Yılmaz,14
Sol Parti,solparti,Şanlıurfa,sanliurfa,Şanlıurfa,8,Emrullah Kabacaoğlu,14
Sol Parti,solparti,Şanlıurfa,sanliurfa,Şanlıurfa,9,Kemal Şenel,14
Sol Parti,solparti,Şanlıurfa,sanliurfa,Şanlıurfa,10,Ufuk Atıcı,14
Sol Parti,solparti,Şanlıurfa,sanliurfa,Şanlıurfa,11,Tolgay Güvercin,14
Sol Parti,solparti,Şanlıurfa,sanliurfa,Şanlıurfa,12,Tamer Yoloğlu,14
Sol Parti,solparti,Şanlıurfa,sanliurfa,Şanlıurfa,13,Sertaç Osanmaz,14
Sol Parti,solparti,Şanlıurfa,sanliurfa,Şanlıurfa,14,Serdal Ertunç,14
TKH,tkh,Şanlıurfa,sanliurfa,Şanlıurfa,1,Atilla Göktaş,14
TKH,tkh,Şanlıurfa,sanliurfa,Şanlıurfa,2,Barış Mehmet Balcı,14
TKH,tkh,Şanlıurfa,sanliurfa,Şanlıurfa,3,Mehmet Akif Araz,14
TKH,tkh,Şanlıurfa,sanliurfa,Şanlıurfa,4,Hasan Gevger,14
TKH,tkh,Şanlıurfa,sanliurfa,Şanlıurfa,5,Emre Albay,14
TKH,tkh,Şanlıurfa,sanliurfa,Şanlıurfa,6,Bihter Bayer Seyhan,14
TKH,tkh,Şanlıurfa,sanliurfa,Şanlıurfa,7,Deniz Çağli,14
TKH,tkh,Şanlıurfa,sanliurfa,Şanlıurfa,8,Arjin Arın,14
TKH,tkh,Şanlıurfa,sanliurfa,Şanlıurfa,9,Hamza Çelik,14
TKH,tkh,Şanlıurfa,sanliurfa,Şanlıurfa,10,Fatma Karaaslan,14
TKH,tkh,Şanlıurfa,sanliurfa,Şanlıurfa,11,Haydar Çamyurdu,14
TKH,tkh,Şanlıurfa,sanliurfa,Şanlıurfa,12,Rüya Çengel,14
TKH,tkh,Şanlıurfa,sanliurfa,Şanlıurfa,13,Hasan Tecirli,14
TKH,tkh,Şanlıurfa,sanliurfa,Şanlıurfa,14,Kenan Canpolat,14
TKP,tkp,Şanlıurfa,sanliurfa,Şanlıurfa,1,Ömer Polat,14
TKP,tkp,Şanlıurfa,sanliurfa,Şanlıurfa,2,Orhan Kuruldu,14
TKP,tkp,Şanlıurfa,sanliurfa,Şanlıurfa,3,İdris Yavuz,14
TKP,tkp,Şanlıurfa,sanliurfa,Şanlıurfa,4,Halil Çalışkan,14
TKP,tkp,Şanlıurfa,sanliurfa,Şanlıurfa,5,İsmail Yıldırım,14
TKP,tkp,Şanlıurfa,sanliurfa,Şanlıurfa,6,Mahmut Akyürek,14
TKP,tkp,Şanlıurfa,sanliurfa,Şanlıurfa,7,Metin Polat,14
TKP,tkp,Şanlıurfa,sanliurfa,Şanlıurfa,8,Kemal Atanur Aral,14
TKP,tkp,Şanlıurfa,sanliurfa,Şanlıurfa,9,Ercan Diril,14
TKP,tkp,Şanlıurfa,sanliurfa,Şanlıurfa,10,Emrah Dağ,14
TKP,tkp,Şanlıurfa,sanliurfa,Şanlıurfa,11,Osman Damar,14
TKP,tkp,Şanlıurfa,sanliurfa,Şanlıurfa,12,Sevda Acar,14
TKP,tkp,Şanlıurfa,sanliurfa,Şanlıurfa,13,Feridun Güllü,14
TKP,tkp,Şanlıurfa,sanliurfa,Şanlıurfa,14,Neriman Keske,14
Vatan,vatanpartisi,Şanlıurfa,sanliurfa,Şanlıurfa,1,Mustafa Ataca,14
Vatan,vatanpartisi,Şanlıurfa,sanliurfa,Şanlıurfa,2,Hasan Kongül,14
Vatan,vatanpartisi,Şanlıurfa,sanliurfa,Şanlıurfa,3,Mehmet Demir,14
Vatan,vatanpartisi,Şanlıurfa,sanliurfa,Şanlıurfa,4,Aytaç Tekin,14
Vatan,vatanpartisi,Şanlıurfa,sanliurfa,Şanlıurfa,5,Muazzez Bağış,14
Vatan,vatanpartisi,Şanlıurfa,sanliurfa,Şanlıurfa,6,Şeyh Müslüm Şahin Çulcuoğlu,14
Vatan,vatanpartisi,Şanlıurfa,sanliurfa,Şanlıurfa,7,Çağdaş Alaettin Babacan,14
Vatan,vatanpartisi,Şanlıurfa,sanliurfa,Şanlıurfa,8,Sıla Koltuk,14
Vatan,vatanpartisi,Şanlıurfa,sanliurfa,Şanlıurfa,9,Emek Karabulut,14
Vatan,vatanpartisi,Şanlıurfa,sanliurfa,Şanlıurfa,10,Ahmet Saral,14
Vatan,vatanpartisi,Şanlıurfa,sanliurfa,Şanlıurfa,11,Mirza Çelik,14
Vatan,vatanpartisi,Şanlıurfa,sanliurfa,Şanlıurfa,12,Esin Üsküplü,14
Vatan,vatanpartisi,Şanlıurfa,sanliurfa,Şanlıurfa,13,Sinem Yıldarı,14
Vatan,vatanpartisi,Şanlıurfa,sanliurfa,Şanlıurfa,14,Nuran Verda Kasapoğlu,14
Y.Refah,yenidenrefah,Şanlıurfa,sanliurfa,Şanlıurfa,1,İsmail Yavuz,14
Y.Refah,yenidenrefah,Şanlıurfa,sanliurfa,Şanlıurfa,2,Hacı Almas,14
Y.Refah,yenidenrefah,Şanlıurfa,sanliurfa,Şanlıurfa,3,Sabih Dallı,14
Y.Refah,yenidenrefah,Şanlıurfa,sanliurfa,Şanlıurfa,4,Osman Özmen,14
Y.Refah,yenidenrefah,Şanlıurfa,sanliurfa,Şanlıurfa,5,Halit Toprak,14
Y.Refah,yenidenrefah,Şanlıurfa,sanliurfa,Şanlıurfa,6,Halil Saçaklı,14
Y.Refah,yenidenrefah,Şanlıurfa,sanliurfa,Şanlıurfa,7,Şaban Çulcu,14
Y.Refah,yenidenrefah,Şanlıurfa,sanliurfa,Şanlıurfa,8,Mehmet Güneş,14
Y.Refah,yenidenrefah,Şanlıurfa,sanliurfa,Şanlıurfa,9,Tahsin Bilbay,14
Y.Refah,yenidenrefah,Şanlıurfa,sanliurfa,Şanlıurfa,10,Halil Alkan,14
Y.Refah,yenidenrefah,Şanlıurfa,sanliurfa,Şanlıurfa,11,Ayşe Kaplan,14
Y.Refah,yenidenrefah,Şanlıurfa,sanliurfa,Şanlıurfa,12,İbrahim Halil Şahin,14
Y.Refah,yenidenrefah,Şanlıurfa,sanliurfa,Şanlıurfa,13,Özgür Genğeç Yaşar,14
Y.Refah,yenidenrefah,Şanlıurfa,sanliurfa,Şanlıurfa,14,Kamil Şiş,14
Y.Sol Parti,yesilsolparti,Şanlıurfa,sanliurfa,Şanlıurfa,1,Mithat Sancar,14
Y.Sol Parti,yesilsolparti,Şanlıurfa,sanliurfa,Şanlıurfa,2,Ömer Öcalan,14
Y.Sol Parti,yesilsolparti,Şanlıurfa,sanliurfa,Şanlıurfa,3,Dilan Kunt Ayan,14
Y.Sol Parti,yesilsolparti,Şanlıurfa,sanliurfa,Şanlıurfa,4,Ferit Şenyaşar,14
Y.Sol Parti,yesilsolparti,Şanlıurfa,sanliurfa,Şanlıurfa,5,Aliye Kızıldamar,14
Y.Sol Parti,yesilsolparti,Şanlıurfa,sanliurfa,Şanlıurfa,6,Bülent Aşa,14
Y.Sol Parti,yesilsolparti,Şanlıurfa,sanliurfa,Şanlıurfa,7,Nergiz Çiğdem Karakeçili,14
Y.Sol Parti,yesilsolparti,Şanlıurfa,sanliurfa,Şanlıurfa,8,Remzi Gençdal,14
Y.Sol Parti,yesilsolparti,Şanlıurfa,sanliurfa,Şanlıurfa,9,Cemile Şahin,14
Y.Sol Parti,yesilsolparti,Şanlıurfa,sanliurfa,Şanlıurfa,10,Baver Gül,14
Y.Sol Parti,yesilsolparti,Şanlıurfa,sanliurfa,Şanlıurfa,11,Ayşe Tutku,14
Y.Sol Parti,yesilsolparti,Şanlıurfa,sanliurfa,Şanlıurfa,12,Halil Çay,14
Y.Sol Parti,yesilsolparti,Şanlıurfa,sanliurfa,Şanlıurfa,13,Mızgin Albayrak,14
Y.Sol Parti,yesilsolparti,Şanlıurfa,sanliurfa,Şanlıurfa,14,Ferat Beyaz,14
AB,ab,Şırnak,sirnak,Şırnak,1,Büşra Bülbül,4
AB,ab,Şırnak,sirnak,Şırnak,2,Ebru Bülbül,4
AB,ab,Şırnak,sirnak,Şırnak,3,Furkan Erol,4
AB,ab,Şırnak,sirnak,Şırnak,4,Muhammed Mustafa Ekinci,4
Adalet,ap,Şırnak,sirnak,Şırnak,1,Eşref Bayrak,4
Adalet,ap,Şırnak,sirnak,Şırnak,2,İkram Arsu,4
Adalet,ap,Şırnak,sirnak,Şırnak,3,Şehmus Mungan,4
Adalet,ap,Şırnak,sirnak,Şırnak,4,Faysal Bayrak,4
AK Parti,akparti,Şırnak,sirnak,Şırnak,1,Arslan Tatar,4
AK Parti,akparti,Şırnak,sirnak,Şırnak,2,Hatice Atan,4
AK Parti,akparti,Şırnak,sirnak,Şırnak,3,Bedirhan Şık,4
AK Parti,akparti,Şırnak,sirnak,Şırnak,4,Abdulkerim Gündüz,4
ANAP,anap,Şırnak,sirnak,Şırnak,1,Tunahan Akçakoyun,4
ANAP,anap,Şırnak,sirnak,Şırnak,2,Barış Durum,4
ANAP,anap,Şırnak,sirnak,Şırnak,3,Yunus Emre Menekşe,4
ANAP,anap,Şırnak,sirnak,Şırnak,4,Abdullah Gümüş,4
BBP,bbp,Şırnak,sirnak,Şırnak,1,Haci Güneş,4
BBP,bbp,Şırnak,sirnak,Şırnak,2,Bedirhan Özdemir,4
BBP,bbp,Şırnak,sirnak,Şırnak,3,Hüseyin Budak,4
BBP,bbp,Şırnak,sirnak,Şırnak,4,Atnan Erkmen,4
CHP,chp,Şırnak,sirnak,Şırnak,1,Nizar Ökten,4
CHP,chp,Şırnak,sirnak,Şırnak,2,Botan Cizreli,4
CHP,chp,Şırnak,sirnak,Şırnak,3,Abdullah Kaya,4
CHP,chp,Şırnak,sirnak,Şırnak,4,Ayşe Bilin,4
GBP,gbp,Şırnak,sirnak,Şırnak,1,Abdulselam Avci,4
GBP,gbp,Şırnak,sirnak,Şırnak,2,Hüseyin Akıl,4
GBP,gbp,Şırnak,sirnak,Şırnak,3,Hamza Taşdirek,4
GBP,gbp,Şırnak,sirnak,Şırnak,4,Abdulkadir Yıldırım,4
Genç Parti,gencparti,Şırnak,sirnak,Şırnak,1,Sercan Esen,4
Genç Parti,gencparti,Şırnak,sirnak,Şırnak,2,Şerif Gün,4
Genç Parti,gencparti,Şırnak,sirnak,Şırnak,3,Niyazi Kaya,4
Genç Parti,gencparti,Şırnak,sirnak,Şırnak,4,Kezban Sancar,4
HAK-PAR,hakpar,Şırnak,sirnak,Şırnak,1,Behçet Tektekin,4
HAK-PAR,hakpar,Şırnak,sirnak,Şırnak,2,Ahmet Erdoğan,4
HAK-PAR,hakpar,Şırnak,sirnak,Şırnak,3,Rıdvan Demir,4
HAK-PAR,hakpar,Şırnak,sirnak,Şırnak,4,Oğuzhan Bayram,4
HKP,hkp,Şırnak,sirnak,Şırnak,1,Necla Şişman,4
HKP,hkp,Şırnak,sirnak,Şırnak,2,Yahya Kemal Keçeci,4
HKP,hkp,Şırnak,sirnak,Şırnak,3,Ali Kendirci,4
HKP,hkp,Şırnak,sirnak,Şırnak,4,Devrim Arda Can Delibaşı,4
İyi Parti,iyiparti,Şırnak,sirnak,Şırnak,1,Adil Özçınar,4
İyi Parti,iyiparti,Şırnak,sirnak,Şırnak,2,Nurettin İlçi,4
İyi Parti,iyiparti,Şırnak,sirnak,Şırnak,3,Osman Ferfooğlu,4
İyi Parti,iyiparti,Şırnak,sirnak,Şırnak,4,Doğukan Yaycı,4
Memleket,memleket,Şırnak,sirnak,Şırnak,1,Ömer Yaldız,4
Memleket,memleket,Şırnak,sirnak,Şırnak,2,Nejdet Bender,4
Memleket,memleket,Şırnak,sirnak,Şırnak,3,İsmail Uğur Doğan,4
Memleket,memleket,Şırnak,sirnak,Şırnak,4,Burhan Karagöl,4
MHP,mhp,Şırnak,sirnak,Şırnak,1,Halil Tatar,4
MHP,mhp,Şırnak,sirnak,Şırnak,2,Fikret Kaya,4
MHP,mhp,Şırnak,sirnak,Şırnak,3,İdris Barkın,4
MHP,mhp,Şırnak,sirnak,Şırnak,4,Bahattin Seven,4
MİLLET,millet,Şırnak,sirnak,Şırnak,1,Abdullah Yaman,4
MİLLET,millet,Şırnak,sirnak,Şırnak,2,Davut Kaya,4
MİLLET,millet,Şırnak,sirnak,Şırnak,3,Necati Şahin,4
MİLLET,millet,Şırnak,sirnak,Şırnak,4,Mustafa Orhan Şentürk,4
Sol Parti,solparti,Şırnak,sirnak,Şırnak,1,Tevfik Kemali Üçbaş,4
Sol Parti,solparti,Şırnak,sirnak,Şırnak,2,Özenç Sezek,4
Sol Parti,solparti,Şırnak,sirnak,Şırnak,3,Coşkun İlter,4
Sol Parti,solparti,Şırnak,sirnak,Şırnak,4,Tolga Ayduğan,4
TKH,tkh,Şırnak,sirnak,Şırnak,1,Onur Parlak,4
TKH,tkh,Şırnak,sirnak,Şırnak,2,Gönül Yazıcı,4
TKH,tkh,Şırnak,sirnak,Şırnak,3,Damla Kara Korkmaz,4
TKH,tkh,Şırnak,sirnak,Şırnak,4,Bülent Barış Demirel,4
TKP,tkp,Şırnak,sirnak,Şırnak,1,Bilal Buğrahan Aydın,4
TKP,tkp,Şırnak,sirnak,Şırnak,2,İsmail Can Ateş,4
TKP,tkp,Şırnak,sirnak,Şırnak,3,Yağmur Büşra Ekinci,4
TKP,tkp,Şırnak,sirnak,Şırnak,4,Cenk Öner,4
Vatan,vatanpartisi,Şırnak,sirnak,Şırnak,1,Şükrüye Altürk,4
Vatan,vatanpartisi,Şırnak,sirnak,Şırnak,2,Mustafa Bayrak,4
Vatan,vatanpartisi,Şırnak,sirnak,Şırnak,3,İbrahim Halil Yiğit,4
Vatan,vatanpartisi,Şırnak,sirnak,Şırnak,4,Özer Çelik,4
Y.Refah,yenidenrefah,Şırnak,sirnak,Şırnak,1,Sabri Tatar,4
Y.Refah,yenidenrefah,Şırnak,sirnak,Şırnak,2,Muhammed Emin Akgüç,4
Y.Refah,yenidenrefah,Şırnak,sirnak,Şırnak,3,Hüsnü Bahşiş,4
Y.Refah,yenidenrefah,Şırnak,sirnak,Şırnak,4,Ramazan Uçkan,4
Y.Sol Parti,yesilsolparti,Şırnak,sirnak,Şırnak,1,Nevroz Uysal Aslan,4
Y.Sol Parti,yesilsolparti,Şırnak,sirnak,Şırnak,2,Mehmet Zeki İrmez,4
Y.Sol Parti,yesilsolparti,Şırnak,sirnak,Şırnak,3,Ayşegül Doğan Dağlı,4
Y.Sol Parti,yesilsolparti,Şırnak,sirnak,Şırnak,4,Bedirhan Osal,4
YP,yp,Şırnak,sirnak,Şırnak,1,Mehmet Nuri Kuytan,4
YP,yp,Şırnak,sirnak,Şırnak,2,Zeynettin Tunçay,4
YP,yp,Şırnak,sirnak,Şırnak,3,Aysel Kutluk,4
YP,yp,Şırnak,sirnak,Şırnak,4,Bülent Kutluk,4
Zafer,zaferpartisi,Şırnak,sirnak,Şırnak,1,Mahmut Tatar,4
Zafer,zaferpartisi,Şırnak,sirnak,Şırnak,2,Timuçin Elvan,4
Zafer,zaferpartisi,Şırnak,sirnak,Şırnak,3,Beyza Tatar,4
Zafer,zaferpartisi,Şırnak,sirnak,Şırnak,4,Beycan Tanırğan,4
AB,ab,Tekirdağ,tekirdag,Tekirdağ,1,Kadir Çil,8
AB,ab,Tekirdağ,tekirdag,Tekirdağ,2,Bahriye Birsen Kerpiçci,8
AB,ab,Tekirdağ,tekirdag,Tekirdağ,3,Recep Çiftçi,8
AB,ab,Tekirdağ,tekirdag,Tekirdağ,4,Recep Karadağ,8
AB,ab,Tekirdağ,tekirdag,Tekirdağ,5,Havva Karakulak,8
AB,ab,Tekirdağ,tekirdag,Tekirdağ,6,Recep Yılmaz,8
AB,ab,Tekirdağ,tekirdag,Tekirdağ,7,Nazlıcan Çoban,8
AB,ab,Tekirdağ,tekirdag,Tekirdağ,8,Elif Türkoğlu,8
Adalet,ap,Tekirdağ,tekirdag,Tekirdağ,1,Giray Batı,8
Adalet,ap,Tekirdağ,tekirdag,Tekirdağ,2,Tarık Orakçı,8
Adalet,ap,Tekirdağ,tekirdag,Tekirdağ,3,Hüseyin Tuğsal,8
Adalet,ap,Tekirdağ,tekirdag,Tekirdağ,4,Bilge Ataç,8
Adalet,ap,Tekirdağ,tekirdag,Tekirdağ,5,Fatih Bilen,8
Adalet,ap,Tekirdağ,tekirdag,Tekirdağ,6,Ayşe Ağca,8
Adalet,ap,Tekirdağ,tekirdag,Tekirdağ,7,Tuncer Baştuğ,8
Adalet,ap,Tekirdağ,tekirdag,Tekirdağ,8,Serkan Sulutay,8
AK Parti,akparti,Tekirdağ,tekirdag,Tekirdağ,1,Mestan Özcan,8
AK Parti,akparti,Tekirdağ,tekirdag,Tekirdağ,2,Gökhan Diktaş,8
AK Parti,akparti,Tekirdağ,tekirdag,Tekirdağ,3,Çiğdem Koncagül,8
AK Parti,akparti,Tekirdağ,tekirdag,Tekirdağ,4,Hakan Sunal,8
AK Parti,akparti,Tekirdağ,tekirdag,Tekirdağ,5,Abdullah Öğe,8
AK Parti,akparti,Tekirdağ,tekirdag,Tekirdağ,6,Akın Yılmaz,8
AK Parti,akparti,Tekirdağ,tekirdag,Tekirdağ,7,Müge Yıldız Topak,8
AK Parti,akparti,Tekirdağ,tekirdag,Tekirdağ,8,Defne Gezer,8
Bağımsız,bagimsiz,Tekirdağ,tekirdag,Tekirdağ,1,Osman Yaman,8
Bağımsız,bagimsiz,Tekirdağ,tekirdag,Tekirdağ,2,Ali Çavuş,8
Bağımsız,bagimsiz,Tekirdağ,tekirdag,Tekirdağ,3,Mustafa Kara,8
BBP,bbp,Tekirdağ,tekirdag,Tekirdağ,1,Turan Demircan,8
BBP,bbp,Tekirdağ,tekirdag,Tekirdağ,2,Mesut Uçar,8
BBP,bbp,Tekirdağ,tekirdag,Tekirdağ,3,Gökhan Acar,8
BBP,bbp,Tekirdağ,tekirdag,Tekirdağ,4,Fatih Diler,8
BBP,bbp,Tekirdağ,tekirdag,Tekirdağ,5,Ömer Çetinkaya,8
BBP,bbp,Tekirdağ,tekirdag,Tekirdağ,6,Niyazi Güneş,8
BBP,bbp,Tekirdağ,tekirdag,Tekirdağ,7,Rukiye Deveci,8
BBP,bbp,Tekirdağ,tekirdag,Tekirdağ,8,Sündüz Erdoğan,8
CHP,chp,Tekirdağ,tekirdag,Tekirdağ,1,Faik Öztrak,8
CHP,chp,Tekirdağ,tekirdag,Tekirdağ,2,İlhami Özcan Aygun,8
CHP,chp,Tekirdağ,tekirdag,Tekirdağ,3,Cem Avşar,8
CHP,chp,Tekirdağ,tekirdag,Tekirdağ,4,Nurten Yontar,8
CHP,chp,Tekirdağ,tekirdag,Tekirdağ,5,Mustafa Ülkem Uruk,8
CHP,chp,Tekirdağ,tekirdag,Tekirdağ,6,İsmail Doğaroğlu,8
CHP,chp,Tekirdağ,tekirdag,Tekirdağ,7,Sema Kırkoyun Kinet,8
CHP,chp,Tekirdağ,tekirdag,Tekirdağ,8,İsmail Çelebi,8
Genç Parti,gencparti,Tekirdağ,tekirdag,Tekirdağ,1,Ali Atay,8
Genç Parti,gencparti,Tekirdağ,tekirdag,Tekirdağ,2,Yalçın Soyaslan,8
Genç Parti,gencparti,Tekirdağ,tekirdag,Tekirdağ,3,Aziz Özsaban,8
Genç Parti,gencparti,Tekirdağ,tekirdag,Tekirdağ,4,Necati Güney,8
Genç Parti,gencparti,Tekirdağ,tekirdag,Tekirdağ,5,Vedat Ünlü,8
Genç Parti,gencparti,Tekirdağ,tekirdag,Tekirdağ,6,Adem Palta,8
Genç Parti,gencparti,Tekirdağ,tekirdag,Tekirdağ,7,Şafak Gönülal,8
Genç Parti,gencparti,Tekirdağ,tekirdag,Tekirdağ,8,Engin Kara,8
HAK-PAR,hakpar,Tekirdağ,tekirdag,Tekirdağ,1,Ayşe Çalışkan,8
HAK-PAR,hakpar,Tekirdağ,tekirdag,Tekirdağ,2,Nurten Kahraman,8
HAK-PAR,hakpar,Tekirdağ,tekirdag,Tekirdağ,3,Emine Bayram,8
HAK-PAR,hakpar,Tekirdağ,tekirdag,Tekirdağ,4,Hayri Zengoğlu,8
HAK-PAR,hakpar,Tekirdağ,tekirdag,Tekirdağ,5,Gökhan Sürücü,8
HAK-PAR,hakpar,Tekirdağ,tekirdag,Tekirdağ,6,Ramazan Bayram,8
HAK-PAR,hakpar,Tekirdağ,tekirdag,Tekirdağ,7,Halise Öz,8
HAK-PAR,hakpar,Tekirdağ,tekirdag,Tekirdağ,8,Erhan Kaya,8
HKP,hkp,Tekirdağ,tekirdag,Tekirdağ,1,Hülya Arslan,8
HKP,hkp,Tekirdağ,tekirdag,Tekirdağ,2,Fatih Bulut,8
HKP,hkp,Tekirdağ,tekirdag,Tekirdağ,3,Suat Şahin,8
HKP,hkp,Tekirdağ,tekirdag,Tekirdağ,4,Özgül Yıldırım,8
HKP,hkp,Tekirdağ,tekirdag,Tekirdağ,5,Selçuk Şen,8
HKP,hkp,Tekirdağ,tekirdag,Tekirdağ,6,Hikmet Efe,8
HKP,hkp,Tekirdağ,tekirdag,Tekirdağ,7,Hasan Ali Çölük,8
HKP,hkp,Tekirdağ,tekirdag,Tekirdağ,8,Hale Arslan,8
İyi Parti,iyiparti,Tekirdağ,tekirdag,Tekirdağ,1,Selcan Hamşıoğlu,8
İyi Parti,iyiparti,Tekirdağ,tekirdag,Tekirdağ,2,Sertaç Alkaya,8
İyi Parti,iyiparti,Tekirdağ,tekirdag,Tekirdağ,3,Hazim Tamer Dodurka,8
İyi Parti,iyiparti,Tekirdağ,tekirdag,Tekirdağ,4,Zeki Uzun,8
İyi Parti,iyiparti,Tekirdağ,tekirdag,Tekirdağ,5,Aynur Çeşmeliler,8
İyi Parti,iyiparti,Tekirdağ,tekirdag,Tekirdağ,6,Şerafetdin Terzi,8
İyi Parti,iyiparti,Tekirdağ,tekirdag,Tekirdağ,7,Mehmet İlker Atasever,8
İyi Parti,iyiparti,Tekirdağ,tekirdag,Tekirdağ,8,Özgen Keskiner Karakaya,8
Memleket,memleket,Tekirdağ,tekirdag,Tekirdağ,1,Şeref Albeniz,8
Memleket,memleket,Tekirdağ,tekirdag,Tekirdağ,2,Sadi Erduran,8
Memleket,memleket,Tekirdağ,tekirdag,Tekirdağ,3,Birkan Özer,8
Memleket,memleket,Tekirdağ,tekirdag,Tekirdağ,4,Harun Yılmaz,8
Memleket,memleket,Tekirdağ,tekirdag,Tekirdağ,5,Metin Demirtaş,8
Memleket,memleket,Tekirdağ,tekirdag,Tekirdağ,6,Mert Adalı,8
Memleket,memleket,Tekirdağ,tekirdag,Tekirdağ,7,Barış Tunca,8
Memleket,memleket,Tekirdağ,tekirdag,Tekirdağ,8,Damla Nur Salğar,8
MHP,mhp,Tekirdağ,tekirdag,Tekirdağ,1,İlker Yücel,8
MHP,mhp,Tekirdağ,tekirdag,Tekirdağ,2,Koray Önsel,8
MHP,mhp,Tekirdağ,tekirdag,Tekirdağ,3,Murat Turna,8
MHP,mhp,Tekirdağ,tekirdag,Tekirdağ,4,Gökhan Baylan,8
MHP,mhp,Tekirdağ,tekirdag,Tekirdağ,5,Mustafa Süleyman Kurtar,8
MHP,mhp,Tekirdağ,tekirdag,Tekirdağ,6,Filiz Orman Akın,8
MHP,mhp,Tekirdağ,tekirdag,Tekirdağ,7,Hasan Memişoğlu,8
MHP,mhp,Tekirdağ,tekirdag,Tekirdağ,8,Necmi Özgül,8
MİLLET,millet,Tekirdağ,tekirdag,Tekirdağ,1,Mehmet Yetimova,8
MİLLET,millet,Tekirdağ,tekirdag,Tekirdağ,2,Seray Ceylan Akyıldız,8
MİLLET,millet,Tekirdağ,tekirdag,Tekirdağ,3,Gülten Oğuz,8
MİLLET,millet,Tekirdağ,tekirdag,Tekirdağ,4,Mustafa Ballı,8
MİLLET,millet,Tekirdağ,tekirdag,Tekirdağ,5,Şaban Ek,8
MİLLET,millet,Tekirdağ,tekirdag,Tekirdağ,6,Necmettin Gürel,8
MİLLET,millet,Tekirdağ,tekirdag,Tekirdağ,7,Mustafa Kısa,8
MİLLET,millet,Tekirdağ,tekirdag,Tekirdağ,8,Nilgül Baş,8
Sol Parti,solparti,Tekirdağ,tekirdag,Tekirdağ,1,Serap Kaymak,8
Sol Parti,solparti,Tekirdağ,tekirdag,Tekirdağ,2,Abdül Çene,8
Sol Parti,solparti,Tekirdağ,tekirdag,Tekirdağ,3,Sevim Fidan,8
Sol Parti,solparti,Tekirdağ,tekirdag,Tekirdağ,4,Rabbani Dalaslan,8
Sol Parti,solparti,Tekirdağ,tekirdag,Tekirdağ,5,Mustafa Günay,8
Sol Parti,solparti,Tekirdağ,tekirdag,Tekirdağ,6,Ekrem Yılmaz,8
Sol Parti,solparti,Tekirdağ,tekirdag,Tekirdağ,7,Sıla Uludağ Gürler,8
Sol Parti,solparti,Tekirdağ,tekirdag,Tekirdağ,8,İlkay Öz,8
TİP,tip,Tekirdağ,tekirdag,Tekirdağ,1,Bilge Seçkin Çetinkaya,8
TİP,tip,Tekirdağ,tekirdag,Tekirdağ,2,Mehmet Aytekin,8
TİP,tip,Tekirdağ,tekirdag,Tekirdağ,3,Emre Sevilmiş,8
TİP,tip,Tekirdağ,tekirdag,Tekirdağ,4,İsmail Öztok,8
TİP,tip,Tekirdağ,tekirdag,Tekirdağ,5,Betül Okuyan,8
TİP,tip,Tekirdağ,tekirdag,Tekirdağ,6,Gülenay Suna,8
TİP,tip,Tekirdağ,tekirdag,Tekirdağ,7,Kardelen Evcimen,8
TİP,tip,Tekirdağ,tekirdag,Tekirdağ,8,Erkan Özgür Mutlucan,8
TKH,tkh,Tekirdağ,tekirdag,Tekirdağ,1,Mehmet Naci Günbat,8
TKH,tkh,Tekirdağ,tekirdag,Tekirdağ,2,Hüseyin Karaca,8
TKH,tkh,Tekirdağ,tekirdag,Tekirdağ,3,Uğur Kaya,8
TKH,tkh,Tekirdağ,tekirdag,Tekirdağ,4,Muhammed Kerim Kırıcı,8
TKH,tkh,Tekirdağ,tekirdag,Tekirdağ,5,Onur Kayabaş,8
TKH,tkh,Tekirdağ,tekirdag,Tekirdağ,6,Fevzi Sağır,8
TKH,tkh,Tekirdağ,tekirdag,Tekirdağ,7,Deniz Dikmen,8
TKH,tkh,Tekirdağ,tekirdag,Tekirdağ,8,Sevim Gerekli,8
TKP,tkp,Tekirdağ,tekirdag,Tekirdağ,1,Yeliz Karbuz,8
TKP,tkp,Tekirdağ,tekirdag,Tekirdağ,2,Mehmet Bayırlı,8
TKP,tkp,Tekirdağ,tekirdag,Tekirdağ,3,Muhsin Zaman,8
TKP,tkp,Tekirdağ,tekirdag,Tekirdağ,4,Polat Onar,8
TKP,tkp,Tekirdağ,tekirdag,Tekirdağ,5,İdil Zeynep Öztürk Aktaş,8
TKP,tkp,Tekirdağ,tekirdag,Tekirdağ,6,Hasan Koçak,8
TKP,tkp,Tekirdağ,tekirdag,Tekirdağ,7,Sadık Çiçek,8
TKP,tkp,Tekirdağ,tekirdag,Tekirdağ,8,İlhan Sülün,8
Vatan,vatanpartisi,Tekirdağ,tekirdag,Tekirdağ,1,Ertuğrul,8
Vatan,vatanpartisi,Tekirdağ,tekirdag,Tekirdağ,2,Mehmet Yalçın İçöz,8
Vatan,vatanpartisi,Tekirdağ,tekirdag,Tekirdağ,3,Gürkan Türksoy,8
Vatan,vatanpartisi,Tekirdağ,tekirdag,Tekirdağ,4,Filiz İnci,8
Vatan,vatanpartisi,Tekirdağ,tekirdag,Tekirdağ,5,Özkan İnci,8
Vatan,vatanpartisi,Tekirdağ,tekirdag,Tekirdağ,6,Kemal Engin,8
Vatan,vatanpartisi,Tekirdağ,tekirdag,Tekirdağ,7,Erkan Kaya,8
Vatan,vatanpartisi,Tekirdağ,tekirdag,Tekirdağ,8,Mehmet Gürenç,8
Y.Refah,yenidenrefah,Tekirdağ,tekirdag,Tekirdağ,1,Mehmet Çakı,8
Y.Refah,yenidenrefah,Tekirdağ,tekirdag,Tekirdağ,2,Filtekin Şen,8
Y.Refah,yenidenrefah,Tekirdağ,tekirdag,Tekirdağ,3,Hamit Hamitoğlu,8
Y.Refah,yenidenrefah,Tekirdağ,tekirdag,Tekirdağ,4,Burak Çapkın,8
Y.Refah,yenidenrefah,Tekirdağ,tekirdag,Tekirdağ,5,Mehmet Sungur,8
Y.Refah,yenidenrefah,Tekirdağ,tekirdag,Tekirdağ,6,Şükrü Can Atagün,8
Y.Refah,yenidenrefah,Tekirdağ,tekirdag,Tekirdağ,7,Hasan Doğan,8
Y.Refah,yenidenrefah,Tekirdağ,tekirdag,Tekirdağ,8,Murat Karakan,8
Y.Sol Parti,yesilsolparti,Tekirdağ,tekirdag,Tekirdağ,1,Muazzez Orhan Işık,8
Y.Sol Parti,yesilsolparti,Tekirdağ,tekirdag,Tekirdağ,2,Seyithan Kırmızı,8
Y.Sol Parti,yesilsolparti,Tekirdağ,tekirdag,Tekirdağ,3,Gamze Kaya,8
Y.Sol Parti,yesilsolparti,Tekirdağ,tekirdag,Tekirdağ,4,Nesrin Özel Unay,8
Y.Sol Parti,yesilsolparti,Tekirdağ,tekirdag,Tekirdağ,5,Erkan Atalay,8
Y.Sol Parti,yesilsolparti,Tekirdağ,tekirdag,Tekirdağ,6,Gülşen Daşdöğen,8
Y.Sol Parti,yesilsolparti,Tekirdağ,tekirdag,Tekirdağ,7,Çetin Yılmaz,8
Y.Sol Parti,yesilsolparti,Tekirdağ,tekirdag,Tekirdağ,8,Bedrettin Gözmen,8
Zafer,zaferpartisi,Tekirdağ,tekirdag,Tekirdağ,1,Fatih Altıntaş,8
Zafer,zaferpartisi,Tekirdağ,tekirdag,Tekirdağ,2,Naim Söylemezoğlu,8
Zafer,zaferpartisi,Tekirdağ,tekirdag,Tekirdağ,3,Burak Yılmaz,8
Zafer,zaferpartisi,Tekirdağ,tekirdag,Tekirdağ,4,İpek Gökçebel,8
Zafer,zaferpartisi,Tekirdağ,tekirdag,Tekirdağ,5,Tanya Mihrinaz Ünkaya,8
Zafer,zaferpartisi,Tekirdağ,tekirdag,Tekirdağ,6,Timuçin Güven,8
Zafer,zaferpartisi,Tekirdağ,tekirdag,Tekirdağ,7,Gürel Evirgen,8
Zafer,zaferpartisi,Tekirdağ,tekirdag,Tekirdağ,8,Tayfun Eker,8
AK Parti,akparti,Tokat,tokat,Tokat,1,Yusuf Beyazıt,5
AK Parti,akparti,Tokat,tokat,Tokat,2,Mustafa Arslan,5
AK Parti,akparti,Tokat,tokat,Tokat,3,Cüneyt Aldemir,5
AK Parti,akparti,Tokat,tokat,Tokat,4,Adem Dizer,5
AK Parti,akparti,Tokat,tokat,Tokat,5,Mehmet Can,5
ANAP,anap,Tokat,tokat,Tokat,1,Mustafa Himmetbeyoğlu,5
ANAP,anap,Tokat,tokat,Tokat,2,Şahin Aldemir,5
ANAP,anap,Tokat,tokat,Tokat,3,Ufuk Dicleli,5
ANAP,anap,Tokat,tokat,Tokat,4,Fatma Sansar,5
ANAP,anap,Tokat,tokat,Tokat,5,Özcan Etli,5
BBP,bbp,Tokat,tokat,Tokat,1,Mesut Nur,5
BBP,bbp,Tokat,tokat,Tokat,2,Halim Oktay Osmanoğlu,5
BBP,bbp,Tokat,tokat,Tokat,3,Mustafa Çınar,5
BBP,bbp,Tokat,tokat,Tokat,4,Adem Çerit,5
BBP,bbp,Tokat,tokat,Tokat,5,Ergün Çarıkçıoğlu,5
CHP,chp,Tokat,tokat,Tokat,1,Kadim Durmaz,5
CHP,chp,Tokat,tokat,Tokat,2,Duran Kum,5
CHP,chp,Tokat,tokat,Tokat,3,Ayhan Karabekiroğlu,5
CHP,chp,Tokat,tokat,Tokat,4,Mehmet Ali Kocaoğlu,5
CHP,chp,Tokat,tokat,Tokat,5,Cem Çıtak,5
GBP,gbp,Tokat,tokat,Tokat,1,Mehmet Can Sağnak,5
GBP,gbp,Tokat,tokat,Tokat,2,Levent Emre Eryiğit,5
GBP,gbp,Tokat,tokat,Tokat,3,Nuri Yıldırım,5
GBP,gbp,Tokat,tokat,Tokat,4,Şeyhmus Yüksel,5
GBP,gbp,Tokat,tokat,Tokat,5,Veziri Gülse Yıldırım,5
HAK-PAR,hakpar,Tokat,tokat,Tokat,1,İhsan Çoban,5
HAK-PAR,hakpar,Tokat,tokat,Tokat,2,Cevahir Köse,5
HAK-PAR,hakpar,Tokat,tokat,Tokat,3,Faysal Balta,5
HAK-PAR,hakpar,Tokat,tokat,Tokat,4,Hüseyin Yılmaz,5
HAK-PAR,hakpar,Tokat,tokat,Tokat,5,Erkan Kılınç,5
HKP,hkp,Tokat,tokat,Tokat,1,Ayten Çağ Bin,5
HKP,hkp,Tokat,tokat,Tokat,2,Ayfer Adeka,5
HKP,hkp,Tokat,tokat,Tokat,3,Ali Arslan,5
HKP,hkp,Tokat,tokat,Tokat,4,Cemalettin Erdemci,5
HKP,hkp,Tokat,tokat,Tokat,5,Erol Çağ,5
İyi Parti,iyiparti,Tokat,tokat,Tokat,1,Fatih Demirkol,5
İyi Parti,iyiparti,Tokat,tokat,Tokat,2,Murat Toycan Selçuk,5
İyi Parti,iyiparti,Tokat,tokat,Tokat,3,Ali Karaca,5
İyi Parti,iyiparti,Tokat,tokat,Tokat,4,Şadan İpkin,5
İyi Parti,iyiparti,Tokat,tokat,Tokat,5,Muhammed Alperen Eldemir,5
Memleket,memleket,Tokat,tokat,Tokat,1,Dursun Bayram,5
Memleket,memleket,Tokat,tokat,Tokat,2,Saygın Elmacıoğlu,5
Memleket,memleket,Tokat,tokat,Tokat,3,Dilara Aydın,5
Memleket,memleket,Tokat,tokat,Tokat,4,Fahrettin Kaya,5
Memleket,memleket,Tokat,tokat,Tokat,5,Zeynep Zeliha Oktan,5
MHP,mhp,Tokat,tokat,Tokat,1,Yücel Bulut,5
MHP,mhp,Tokat,tokat,Tokat,2,Recep Bozdemir,5
MHP,mhp,Tokat,tokat,Tokat,3,Ayhan Özçelik,5
MHP,mhp,Tokat,tokat,Tokat,4,Ayla Bedirhan Çelik,5
MHP,mhp,Tokat,tokat,Tokat,5,Ufuk Değerliyurt,5
MİLLET,millet,Tokat,tokat,Tokat,1,Mustafa Yılmaz,5
MİLLET,millet,Tokat,tokat,Tokat,2,İdris Durmuş,5
MİLLET,millet,Tokat,tokat,Tokat,3,Mustafa Şeker,5
MİLLET,millet,Tokat,tokat,Tokat,4,Duran Karaca,5
MİLLET,millet,Tokat,tokat,Tokat,5,İbrahim Sayar,5
Sol Parti,solparti,Tokat,tokat,Tokat,1,Turan Bozkurt,5
Sol Parti,solparti,Tokat,tokat,Tokat,2,Osman Alıcı,5
Sol Parti,solparti,Tokat,tokat,Tokat,3,Müzeyyen Koç,5
Sol Parti,solparti,Tokat,tokat,Tokat,4,Ceyhun Gür,5
Sol Parti,solparti,Tokat,tokat,Tokat,5,Nilgün Öztürk,5
TİP,tip,Tokat,tokat,Tokat,1,Erdoğan Kılınç,5
TİP,tip,Tokat,tokat,Tokat,2,Harun Kılıçoğlu,5
TİP,tip,Tokat,tokat,Tokat,3,Emin Akbaba,5
TİP,tip,Tokat,tokat,Tokat,4,Dilek Ferda Yamanlar,5
TİP,tip,Tokat,tokat,Tokat,5,Ersin Evran,5
TKH,tkh,Tokat,tokat,Tokat,1,Hayrettin Aydın,5
TKH,tkh,Tokat,tokat,Tokat,2,Gökhan Erbil,5
TKH,tkh,Tokat,tokat,Tokat,3,Hayrettin Torun,5
TKH,tkh,Tokat,tokat,Tokat,4,Ali Can Demir,5
TKH,tkh,Tokat,tokat,Tokat,5,Rojda Dolgun,5
TKP,tkp,Tokat,tokat,Tokat,1,Ömer Faruk Atik,5
TKP,tkp,Tokat,tokat,Tokat,2,Ali Gülel,5
TKP,tkp,Tokat,tokat,Tokat,3,Yücel Acar,5
TKP,tkp,Tokat,tokat,Tokat,4,Yıldız Bildik,5
TKP,tkp,Tokat,tokat,Tokat,5,Ziya Güney Doğan,5
Vatan,vatanpartisi,Tokat,tokat,Tokat,1,Ayhan Çabuk,5
Vatan,vatanpartisi,Tokat,tokat,Tokat,2,Zeki Aksoy,5
Vatan,vatanpartisi,Tokat,tokat,Tokat,3,Abdullah Sezgin,5
Vatan,vatanpartisi,Tokat,tokat,Tokat,4,Ebru Nur Demir Gençer,5
Vatan,vatanpartisi,Tokat,tokat,Tokat,5,Ergün Eseryağar,5
Y.Refah,yenidenrefah,Tokat,tokat,Tokat,1,Ali Osman Daldal,5
Y.Refah,yenidenrefah,Tokat,tokat,Tokat,2,Hasan Erdal,5
Y.Refah,yenidenrefah,Tokat,tokat,Tokat,3,Mehmet Acar,5
Y.Refah,yenidenrefah,Tokat,tokat,Tokat,4,Mustafa Akın,5
Y.Refah,yenidenrefah,Tokat,tokat,Tokat,5,Aytaç Keser,5
Y.Sol Parti,yesilsolparti,Tokat,tokat,Tokat,1,Meltem Işık,5
Y.Sol Parti,yesilsolparti,Tokat,tokat,Tokat,2,Erol Tunç,5
Y.Sol Parti,yesilsolparti,Tokat,tokat,Tokat,3,Naciye İskender,5
Y.Sol Parti,yesilsolparti,Tokat,tokat,Tokat,4,Şaban Yeğin,5
Y.Sol Parti,yesilsolparti,Tokat,tokat,Tokat,5,Sibel Uzun,5
Zafer,zaferpartisi,Tokat,tokat,Tokat,1,Alptürk Kaya,5
Zafer,zaferpartisi,Tokat,tokat,Tokat,2,Semih Kurulay,5
Zafer,zaferpartisi,Tokat,tokat,Tokat,3,Sinan Sever,5
Zafer,zaferpartisi,Tokat,tokat,Tokat,4,Adalet Sever,5
Zafer,zaferpartisi,Tokat,tokat,Tokat,5,Süleyman Güneş,5
Adalet,ap,Trabzon,trabzon,Trabzon,1,Soner Babuşcu,6
Adalet,ap,Trabzon,trabzon,Trabzon,2,Ünal Kavi,6
Adalet,ap,Trabzon,trabzon,Trabzon,3,Meryem Kuru,6
Adalet,ap,Trabzon,trabzon,Trabzon,4,Mevlüt Eren Bayraktar,6
Adalet,ap,Trabzon,trabzon,Trabzon,5,Pınar Olçay Ruhuşen,6
Adalet,ap,Trabzon,trabzon,Trabzon,6,Halil Demirok,6
AK Parti,akparti,Trabzon,trabzon,Trabzon,1,Adil Karaismailoğlu,6
AK Parti,akparti,Trabzon,trabzon,Trabzon,2,Mustafa Şen,6
AK Parti,akparti,Trabzon,trabzon,Trabzon,3,Yılmaz Büyükaydın,6
AK Parti,akparti,Trabzon,trabzon,Trabzon,4,Vehbi Koç,6
AK Parti,akparti,Trabzon,trabzon,Trabzon,5,Meryem Sürmen,6
AK Parti,akparti,Trabzon,trabzon,Trabzon,6,Zafer Ofluoğlu,6
Bağımsız,bagimsiz,Trabzon,trabzon,Trabzon,1,Hüseyin Karahan,6
Bağımsız,bagimsiz,Trabzon,trabzon,Trabzon,2,Teoman Yılmaz,6
BBP,bbp,Trabzon,trabzon,Trabzon,1,Oktay Açar,6
BBP,bbp,Trabzon,trabzon,Trabzon,2,Mehmet Yazıcı,6
BBP,bbp,Trabzon,trabzon,Trabzon,3,Kağan Mumcu,6
BBP,bbp,Trabzon,trabzon,Trabzon,4,Nurgül Yılmaz,6
BBP,bbp,Trabzon,trabzon,Trabzon,5,Mehmet Üçüncü,6
BBP,bbp,Trabzon,trabzon,Trabzon,6,Ali Üzüm,6
CHP,chp,Trabzon,trabzon,Trabzon,1,Sibel Suiçmez,6
CHP,chp,Trabzon,trabzon,Trabzon,2,Ahmet Kaya,6
CHP,chp,Trabzon,trabzon,Trabzon,3,Murat Özçilingir,6
CHP,chp,Trabzon,trabzon,Trabzon,4,Musa Hacıoğlu,6
CHP,chp,Trabzon,trabzon,Trabzon,5,İlker Akıncı,6
CHP,chp,Trabzon,trabzon,Trabzon,6,Mustafa Erdi Çakır,6
HAK-PAR,hakpar,Trabzon,trabzon,Trabzon,1,Bektaş Akkuş,6
HAK-PAR,hakpar,Trabzon,trabzon,Trabzon,2,Abdurrahman Pınar,6
HAK-PAR,hakpar,Trabzon,trabzon,Trabzon,3,Yusuf Gemicioğlu,6
HAK-PAR,hakpar,Trabzon,trabzon,Trabzon,4,Ahmet Arif Öles,6
HAK-PAR,hakpar,Trabzon,trabzon,Trabzon,5,Mehmet Derin,6
HAK-PAR,hakpar,Trabzon,trabzon,Trabzon,6,Kahraman Gökçen,6
HKP,hkp,Trabzon,trabzon,Trabzon,1,Narin Bayram,6
HKP,hkp,Trabzon,trabzon,Trabzon,2,Selçuk Akbina,6
HKP,hkp,Trabzon,trabzon,Trabzon,3,Reyhan Cantaş,6
HKP,hkp,Trabzon,trabzon,Trabzon,4,Celil Çevik,6
HKP,hkp,Trabzon,trabzon,Trabzon,5,Gülsün Nalinci,6
HKP,hkp,Trabzon,trabzon,Trabzon,6,Ümit Çelik,6
İyi Parti,iyiparti,Trabzon,trabzon,Trabzon,1,Yavuz Aydın,6
İyi Parti,iyiparti,Trabzon,trabzon,Trabzon,2,Aslan Güner,6
İyi Parti,iyiparti,Trabzon,trabzon,Trabzon,3,Serpil Akçay,6
İyi Parti,iyiparti,Trabzon,trabzon,Trabzon,4,Tahsin Akyüz,6
İyi Parti,iyiparti,Trabzon,trabzon,Trabzon,5,Akın Çelik,6
İyi Parti,iyiparti,Trabzon,trabzon,Trabzon,6,Bülent Arslan,6
Memleket,memleket,Trabzon,trabzon,Trabzon,1,Erkan Armutcı,6
Memleket,memleket,Trabzon,trabzon,Trabzon,2,Ayşe Durmuş,6
Memleket,memleket,Trabzon,trabzon,Trabzon,3,Murat Yıldız,6
Memleket,memleket,Trabzon,trabzon,Trabzon,4,Ahmet Üçüncü,6
Memleket,memleket,Trabzon,trabzon,Trabzon,5,Doğan Emirzeoğlu,6
Memleket,memleket,Trabzon,trabzon,Trabzon,6,Utku Arslan,6
MHP,mhp,Trabzon,trabzon,Trabzon,1,Bekir Sıtkı Tarım,6
MHP,mhp,Trabzon,trabzon,Trabzon,2,Yavuz Tellioğlu,6
MHP,mhp,Trabzon,trabzon,Trabzon,3,Şener Pul,6
MHP,mhp,Trabzon,trabzon,Trabzon,4,Edanur Altıntaş,6
MHP,mhp,Trabzon,trabzon,Trabzon,5,Yusuf Çakmak,6
MHP,mhp,Trabzon,trabzon,Trabzon,6,Murat Aksoy,6
MİLLET,millet,Trabzon,trabzon,Trabzon,1,Yahya Demeli,6
MİLLET,millet,Trabzon,trabzon,Trabzon,2,Yusuf Aydın,6
MİLLET,millet,Trabzon,trabzon,Trabzon,3,Kenan Sarı,6
MİLLET,millet,Trabzon,trabzon,Trabzon,4,Nurşan Pekşen,6
MİLLET,millet,Trabzon,trabzon,Trabzon,5,Yüksel Soytürk,6
MİLLET,millet,Trabzon,trabzon,Trabzon,6,Esma Ersen,6
Sol Parti,solparti,Trabzon,trabzon,Trabzon,1,Hikmet Akbulut,6
Sol Parti,solparti,Trabzon,trabzon,Trabzon,2,Bekir Uzunoğlu,6
Sol Parti,solparti,Trabzon,trabzon,Trabzon,3,Veysel Çolak,6
Sol Parti,solparti,Trabzon,trabzon,Trabzon,4,Tahsin Civelek,6
Sol Parti,solparti,Trabzon,trabzon,Trabzon,5,Aydın Beker,6
Sol Parti,solparti,Trabzon,trabzon,Trabzon,6,Mehmet Akcelep,6
TİP,tip,Trabzon,trabzon,Trabzon,1,Süleyman Hacıbektaşoğlu,6
TİP,tip,Trabzon,trabzon,Trabzon,2,Yavuz Kaynar,6
TİP,tip,Trabzon,trabzon,Trabzon,3,Ömür Özdemir,6
TİP,tip,Trabzon,trabzon,Trabzon,4,Emine Spor,6
TİP,tip,Trabzon,trabzon,Trabzon,5,Asil Madenli,6
TİP,tip,Trabzon,trabzon,Trabzon,6,Kemal Bakırcı,6
TKH,tkh,Trabzon,trabzon,Trabzon,1,Yahya Oskay,6
TKH,tkh,Trabzon,trabzon,Trabzon,2,Erkan Sarı,6
TKH,tkh,Trabzon,trabzon,Trabzon,3,Yusuf Furkan Tekin,6
TKH,tkh,Trabzon,trabzon,Trabzon,4,Gizem Kurtyiğit,6
TKH,tkh,Trabzon,trabzon,Trabzon,5,Eren Özen,6
TKH,tkh,Trabzon,trabzon,Trabzon,6,Sinan Demir,6
TKP,tkp,Trabzon,trabzon,Trabzon,1,Ahmet Birinci,6
TKP,tkp,Trabzon,trabzon,Trabzon,2,Metehan Karakaya,6
TKP,tkp,Trabzon,trabzon,Trabzon,3,Özgür Murat Büyük,6
TKP,tkp,Trabzon,trabzon,Trabzon,4,Rıdvan Murat Gökay,6
TKP,tkp,Trabzon,trabzon,Trabzon,5,Serime Karataş,6
TKP,tkp,Trabzon,trabzon,Trabzon,6,Sevda Kıran,6
Vatan,vatanpartisi,Trabzon,trabzon,Trabzon,1,Osman Nuri Saral,6
Vatan,vatanpartisi,Trabzon,trabzon,Trabzon,2,İsmail Çil,6
Vatan,vatanpartisi,Trabzon,trabzon,Trabzon,3,Yılmaz Gürsoy,6
Vatan,vatanpartisi,Trabzon,trabzon,Trabzon,4,Harun Bülbül,6
Vatan,vatanpartisi,Trabzon,trabzon,Trabzon,5,Nihat Sağır,6
Vatan,vatanpartisi,Trabzon,trabzon,Trabzon,6,Ali Bayraktar,6
Y.Refah,yenidenrefah,Trabzon,trabzon,Trabzon,1,Süleyman Pulat,6
Y.Refah,yenidenrefah,Trabzon,trabzon,Trabzon,2,Mustafa Durmuş,6
Y.Refah,yenidenrefah,Trabzon,trabzon,Trabzon,3,Abdulkerim Karaca,6
Y.Refah,yenidenrefah,Trabzon,trabzon,Trabzon,4,Emin Menşur,6
Y.Refah,yenidenrefah,Trabzon,trabzon,Trabzon,5,Gökhan Şahin,6
Y.Refah,yenidenrefah,Trabzon,trabzon,Trabzon,6,Tuba Bilgin,6
Y.Sol Parti,yesilsolparti,Trabzon,trabzon,Trabzon,1,Fatma Biçer,6
Y.Sol Parti,yesilsolparti,Trabzon,trabzon,Trabzon,2,Abdul Özcan,6
Y.Sol Parti,yesilsolparti,Trabzon,trabzon,Trabzon,3,Hanife Sever,6
Y.Sol Parti,yesilsolparti,Trabzon,trabzon,Trabzon,4,İbrahim Baykan,6
Y.Sol Parti,yesilsolparti,Trabzon,trabzon,Trabzon,5,Nurettin Karadeniz,6
Y.Sol Parti,yesilsolparti,Trabzon,trabzon,Trabzon,6,İsmail Cavga,6
YP,yp,Trabzon,trabzon,Trabzon,1,Özcan Aydınlı,6
YP,yp,Trabzon,trabzon,Trabzon,2,Can Aras Yazıcı,6
YP,yp,Trabzon,trabzon,Trabzon,3,Ali Kemal Aydın,6
YP,yp,Trabzon,trabzon,Trabzon,4,Ahmet Doğan,6
YP,yp,Trabzon,trabzon,Trabzon,5,Burhan Ongür,6
YP,yp,Trabzon,trabzon,Trabzon,6,Bora Alkaç,6
Zafer,zaferpartisi,Trabzon,trabzon,Trabzon,1,Buğra Çetinkaya,6
Zafer,zaferpartisi,Trabzon,trabzon,Trabzon,2,Havva Lakutoğlu,6
Zafer,zaferpartisi,Trabzon,trabzon,Trabzon,3,Atahan Tellioğlu,6
Zafer,zaferpartisi,Trabzon,trabzon,Trabzon,4,Taha Eren Eyüpoğlu,6
Zafer,zaferpartisi,Trabzon,trabzon,Trabzon,5,Bilal Malkoç,6
Zafer,zaferpartisi,Trabzon,trabzon,Trabzon,6,Emin Yaşar,6
Adalet,ap,Tunceli,tunceli,Tunceli,1,Hıdır Açıkbaş,1
AK Parti,akparti,Tunceli,tunceli,Tunceli,1,Hakan Özer,1
ANAP,anap,Tunceli,tunceli,Tunceli,1,Erdoğan Sarı,1
BBP,bbp,Tunceli,tunceli,Tunceli,1,Durmuş Boztuğ,1
CHP,chp,Tunceli,tunceli,Tunceli,1,Hüsniye Karakoyun,1
GBP,gbp,Tunceli,tunceli,Tunceli,1,Aslı Hızır,1
Genç Parti,gencparti,Tunceli,tunceli,Tunceli,1,Hasan Palancı,1
HAK-PAR,hakpar,Tunceli,tunceli,Tunceli,1,Aydın Özatlı,1
HKP,hkp,Tunceli,tunceli,Tunceli,1,Ali Mehdi Dönmez,1
İyi Parti,iyiparti,Tunceli,tunceli,Tunceli,1,Rozan Ali Fayık,1
Memleket,memleket,Tunceli,tunceli,Tunceli,1,Hıdır Sarıbuğa,1
MHP,mhp,Tunceli,tunceli,Tunceli,1,Nilgün Dalkılıç,1
MİLLET,millet,Tunceli,tunceli,Tunceli,1,Hasan Dursun,1
Milli Yol,milliyol,Tunceli,tunceli,Tunceli,1,Halil Hakan Erçelebi,1
Sol Parti,solparti,Tunceli,tunceli,Tunceli,1,Oktay Evsen,1
TKH,tkh,Tunceli,tunceli,Tunceli,1,Yaşar Yamaç,1
TKP,tkp,Tunceli,tunceli,Tunceli,1,Celal Ateş,1
Vatan,vatanpartisi,Tunceli,tunceli,Tunceli,1,Hasan Yıldız,1
Y.Refah,yenidenrefah,Tunceli,tunceli,Tunceli,1,Ayşe Fırat,1
Y.Sol Parti,yesilsolparti,Tunceli,tunceli,Tunceli,1,Ayten Kordu,1
YP,yp,Tunceli,tunceli,Tunceli,1,Ali Hıdır Dinçer,1
AB,ab,Uşak,usak,Uşak,1,Arzu Yılmaz,3
AB,ab,Uşak,usak,Uşak,2,Hüseyin Eren Güveli,3
AB,ab,Uşak,usak,Uşak,3,Mustafa Malkoç,3
Adalet,ap,Uşak,usak,Uşak,1,Gürkan Tan,3
Adalet,ap,Uşak,usak,Uşak,2,Onur Emre,3
Adalet,ap,Uşak,usak,Uşak,3,Şilan Tanay,3
AK Parti,akparti,Uşak,usak,Uşak,1,İsmail Güneş,3
AK Parti,akparti,Uşak,usak,Uşak,2,Fahrettin Tuğrul,3
AK Parti,akparti,Uşak,usak,Uşak,3,Hilal Sabancı,3
ANAP,anap,Uşak,usak,Uşak,1,Uzay Sümbül,3
ANAP,anap,Uşak,usak,Uşak,2,Mehmet Yağız Koral,3
ANAP,anap,Uşak,usak,Uşak,3,Umut Gürsoy,3
BBP,bbp,Uşak,usak,Uşak,1,Remzi Özen,3
BBP,bbp,Uşak,usak,Uşak,2,Hüseyin Kazım Kırsakal,3
BBP,bbp,Uşak,usak,Uşak,3,Merthan Yeşilmenderes,3
CHP,chp,Uşak,usak,Uşak,1,Ali Karaoba,3
CHP,chp,Uşak,usak,Uşak,2,İsmet Akın,3
CHP,chp,Uşak,usak,Uşak,3,Sevinç Yazgan,3
Genç Parti,gencparti,Uşak,usak,Uşak,1,Ahmet Yıldız,3
Genç Parti,gencparti,Uşak,usak,Uşak,2,Hüseyin Emre Kahya,3
Genç Parti,gencparti,Uşak,usak,Uşak,3,Yaşar Eşal,3
HAK-PAR,hakpar,Uşak,usak,Uşak,1,Yusuf Demir,3
HAK-PAR,hakpar,Uşak,usak,Uşak,2,Muhammed İpek,3
HAK-PAR,hakpar,Uşak,usak,Uşak,3,Rohat Çetinkaya,3
HKP,hkp,Uşak,usak,Uşak,1,Süleyman Koca,3
HKP,hkp,Uşak,usak,Uşak,2,Gülhayat Göksal,3
HKP,hkp,Uşak,usak,Uşak,3,Mert Efe Sarıyer,3
İyi Parti,iyiparti,Uşak,usak,Uşak,1,Muhammet Gür,3
İyi Parti,iyiparti,Uşak,usak,Uşak,2,Dalyan Özdemir,3
İyi Parti,iyiparti,Uşak,usak,Uşak,3,Tolga Pirinçci,3
Memleket,memleket,Uşak,usak,Uşak,1,Ferdi Özdemir,3
Memleket,memleket,Uşak,usak,Uşak,2,Hüseyin Çelebi,3
Memleket,memleket,Uşak,usak,Uşak,3,Gamze Yiğit,3
MHP,mhp,Uşak,usak,Uşak,1,Ayhan Kınden,3
MHP,mhp,Uşak,usak,Uşak,2,Oğuz Çakmak,3
MHP,mhp,Uşak,usak,Uşak,3,Muzaffer Sait Dönmez,3
MİLLET,millet,Uşak,usak,Uşak,1,Enver Türkmen,3
MİLLET,millet,Uşak,usak,Uşak,2,Aykut Karaçay,3
MİLLET,millet,Uşak,usak,Uşak,3,Safiye Çatal,3
Sol Parti,solparti,Uşak,usak,Uşak,1,Orhan Yanar,3
Sol Parti,solparti,Uşak,usak,Uşak,2,İsmail Ertürk,3
Sol Parti,solparti,Uşak,usak,Uşak,3,Hüseyin Dağıstanlı,3
TİP,tip,Uşak,usak,Uşak,1,Ayşe Devrim Oğur,3
TİP,tip,Uşak,usak,Uşak,2,Önder Akar,3
TİP,tip,Uşak,usak,Uşak,3,Akın Mete,3
TKH,tkh,Uşak,usak,Uşak,1,Salih Talay,3
TKH,tkh,Uşak,usak,Uşak,2,Ahmet Özgür Kalkan,3
TKH,tkh,Uşak,usak,Uşak,3,Sidar Zeynel Denizhan,3
TKP,tkp,Uşak,usak,Uşak,1,Tuğba Çekici,3
TKP,tkp,Uşak,usak,Uşak,2,Erhan Evran,3
TKP,tkp,Uşak,usak,Uşak,3,Onur Varmaz,3
Vatan,vatanpartisi,Uşak,usak,Uşak,1,Hasan Öktem,3
Vatan,vatanpartisi,Uşak,usak,Uşak,2,Kadir Altunkaya,3
Vatan,vatanpartisi,Uşak,usak,Uşak,3,Bülent Gürcan,3
Y.Refah,yenidenrefah,Uşak,usak,Uşak,1,Erdoğan Çiloğlu,3
Y.Refah,yenidenrefah,Uşak,usak,Uşak,2,Mehmet Halil Arslan,3
Y.Refah,yenidenrefah,Uşak,usak,Uşak,3,Hüseyin Erdem,3
Y.Sol Parti,yesilsolparti,Uşak,usak,Uşak,1,Ahmet Yılmaz,3
Y.Sol Parti,yesilsolparti,Uşak,usak,Uşak,2,Aysu Topal,3
Y.Sol Parti,yesilsolparti,Uşak,usak,Uşak,3,Ünal Şeref,3
Zafer,zaferpartisi,Uşak,usak,Uşak,1,Meriç Uzunoğlu,3
Zafer,zaferpartisi,Uşak,usak,Uşak,2,Meltem Aydoğan,3
Zafer,zaferpartisi,Uşak,usak,Uşak,3,Eren Kahya,3
AK Parti,akparti,Van,van,Van,1,Burhan Kayatürk,8
AK Parti,akparti,Van,van,Van,2,Kayhan Türkmenoğlu,8
AK Parti,akparti,Van,van,Van,3,Abdulahat Arvas,8
AK Parti,akparti,Van,van,Van,4,Azad Kartal,8
AK Parti,akparti,Van,van,Van,5,Selma Biçek,8
AK Parti,akparti,Van,van,Van,6,Muhammed Çalağan,8
AK Parti,akparti,Van,van,Van,7,Ömer Faruk Karakurt,8
AK Parti,akparti,Van,van,Van,8,Muhammed Affan Orhan,8
Bağımsız,bagimsiz,Van,van,Van,1,Nazif Çetin,8
Bağımsız,bagimsiz,Van,van,Van,2,İdris Ahi,8
Bağımsız,bagimsiz,Van,van,Van,3,Güven Turgul,8
Bağımsız,bagimsiz,Van,van,Van,4,Zafer Şahin,8
BBP,bbp,Van,van,Van,1,Muhammed Nur Kaya,8
BBP,bbp,Van,van,Van,2,Metin Kaya,8
BBP,bbp,Van,van,Van,3,Ümmügülsüm Tezel,8
BBP,bbp,Van,van,Van,4,Kazım Varçin,8
BBP,bbp,Van,van,Van,5,Turgut Güleşce,8
BBP,bbp,Van,van,Van,6,Muhammed Elenür,8
BBP,bbp,Van,van,Van,7,Volkan Ertosun,8
BBP,bbp,Van,van,Van,8,Cebrail Kaya,8
CHP,chp,Van,van,Van,1,Seracettin Bedirhanoğlu,8
CHP,chp,Van,van,Van,2,Ercan Çiçek,8
CHP,chp,Van,van,Van,3,Aziz Örek,8
CHP,chp,Van,van,Van,4,Muhlis Orhan,8
CHP,chp,Van,van,Van,5,Meral Ayhan,8
CHP,chp,Van,van,Van,6,Nurten Taş,8
CHP,chp,Van,van,Van,7,Süleyman Kuşman,8
CHP,chp,Van,van,Van,8,Mehmet Kaval,8
HAK-PAR,hakpar,Van,van,Van,1,Abdulmenaf Kıran,8
HAK-PAR,hakpar,Van,van,Van,2,Zeynep Saribulak,8
HAK-PAR,hakpar,Van,van,Van,3,Harun Bayram,8
HAK-PAR,hakpar,Van,van,Van,4,Mehmet Sait Hocaoğlu,8
HAK-PAR,hakpar,Van,van,Van,5,Minevver Kılıç,8
HAK-PAR,hakpar,Van,van,Van,6,Aydın Ukay,8
HAK-PAR,hakpar,Van,van,Van,7,Muhammed Haşim Şahoğlu,8
HAK-PAR,hakpar,Van,van,Van,8,Lezgin Duman,8
HKP,hkp,Van,van,Van,1,Beyaz Çatlı,8
HKP,hkp,Van,van,Van,2,Yakup Efe,8
HKP,hkp,Van,van,Van,3,Mehmet Fatih Bulut,8
HKP,hkp,Van,van,Van,4,Vedat Görgün,8
HKP,hkp,Van,van,Van,5,Hasan Takolar,8
HKP,hkp,Van,van,Van,6,Berna Şekercioğlu,8
HKP,hkp,Van,van,Van,7,Cemile Yılan,8
HKP,hkp,Van,van,Van,8,Uğur Ünlü,8
Memleket,memleket,Van,van,Van,1,Haluk Terzioğlu,8
Memleket,memleket,Van,van,Van,2,Mehmet Veysi Metin,8
Memleket,memleket,Van,van,Van,3,Hidayet Erdoğan,8
Memleket,memleket,Van,van,Van,4,Nevzat Koç,8
Memleket,memleket,Van,van,Van,5,Yunus Acar,8
Memleket,memleket,Van,van,Van,6,Azmi Ertek,8
Memleket,memleket,Van,van,Van,7,Cengiz Durğun,8
Memleket,memleket,Van,van,Van,8,Emircan Avcı,8
MHP,mhp,Van,van,Van,1,Yahya Cancan,8
MHP,mhp,Van,van,Van,2,Ayhan Kahraman,8
MHP,mhp,Van,van,Van,3,Fatih Şahin,8
MHP,mhp,Van,van,Van,4,Abdulselam Arvas,8
MHP,mhp,Van,van,Van,5,Sunullah Keleş,8
MHP,mhp,Van,van,Van,6,Abdulhakan Üçdal,8
MHP,mhp,Van,van,Van,7,Abdulaziz Gülbay,8
MHP,mhp,Van,van,Van,8,Serpil Alan Taşkıran,8
MİLLET,millet,Van,van,Van,1,Mustafa Göktekin,8
MİLLET,millet,Van,van,Van,2,Gülsüm Nacar,8
MİLLET,millet,Van,van,Van,3,İbrahim Çavuş,8
MİLLET,millet,Van,van,Van,4,Ali Özsarı,8
MİLLET,millet,Van,van,Van,5,Yusuf Arslan,8
MİLLET,millet,Van,van,Van,6,Kadir Çetin,8
MİLLET,millet,Van,van,Van,7,İhsan Uygun,8
MİLLET,millet,Van,van,Van,8,İsmail Hakkı Sağlam,8
Milli Yol,milliyol,Van,van,Van,1,Sinan Bilgili,8
Milli Yol,milliyol,Van,van,Van,2,Remzi Tokmak,8
Milli Yol,milliyol,Van,van,Van,3,Melek Bilgili,8
Milli Yol,milliyol,Van,van,Van,4,Firdevs Bilgili,8
Milli Yol,milliyol,Van,van,Van,5,Ömer Aldağ,8
Milli Yol,milliyol,Van,van,Van,6,Ali Bayraktutan,8
Milli Yol,milliyol,Van,van,Van,7,Serkan Bayraktutan,8
Milli Yol,milliyol,Van,van,Van,8,Emrah Tokmak,8
Sol Parti,solparti,Van,van,Van,1,Murat Budak,8
Sol Parti,solparti,Van,van,Van,2,Cemal Çoşkun,8
Sol Parti,solparti,Van,van,Van,3,Orçun Karacaduralıoğlu,8
Sol Parti,solparti,Van,van,Van,4,Enver Özböler,8
Sol Parti,solparti,Van,van,Van,5,Önder Al,8
Sol Parti,solparti,Van,van,Van,6,Mahir Doğan,8
Sol Parti,solparti,Van,van,Van,7,Ahmet Ulaş Öztürk,8
Sol Parti,solparti,Van,van,Van,8,Mustafa Vedat Sevim,8
TKH,tkh,Van,van,Van,1,Ahmet Kamil Tekerek,8
TKH,tkh,Van,van,Van,2,Yüksel Doğanay,8
TKH,tkh,Van,van,Van,3,Rohiv Arpak,8
TKH,tkh,Van,van,Van,4,Azmi İhsanoğlu,8
TKH,tkh,Van,van,Van,5,Mir Arjen Sansur,8
TKH,tkh,Van,van,Van,6,Volkan Altaş,8
TKH,tkh,Van,van,Van,7,Servet Fidan,8
TKH,tkh,Van,van,Van,8,Kadir Usta,8
TKP,tkp,Van,van,Van,1,Zafer Barlık,8
TKP,tkp,Van,van,Van,2,Sinan Ekinci,8
TKP,tkp,Van,van,Van,3,Baran Etik,8
TKP,tkp,Van,van,Van,4,Burak Aktaş,8
TKP,tkp,Van,van,Van,5,Nurgül Demiray,8
TKP,tkp,Van,van,Van,6,Nazlı Fırat Yılmaz,8
TKP,tkp,Van,van,Van,7,Onur Yılmaz,8
TKP,tkp,Van,van,Van,8,Banu Yıldırım,8
Vatan,vatanpartisi,Van,van,Van,1,Akile Çevik,8
Vatan,vatanpartisi,Van,van,Van,2,Adem Bayram,8
Vatan,vatanpartisi,Van,van,Van,3,Mehmet Kaan Türkoğlu,8
Vatan,vatanpartisi,Van,van,Van,4,Muhammet Tekin,8
Vatan,vatanpartisi,Van,van,Van,5,Halil Halit Toker,8
Vatan,vatanpartisi,Van,van,Van,6,Uğur Şimşek,8
Vatan,vatanpartisi,Van,van,Van,7,Seyhan Taşdemir,8
Vatan,vatanpartisi,Van,van,Van,8,Habip Pülat,8
Y.Refah,yenidenrefah,Van,van,Van,1,Kamil Yavuzer,8
Y.Refah,yenidenrefah,Van,van,Van,2,Yakup Demir,8
Y.Refah,yenidenrefah,Van,van,Van,3,Ali Şahin,8
Y.Refah,yenidenrefah,Van,van,Van,4,Mehmet Şahin,8
Y.Refah,yenidenrefah,Van,van,Van,5,Aydın Çiçek,8
Y.Refah,yenidenrefah,Van,van,Van,6,Murat Ergin,8
Y.Refah,yenidenrefah,Van,van,Van,7,İzzet Başkurt,8
Y.Refah,yenidenrefah,Van,van,Van,8,Nevzat Ataş,8
Y.Sol Parti,yesilsolparti,Van,van,Van,1,Pervin Buldan,8
Y.Sol Parti,yesilsolparti,Van,van,Van,2,Zülküf Uçar,8
Y.Sol Parti,yesilsolparti,Van,van,Van,3,Gülcan Kaçmaz Sayyiğit,8
Y.Sol Parti,yesilsolparti,Van,van,Van,4,Sinan Çiftyürek,8
Y.Sol Parti,yesilsolparti,Van,van,Van,5,Gülderen Varli,8
Y.Sol Parti,yesilsolparti,Van,van,Van,6,Mahmut Dindar,8
Y.Sol Parti,yesilsolparti,Van,van,Van,7,Havin Kiye,8
Y.Sol Parti,yesilsolparti,Van,van,Van,8,Taylan Ertaş,8
Zafer,zaferpartisi,Van,van,Van,1,Fuat Yavrutürk,8
Zafer,zaferpartisi,Van,van,Van,2,Fatma Melike Karaaslan Yılmaz,8
Zafer,zaferpartisi,Van,van,Van,3,Cevriye Yavuz,8
Zafer,zaferpartisi,Van,van,Van,4,Mehmet Emin Özbey,8
Zafer,zaferpartisi,Van,van,Van,5,Mert Osman Sürmen,8
Zafer,zaferpartisi,Van,van,Van,6,Bünyamin Turna,8
Zafer,zaferpartisi,Van,van,Van,7,Utku Tunahan Nasırlıoğlu,8
Zafer,zaferpartisi,Van,van,Van,8,Mehmet Oğuz Turan,8
AB,ab,Yalova,yalova,Yalova,1,Sabri Ceylan,3
AB,ab,Yalova,yalova,Yalova,2,Halit Aktı,3
AB,ab,Yalova,yalova,Yalova,3,Muhammed Fırat Sabuncu,3
Adalet,ap,Yalova,yalova,Yalova,1,Ercan Canpolat,3
Adalet,ap,Yalova,yalova,Yalova,2,Süleyman Desovalı,3
Adalet,ap,Yalova,yalova,Yalova,3,Hakan Savuk,3
AK Parti,akparti,Yalova,yalova,Yalova,1,Ahmet Büyükgümüş,3
AK Parti,akparti,Yalova,yalova,Yalova,2,Meliha Akyol,3
AK Parti,akparti,Yalova,yalova,Yalova,3,Erhan Dede,3
ANAP,anap,Yalova,yalova,Yalova,1,Önder Beşe,3
ANAP,anap,Yalova,yalova,Yalova,2,Hüseyin Metin Demirağ,3
ANAP,anap,Yalova,yalova,Yalova,3,Mehmet Cihan Demir,3
BBP,bbp,Yalova,yalova,Yalova,1,Fikri Danayiyen,3
BBP,bbp,Yalova,yalova,Yalova,2,Uğur Kara,3
BBP,bbp,Yalova,yalova,Yalova,3,Ahmet Kayıkcı,3
CHP,chp,Yalova,yalova,Yalova,1,Tahsin Becan,3
CHP,chp,Yalova,yalova,Yalova,2,Mehmet Gürel,3
CHP,chp,Yalova,yalova,Yalova,3,Yasemin Fazlaca,3
GBP,gbp,Yalova,yalova,Yalova,1,Gülşah Gürbilek,3
GBP,gbp,Yalova,yalova,Yalova,2,Mehmet Akif Çelik,3
GBP,gbp,Yalova,yalova,Yalova,3,Mesut Yolcu,3
Genç Parti,gencparti,Yalova,yalova,Yalova,1,Berkan Soytan,3
Genç Parti,gencparti,Yalova,yalova,Yalova,2,Burak Mert Angün,3
Genç Parti,gencparti,Yalova,yalova,Yalova,3,Tuğçe Köse,3
HAK-PAR,hakpar,Yalova,yalova,Yalova,1,Sıddıka Akçan,3
HAK-PAR,hakpar,Yalova,yalova,Yalova,2,Mehmet Selahiddin Akti,3
HAK-PAR,hakpar,Yalova,yalova,Yalova,3,Enver Kansu,3
HKP,hkp,Yalova,yalova,Yalova,1,Hacer Efe,3
HKP,hkp,Yalova,yalova,Yalova,2,Tayfur Bin,3
HKP,hkp,Yalova,yalova,Yalova,3,Elif Ceren Çınğı Olkun,3
İyi Parti,iyiparti,Yalova,yalova,Yalova,1,Ayhan Küçük,3
İyi Parti,iyiparti,Yalova,yalova,Yalova,2,Ersin Akyüz,3
İyi Parti,iyiparti,Yalova,yalova,Yalova,3,Nilgün Turan Haybek,3
Memleket,memleket,Yalova,yalova,Yalova,1,Ertan Şener,3
Memleket,memleket,Yalova,yalova,Yalova,2,Fatih Elönü,3
Memleket,memleket,Yalova,yalova,Yalova,3,Barış Emre Eş,3
MHP,mhp,Yalova,yalova,Yalova,1,Namık Öz,3
MHP,mhp,Yalova,yalova,Yalova,2,Cemil Tanrıkulu,3
MHP,mhp,Yalova,yalova,Yalova,3,Erkan Akçal,3
MİLLET,millet,Yalova,yalova,Yalova,1,Bilal Aydın,3
MİLLET,millet,Yalova,yalova,Yalova,2,Meral Atlıakın,3
MİLLET,millet,Yalova,yalova,Yalova,3,Mehmet Bayrak,3
Milli Yol,milliyol,Yalova,yalova,Yalova,1,Fırat Öztaş,3
Milli Yol,milliyol,Yalova,yalova,Yalova,2,Serkan Yildırım,3
Milli Yol,milliyol,Yalova,yalova,Yalova,3,İsmail Tekdemir,3
Sol Parti,solparti,Yalova,yalova,Yalova,1,Zafer Köse,3
Sol Parti,solparti,Yalova,yalova,Yalova,2,Buket Avci Güler,3
Sol Parti,solparti,Yalova,yalova,Yalova,3,Anıl Ar,3
TİP,tip,Yalova,yalova,Yalova,1,Buket Çınar Gelir,3
TİP,tip,Yalova,yalova,Yalova,2,Emrah Kazdal,3
TİP,tip,Yalova,yalova,Yalova,3,Burkay Hasdemir,3
TKH,tkh,Yalova,yalova,Yalova,1,Birsen Sünter,3
TKH,tkh,Yalova,yalova,Yalova,2,Zeki Yiğit Ural,3
TKH,tkh,Yalova,yalova,Yalova,3,Hamdi Kadir Hamdioğlu,3
TKP,tkp,Yalova,yalova,Yalova,1,Vahit Atam,3
TKP,tkp,Yalova,yalova,Yalova,2,Hülya Yıldız,3
TKP,tkp,Yalova,yalova,Yalova,3,Göktuğ Eröztürk,3
Vatan,vatanpartisi,Yalova,yalova,Yalova,1,Mustafa Lütfi Bal,3
Vatan,vatanpartisi,Yalova,yalova,Yalova,2,Şenel Bilgin,3
Vatan,vatanpartisi,Yalova,yalova,Yalova,3,Mustafa Sevük,3
Y.Refah,yenidenrefah,Yalova,yalova,Yalova,1,Abdullah Zeki Ercan,3
Y.Refah,yenidenrefah,Yalova,yalova,Yalova,2,Sezai Demir,3
Y.Refah,yenidenrefah,Yalova,yalova,Yalova,3,Erkan Pelitoğlu,3
Y.Sol Parti,yesilsolparti,Yalova,yalova,Yalova,1,Tuncay Turanlı,3
Y.Sol Parti,yesilsolparti,Yalova,yalova,Yalova,2,Türkan Aslan,3
Y.Sol Parti,yesilsolparti,Yalova,yalova,Yalova,3,Abdurrahman Apak,3
YP,yp,Yalova,yalova,Yalova,1,Serdar Akça,3
YP,yp,Yalova,yalova,Yalova,2,Beyza Çapar,3
YP,yp,Yalova,yalova,Yalova,3,Nebi Güral,3
Zafer,zaferpartisi,Yalova,yalova,Yalova,1,Ersin Doğan,3
Zafer,zaferpartisi,Yalova,yalova,Yalova,2,Hakan Tamer Soygül,3
Zafer,zaferpartisi,Yalova,yalova,Yalova,3,İlkim Gökşin,3
AK Parti,akparti,Yozgat,yozgat,Yozgat,1,Abdulkadir Akgül,4
AK Parti,akparti,Yozgat,yozgat,Yozgat,2,Süleyman Şahan,4
AK Parti,akparti,Yozgat,yozgat,Yozgat,3,İskender Minar,4
AK Parti,akparti,Yozgat,yozgat,Yozgat,4,Yusuf İbiş,4
ANAP,anap,Yozgat,yozgat,Yozgat,1,Pınar Ünal,4
ANAP,anap,Yozgat,yozgat,Yozgat,2,Nurseda Mangalcı,4
ANAP,anap,Yozgat,yozgat,Yozgat,3,Serkan Çetinkaya,4
ANAP,anap,Yozgat,yozgat,Yozgat,4,Rukiye Çelik,4
BBP,bbp,Yozgat,yozgat,Yozgat,1,Mustafa Çıtak,4
BBP,bbp,Yozgat,yozgat,Yozgat,2,Cansu Çiftci,4
BBP,bbp,Yozgat,yozgat,Yozgat,3,Veli Şahin,4
BBP,bbp,Yozgat,yozgat,Yozgat,4,Fatih Koçer,4
Genç Parti,gencparti,Yozgat,yozgat,Yozgat,1,Selami Karagöz,4
Genç Parti,gencparti,Yozgat,yozgat,Yozgat,2,Seydo Sansar,4
Genç Parti,gencparti,Yozgat,yozgat,Yozgat,3,Zekeriya Başaran,4
Genç Parti,gencparti,Yozgat,yozgat,Yozgat,4,Oğulcan Hazer,4
HAK-PAR,hakpar,Yozgat,yozgat,Yozgat,1,Sevda Tektekin,4
HAK-PAR,hakpar,Yozgat,yozgat,Yozgat,2,Rafet Özdemir,4
HAK-PAR,hakpar,Yozgat,yozgat,Yozgat,3,Hüseyin Işık,4
HAK-PAR,hakpar,Yozgat,yozgat,Yozgat,4,Mehmet Koç,4
HKP,hkp,Yozgat,yozgat,Yozgat,1,Belgüzar Taşdemir,4
HKP,hkp,Yozgat,yozgat,Yozgat,2,Burcu Adeka Kalkan,4
HKP,hkp,Yozgat,yozgat,Yozgat,3,Duran Kırkgöz,4
HKP,hkp,Yozgat,yozgat,Yozgat,4,Mehmet Ali Kılıç,4
İyi Parti,iyiparti,Yozgat,yozgat,Yozgat,1,Lütfullah Kayalar,4
İyi Parti,iyiparti,Yozgat,yozgat,Yozgat,2,Ali Keven,4
İyi Parti,iyiparti,Yozgat,yozgat,Yozgat,3,İsmail Yılmaz,4
İyi Parti,iyiparti,Yozgat,yozgat,Yozgat,4,Nafiye Balçık,4
Memleket,memleket,Yozgat,yozgat,Yozgat,1,Merve Seval Aydemir,4
Memleket,memleket,Yozgat,yozgat,Yozgat,2,Erman Kocaer,4
Memleket,memleket,Yozgat,yozgat,Yozgat,3,Sema Köseoğlu,4
Memleket,memleket,Yozgat,yozgat,Yozgat,4,Murat Gülen,4
MHP,mhp,Yozgat,yozgat,Yozgat,1,İbrahim Ethem Sedef,4
MHP,mhp,Yozgat,yozgat,Yozgat,2,Kazım Ergün,4
MHP,mhp,Yozgat,yozgat,Yozgat,3,Ülkü Yılmaz,4
MHP,mhp,Yozgat,yozgat,Yozgat,4,Sezer Yozgat,4
MİLLET,millet,Yozgat,yozgat,Yozgat,1,İhsan Yüzbaşıoğlu,4
MİLLET,millet,Yozgat,yozgat,Yozgat,2,Ahmet Kızıldağ,4
MİLLET,millet,Yozgat,yozgat,Yozgat,3,Abdullah Güler,4
MİLLET,millet,Yozgat,yozgat,Yozgat,4,Orhan Nefesli,4
Sol Parti,solparti,Yozgat,yozgat,Yozgat,1,Nurçil Soykut,4
Sol Parti,solparti,Yozgat,yozgat,Yozgat,2,Selçuk Sarıdoğan,4
Sol Parti,solparti,Yozgat,yozgat,Yozgat,3,Yılmaz Eren,4
Sol Parti,solparti,Yozgat,yozgat,Yozgat,4,Eren Şahiner,4
TİP,tip,Yozgat,yozgat,Yozgat,1,Aslı Yapar Şaktanlı,4
TİP,tip,Yozgat,yozgat,Yozgat,2,Bekir Zafer İlken,4
TİP,tip,Yozgat,yozgat,Yozgat,3,Aslı Şimşek,4
TİP,tip,Yozgat,yozgat,Yozgat,4,Köksal Kaplan,4
TKH,tkh,Yozgat,yozgat,Yozgat,1,Haydar Ali Aybirdi,4
TKH,tkh,Yozgat,yozgat,Yozgat,2,Mahmut Tütüncü,4
TKH,tkh,Yozgat,yozgat,Yozgat,3,Burak Hanbeyoğlu,4
TKH,tkh,Yozgat,yozgat,Yozgat,4,Dilara Kara,4
TKP,tkp,Yozgat,yozgat,Yozgat,1,Erhan Altınkaynak,4
TKP,tkp,Yozgat,yozgat,Yozgat,2,Aybüke Kara,4
TKP,tkp,Yozgat,yozgat,Yozgat,3,Bilal Akyüz,4
TKP,tkp,Yozgat,yozgat,Yozgat,4,Azmi Akbaş,4
Vatan,vatanpartisi,Yozgat,yozgat,Yozgat,1,Hasan Aslan Nurdoğdu,4
Vatan,vatanpartisi,Yozgat,yozgat,Yozgat,2,Orhan Nuri Korkmaz,4
Vatan,vatanpartisi,Yozgat,yozgat,Yozgat,3,Nurcan Uyar,4
Vatan,vatanpartisi,Yozgat,yozgat,Yozgat,4,Bora Sarıkaya,4
Y.Refah,yenidenrefah,Yozgat,yozgat,Yozgat,1,Nihat Kayhan,4
Y.Refah,yenidenrefah,Yozgat,yozgat,Yozgat,2,Yaşar Demir,4
Y.Refah,yenidenrefah,Yozgat,yozgat,Yozgat,3,Hasan Şahingöz,4
Y.Refah,yenidenrefah,Yozgat,yozgat,Yozgat,4,İlyas Güler,4
Y.Sol Parti,yesilsolparti,Yozgat,yozgat,Yozgat,1,Cemal Bilgin,4
Y.Sol Parti,yesilsolparti,Yozgat,yozgat,Yozgat,2,Kübra Derin,4
Y.Sol Parti,yesilsolparti,Yozgat,yozgat,Yozgat,3,Mehmet Şirin Harhar,4
Y.Sol Parti,yesilsolparti,Yozgat,yozgat,Yozgat,4,Özlem Aydın,4
YP,yp,Yozgat,yozgat,Yozgat,1,Murat Adalan,4
YP,yp,Yozgat,yozgat,Yozgat,2,Elif Aydın,4
YP,yp,Yozgat,yozgat,Yozgat,3,Hacer Dilek Özdemir,4
YP,yp,Yozgat,yozgat,Yozgat,4,Dilek Erdoğan,4
Zafer,zaferpartisi,Yozgat,yozgat,Yozgat,1,Mehmet Hayri Cüneydi,4
Zafer,zaferpartisi,Yozgat,yozgat,Yozgat,2,Zeliha Çevik,4
Zafer,zaferpartisi,Yozgat,yozgat,Yozgat,3,Cafer Yurdakurban,4
Zafer,zaferpartisi,Yozgat,yozgat,Yozgat,4,Tuğrul Şimşek,4
AB,ab,Zonguldak,zonguldak,Zonguldak,1,Sevcan Uzun,5
AB,ab,Zonguldak,zonguldak,Zonguldak,2,Soner Çetin,5
AB,ab,Zonguldak,zonguldak,Zonguldak,3,Kemal Akdoğan,5
AB,ab,Zonguldak,zonguldak,Zonguldak,4,Can Burak Candal,5
AB,ab,Zonguldak,zonguldak,Zonguldak,5,Adnan Aksakal,5
Adalet,ap,Zonguldak,zonguldak,Zonguldak,1,Fatma Ergüzel,5
Adalet,ap,Zonguldak,zonguldak,Zonguldak,2,Ömer Karga,5
Adalet,ap,Zonguldak,zonguldak,Zonguldak,3,Sude Yılmaz,5
Adalet,ap,Zonguldak,zonguldak,Zonguldak,4,Recep Karaman,5
Adalet,ap,Zonguldak,zonguldak,Zonguldak,5,Büşra Sever,5
AK Parti,akparti,Zonguldak,zonguldak,Zonguldak,1,Muammer Avcı,5
AK Parti,akparti,Zonguldak,zonguldak,Zonguldak,2,Saffet Bozkurt,5
AK Parti,akparti,Zonguldak,zonguldak,Zonguldak,3,Ahmet Çolakoğlu,5
AK Parti,akparti,Zonguldak,zonguldak,Zonguldak,4,Nejdet Tıskaoğlu,5
AK Parti,akparti,Zonguldak,zonguldak,Zonguldak,5,Dilek Kaya,5
ANAP,anap,Zonguldak,zonguldak,Zonguldak,1,Meral Yücel,5
ANAP,anap,Zonguldak,zonguldak,Zonguldak,2,Muhammed Yeşilyurt,5
ANAP,anap,Zonguldak,zonguldak,Zonguldak,3,Gündoğan Mazaklı,5
ANAP,anap,Zonguldak,zonguldak,Zonguldak,4,Gökan Çakır,5
ANAP,anap,Zonguldak,zonguldak,Zonguldak,5,Fehmi Dinç,5
Bağımsız,bagimsiz,Zonguldak,zonguldak,Zonguldak,1,Işıl Aksu,5
BBP,bbp,Zonguldak,zonguldak,Zonguldak,1,Hüseyin Uysal,5
BBP,bbp,Zonguldak,zonguldak,Zonguldak,2,Özcan Özdemir,5
BBP,bbp,Zonguldak,zonguldak,Zonguldak,3,Cengiz Konmuş,5
BBP,bbp,Zonguldak,zonguldak,Zonguldak,4,Safa Akman,5
BBP,bbp,Zonguldak,zonguldak,Zonguldak,5,Cihangir Yağız,5
CHP,chp,Zonguldak,zonguldak,Zonguldak,1,Deniz Yavuzyılmaz,5
CHP,chp,Zonguldak,zonguldak,Zonguldak,2,Eylem Ertuğ Ertuğrul,5
CHP,chp,Zonguldak,zonguldak,Zonguldak,3,Doğa Şanlıoğlu,5
CHP,chp,Zonguldak,zonguldak,Zonguldak,4,Merve Kır,5
CHP,chp,Zonguldak,zonguldak,Zonguldak,5,Cemalettin Sağtekin,5
GBP,gbp,Zonguldak,zonguldak,Zonguldak,1,Özkan Çakat,5
GBP,gbp,Zonguldak,zonguldak,Zonguldak,2,Devran Beşikçi,5
GBP,gbp,Zonguldak,zonguldak,Zonguldak,3,Hacer Göllüce,5
GBP,gbp,Zonguldak,zonguldak,Zonguldak,4,Muhammed Murat Yıldırım,5
GBP,gbp,Zonguldak,zonguldak,Zonguldak,5,Hilmi Tunahan Demir,5
Genç Parti,gencparti,Zonguldak,zonguldak,Zonguldak,1,Sibel Güneş,5
Genç Parti,gencparti,Zonguldak,zonguldak,Zonguldak,2,Batuhan Tafracı,5
Genç Parti,gencparti,Zonguldak,zonguldak,Zonguldak,3,Mustafa Gürpınar,5
Genç Parti,gencparti,Zonguldak,zonguldak,Zonguldak,4,Özlem Bayrak,5
Genç Parti,gencparti,Zonguldak,zonguldak,Zonguldak,5,Senem Vardar,5
HAK-PAR,hakpar,Zonguldak,zonguldak,Zonguldak,1,Haluk Agrin,5
HAK-PAR,hakpar,Zonguldak,zonguldak,Zonguldak,2,Pınar Tarhan,5
HAK-PAR,hakpar,Zonguldak,zonguldak,Zonguldak,3,Abdurrahman Kaya,5
HAK-PAR,hakpar,Zonguldak,zonguldak,Zonguldak,4,Hatip Atış,5
HAK-PAR,hakpar,Zonguldak,zonguldak,Zonguldak,5,Zeynel Işık,5
HKP,hkp,Zonguldak,zonguldak,Zonguldak,1,Murat Merdivan,5
HKP,hkp,Zonguldak,zonguldak,Zonguldak,2,Emrah Kara,5
HKP,hkp,Zonguldak,zonguldak,Zonguldak,3,İlyas Taşdemir,5
HKP,hkp,Zonguldak,zonguldak,Zonguldak,4,Fatma Özgen Aşıkoğlu,5
HKP,hkp,Zonguldak,zonguldak,Zonguldak,5,Fayat Erdoğan,5
İyi Parti,iyiparti,Zonguldak,zonguldak,Zonguldak,1,Evrim Balbaloğlu,5
İyi Parti,iyiparti,Zonguldak,zonguldak,Zonguldak,2,Tolga Gören,5
İyi Parti,iyiparti,Zonguldak,zonguldak,Zonguldak,3,Mehmet Batu Müftüoğlu,5
İyi Parti,iyiparti,Zonguldak,zonguldak,Zonguldak,4,Yiğitcan Yıldırım,5
İyi Parti,iyiparti,Zonguldak,zonguldak,Zonguldak,5,Renda Okay,5
Memleket,memleket,Zonguldak,zonguldak,Zonguldak,1,Özkan Yağcı,5
Memleket,memleket,Zonguldak,zonguldak,Zonguldak,2,Mukadder Yalçın,5
Memleket,memleket,Zonguldak,zonguldak,Zonguldak,3,Birkan Ünal,5
Memleket,memleket,Zonguldak,zonguldak,Zonguldak,4,Kenan Karaman,5
Memleket,memleket,Zonguldak,zonguldak,Zonguldak,5,Efecan Sesli,5
MHP,mhp,Zonguldak,zonguldak,Zonguldak,1,Murat Kotra,5
MHP,mhp,Zonguldak,zonguldak,Zonguldak,2,Bayram Bozkurt,5
MHP,mhp,Zonguldak,zonguldak,Zonguldak,3,Özlem Taşkın,5
MHP,mhp,Zonguldak,zonguldak,Zonguldak,4,Engin Sunat,5
MHP,mhp,Zonguldak,zonguldak,Zonguldak,5,Semih Aydın,5
MİLLET,millet,Zonguldak,zonguldak,Zonguldak,1,Ahmet Akyıldız,5
MİLLET,millet,Zonguldak,zonguldak,Zonguldak,2,Sevgül Ketenci,5
MİLLET,millet,Zonguldak,zonguldak,Zonguldak,3,Mithat Kulaksız,5
MİLLET,millet,Zonguldak,zonguldak,Zonguldak,4,Ekrem Ün,5
MİLLET,millet,Zonguldak,zonguldak,Zonguldak,5,Kürşat Altay,5
Sol Parti,solparti,Zonguldak,zonguldak,Zonguldak,1,Döndü Altay,5
Sol Parti,solparti,Zonguldak,zonguldak,Zonguldak,2,Tacettin Erçin,5
Sol Parti,solparti,Zonguldak,zonguldak,Zonguldak,3,Satuk Kadam,5
Sol Parti,solparti,Zonguldak,zonguldak,Zonguldak,4,Kemal Bulut,5
Sol Parti,solparti,Zonguldak,zonguldak,Zonguldak,5,Mustafa Avni Özerkan,5
TİP,tip,Zonguldak,zonguldak,Zonguldak,1,Fatma Kılıçarslan,5
TİP,tip,Zonguldak,zonguldak,Zonguldak,2,Şener Bostancı,5
TİP,tip,Zonguldak,zonguldak,Zonguldak,3,Dilan Gülle,5
TİP,tip,Zonguldak,zonguldak,Zonguldak,4,Türkan Baytekin,5
TİP,tip,Zonguldak,zonguldak,Zonguldak,5,Umur Ozan Şahin,5
TKH,tkh,Zonguldak,zonguldak,Zonguldak,1,Murat Abı,5
TKH,tkh,Zonguldak,zonguldak,Zonguldak,2,Gönül Kızıltan,5
TKH,tkh,Zonguldak,zonguldak,Zonguldak,3,Cengiz Demir,5
TKH,tkh,Zonguldak,zonguldak,Zonguldak,4,Evrim Kaya,5
TKH,tkh,Zonguldak,zonguldak,Zonguldak,5,Özgür Doğan Özkök,5
TKP,tkp,Zonguldak,zonguldak,Zonguldak,1,Övünç Ballı,5
TKP,tkp,Zonguldak,zonguldak,Zonguldak,2,Eşfak Kınık,5
TKP,tkp,Zonguldak,zonguldak,Zonguldak,3,Levent Gök,5
TKP,tkp,Zonguldak,zonguldak,Zonguldak,4,Betül Aydın Baş,5
TKP,tkp,Zonguldak,zonguldak,Zonguldak,5,Ali Üşümezgezer,5
Vatan,vatanpartisi,Zonguldak,zonguldak,Zonguldak,1,Savaş Oruç,5
Vatan,vatanpartisi,Zonguldak,zonguldak,Zonguldak,2,Gökhan Yılmaz,5
Vatan,vatanpartisi,Zonguldak,zonguldak,Zonguldak,3,Hasan Demirkesen,5
Vatan,vatanpartisi,Zonguldak,zonguldak,Zonguldak,4,Birsen Ayaroğlu,5
Vatan,vatanpartisi,Zonguldak,zonguldak,Zonguldak,5,Mehmet Uslubaş,5
Y.Refah,yenidenrefah,Zonguldak,zonguldak,Zonguldak,1,Necdet Sarı,5
Y.Refah,yenidenrefah,Zonguldak,zonguldak,Zonguldak,2,Ahmet Kavaracı,5
Y.Refah,yenidenrefah,Zonguldak,zonguldak,Zonguldak,3,Muhittin Açıkgöz,5
Y.Refah,yenidenrefah,Zonguldak,zonguldak,Zonguldak,4,Yasin Satan,5
Y.Refah,yenidenrefah,Zonguldak,zonguldak,Zonguldak,5,Murat Ayhan,5
Y.Sol Parti,yesilsolparti,Zonguldak,zonguldak,Zonguldak,1,Mehmet Zeki Salmanoğlu,5
Y.Sol Parti,yesilsolparti,Zonguldak,zonguldak,Zonguldak,2,Deniz Topçu,5
Y.Sol Parti,yesilsolparti,Zonguldak,zonguldak,Zonguldak,3,Bayram Sarı,5
Y.Sol Parti,yesilsolparti,Zonguldak,zonguldak,Zonguldak,4,Seyfullah Yılmaz,5
Y.Sol Parti,yesilsolparti,Zonguldak,zonguldak,Zonguldak,5,Hikmet Arslan,5
YP,yp,Zonguldak,zonguldak,Zonguldak,1,Ahmet Dikenli,5
YP,yp,Zonguldak,zonguldak,Zonguldak,2,Tevfik Süllü,5
YP,yp,Zonguldak,zonguldak,Zonguldak,3,Cengizhan Emir,5
YP,yp,Zonguldak,zonguldak,Zonguldak,4,Murat Balcı,5
YP,yp,Zonguldak,zonguldak,Zonguldak,5,Büşra Nergiz Mat,5
Zafer,zaferpartisi,Zonguldak,zonguldak,Zonguldak,1,Oğuzhan Turhan,5
Zafer,zaferpartisi,Zonguldak,zonguldak,Zonguldak,2,Ramazan Aydın,5
Zafer,zaferpartisi,Zonguldak,zonguldak,Zonguldak,3,Nazmiye Doğangaç,5
Zafer,zaferpartisi,Zonguldak,zonguldak,Zonguldak,4,Süleyman Kürşat Akduman,5
Zafer,zaferpartisi,Zonguldak,zonguldak,Zonguldak,5,Mehmet Ali Köymen,5